<?xml version="1.0" encoding="utf-8"?>
<!DOCTYPE GlossaryTerm >
<GlossaryTerm id="CDR0000269427"><TermName>R-flurbiprofen</TermName><TermPronunciation>(… FLOOR-bih-PROH-fen)</TermPronunciation><TermDefinition><DefinitionText>A substance that is being studied as a treatment for cancer. It belongs to the family of drugs called nonsteroidal anti-inflammatory drugs (NSAIDs).</DefinitionText><Dictionary>Cancer.gov</Dictionary><Audience>Patient</Audience></TermDefinition><MediaLink ref="CDR0000731433" type="audio/mpeg" alt="Pronunciation of dictionary term &quot;R-flurbiprofen&quot;" language="en" id="_3"/><MediaLink ref="CDR0000731432" type="audio/mpeg" alt="Pronunciation of dictionary term &quot;R-flurbiprofeno&quot;" language="es" id="_4"/><SpanishTermName>R-flurbiprofeno</SpanishTermName><SpanishTermDefinition><DefinitionText>Sustancia en estudio para el tratamiento del cáncer. Es un tipo de antiinflamatorio no esteroideo (AINE).</DefinitionText><Dictionary>Cancer.gov</Dictionary><Audience>Patient</Audience></SpanishTermDefinition><DateFirstPublished>2002-12-21</DateFirstPublished></GlossaryTerm>
