<?xml version="1.0" encoding="utf-8"?>
<!DOCTYPE GlossaryTerm >
<GlossaryTerm id="CDR0000285942"><TermName>PV701</TermName><TermDefinition><DefinitionText>A virus that is being studied in the treatment of cancer. It belongs to the family of viruses that cause Newcastle disease in birds.</DefinitionText><Dictionary>Cancer.gov</Dictionary><Audience>Patient</Audience></TermDefinition><SpanishTermName>PV701</SpanishTermName><SpanishTermDefinition><DefinitionText>Virus en estudio para el tratamiento del cáncer. Pertenece al tipo de virus que causan la enfermedad de Newcastle en las aves.</DefinitionText><Dictionary>Cancer.gov</Dictionary><Audience>Patient</Audience></SpanishTermDefinition><DateFirstPublished>2003-02-21</DateFirstPublished><DateLastModified>2005-03-02</DateLastModified></GlossaryTerm>
