<?xml version="1.0" encoding="utf-8"?>
<!DOCTYPE GlossaryTerm >
<GlossaryTerm id="CDR0000270728"><TermName>neuro-oncologist</TermName><TermPronunciation>(NOOR-oh-on-KAH-loh-jist)</TermPronunciation><TermDefinition><DefinitionText>A doctor who specializes in diagnosing and treating brain tumors and other tumors of the nervous system.</DefinitionText><Dictionary>Cancer.gov</Dictionary><Audience>Patient</Audience></TermDefinition><MediaLink ref="CDR0000710230" type="audio/mpeg" alt="Pronunciation of dictionary term &quot;neuro-oncologist&quot;" language="en" id="_3"/><MediaLink ref="CDR0000710229" type="audio/mpeg" alt="Pronunciation of dictionary term &quot;neurooncólogo&quot;" language="es" id="_4"/><SpanishTermName>neurooncólogo</SpanishTermName><SpanishTermDefinition><DefinitionText>Médico que se especializa en el diagnóstico y el tratamiento de los tumores del cerebro y otros tumores del sistema nervioso.</DefinitionText><Dictionary>Cancer.gov</Dictionary><Audience>Patient</Audience></SpanishTermDefinition><DateFirstPublished>2003-01-26</DateFirstPublished><DateLastModified>2006-09-30</DateLastModified></GlossaryTerm>
