<?xml version="1.0" encoding="utf-8"?>
<!DOCTYPE GlossaryTerm >
<GlossaryTerm id="CDR0000257211"><TermName>latent</TermName><TermPronunciation>(LAY-tent)</TermPronunciation><TermDefinition><DefinitionText>Describes a condition that is present but not active or causing symptoms.</DefinitionText><Dictionary>Cancer.gov</Dictionary><Audience>Patient</Audience></TermDefinition><MediaLink ref="CDR0000731507" type="audio/mpeg" alt="Pronunciation of dictionary term &quot;latent&quot;" language="en" id="_3"/><MediaLink ref="CDR0000731506" type="audio/mpeg" alt="Pronunciation of dictionary term &quot;latente&quot;" language="es" id="_4"/><SpanishTermName>latente</SpanishTermName><SpanishTermDefinition><DefinitionText>Describe una afección que está presente, pero que no está activa o no causa síntomas.</DefinitionText><Dictionary>Cancer.gov</Dictionary><Audience>Patient</Audience></SpanishTermDefinition></GlossaryTerm>
