<?xml version="1.0" encoding="utf-8"?>
<!DOCTYPE GlossaryTerm >
<GlossaryTerm id="CDR0000270853"><TermName>ataxia-telangiectasia</TermName><TermPronunciation>(uh-TAK-see-uh-teh-LAN-jee-ek-TAY-zhuh)</TermPronunciation><TermDefinition><DefinitionText>A rare, inherited, progressive, degenerative disease of childhood that causes loss of muscle control, a weakened immune system, and an increased risk of cancer.</DefinitionText><Dictionary>Cancer.gov</Dictionary><Audience>Patient</Audience></TermDefinition><MediaLink ref="CDR0000709788" type="audio/mpeg" alt="Pronunciation of dictionary term &quot;ataxia-telangiectasia&quot;" language="en" id="_3"/><MediaLink ref="CDR0000709787" type="audio/mpeg" alt="Pronunciation of dictionary term &quot;ataxia-telangiectasia&quot;" language="es" id="_4"/><SpanishTermName>ataxia-telangiectasia</SpanishTermName><SpanishTermDefinition><DefinitionText>Enfermedad poco frecuente, hereditaria, evolutiva y degenerativa de la niñez que causa la pérdida del control muscular, debilita el sistema inmunitario y aumenta el riesgo de padecer de cáncer.</DefinitionText><Dictionary>Cancer.gov</Dictionary><Audience>Patient</Audience></SpanishTermDefinition><DateFirstPublished>2003-01-26</DateFirstPublished><RelatedInformation><RelatedExternalRef UseWith="en" xref="http://www.cancer.gov/about-cancer/causes-prevention/genetics/ataxia-fact-sheet">Ataxia Telangiectasia</RelatedExternalRef><RelatedExternalRef UseWith="es" xref="http://www.cancer.gov/espanol/cancer/causas-prevencion/genetica/hoja-informativa-ataxia">Ataxia telangiectasia</RelatedExternalRef></RelatedInformation></GlossaryTerm>
