<?xml version="1.0" encoding="utf-8"?>
<!DOCTYPE GlossaryTerm >
<GlossaryTerm id="CDR0000256537"><TermName>fibromatosis</TermName><TermPronunciation>(fy-BROH-muh-TOH-sis)</TermPronunciation><TermDefinition><DefinitionText>A condition in which multiple fibromas develop. Fibromas are tumors (usually benign) that affect connective tissue.</DefinitionText><Dictionary>Cancer.gov</Dictionary><Audience>Patient</Audience></TermDefinition><MediaLink ref="CDR0000709812" type="audio/mpeg" alt="Pronunciation of dictionary term &quot;fibromatosis&quot;" language="en" id="_3"/><MediaLink ref="CDR0000709811" type="audio/mpeg" alt="Pronunciation of dictionary term &quot;fibromatosis&quot;" language="es" id="_4"/><SpanishTermName>fibromatosis</SpanishTermName><SpanishTermDefinition><DefinitionText>Trastorno en el cual se desarrollan varios fibromas. Los fibromas son tumores (por lo general benignos) que afectan el tejido conjuntivo.</DefinitionText><Dictionary>Cancer.gov</Dictionary><Audience>Patient</Audience></SpanishTermDefinition><DateLastModified>2007-05-16</DateLastModified></GlossaryTerm>
