<?xml version="1.0" encoding="utf-8"?>
<!DOCTYPE GlossaryTerm >
<GlossaryTerm id="CDR0000269429"><TermName>UGT1A1</TermName><TermDefinition><DefinitionText>A substance that is being studied as a treatment for cancer. It is an enzyme produced by the liver and intestine.</DefinitionText><Dictionary>Cancer.gov</Dictionary><Audience>Patient</Audience></TermDefinition><SpanishTermName>UGT1A1</SpanishTermName><SpanishTermDefinition><DefinitionText>Sustancia en estudio para el tratamiento del cáncer. Es una enzima producida por el hígado y el intestino.</DefinitionText><Dictionary>Cancer.gov</Dictionary><Audience>Patient</Audience></SpanishTermDefinition><DateFirstPublished>2002-12-21</DateFirstPublished></GlossaryTerm>
