<?xml version="1.0" encoding="utf-8"?>
<!DOCTYPE GlossaryTerm >
<GlossaryTerm id="CDR0000257528"><TermName>supraglottic laryngectomy</TermName><TermPronunciation>(SOO-pruh-GLAH-tik LAYR-in-JEK-toh-mee)</TermPronunciation><TermDefinition><DefinitionText>An operation to remove the supraglottis, which is part of the larynx (voice box) above the vocal cords.</DefinitionText><Dictionary>Cancer.gov</Dictionary><Audience>Patient</Audience></TermDefinition><MediaLink ref="CDR0000710309" type="audio/mpeg" alt="Pronunciation of dictionary term &quot;supraglottic laryngectomy&quot;" language="en" id="_3"/><MediaLink ref="CDR0000710310" type="audio/mpeg" alt="Pronunciation of dictionary term &quot;laringectomía supraglótica&quot;" language="es" id="_4"/><SpanishTermName>laringectomía supraglótica</SpanishTermName><SpanishTermDefinition><DefinitionText>Operación para extirpar la supraglotis, que es la parte de la laringe ubicada más arriba de las cuerdas vocales.</DefinitionText><Dictionary>Cancer.gov</Dictionary><Audience>Patient</Audience></SpanishTermDefinition><DateLastModified>2006-10-02</DateLastModified></GlossaryTerm>
