<?xml version="1.0" encoding="utf-8"?>
<!DOCTYPE GlossaryTerm >
<GlossaryTerm id="CDR0000286105"><TermName>observational study</TermName><TermPronunciation>(OB-ser-VAY-shuh-nul STUH-dee)</TermPronunciation><TermDefinition><DefinitionText>A type of study in which individuals are observed or certain outcomes are measured. No attempt is made to affect the outcome (for example, no treatment is given).</DefinitionText><Dictionary>Cancer.gov</Dictionary><Audience>Patient</Audience></TermDefinition><MediaLink ref="CDR0000710253" type="audio/mpeg" alt="Pronunciation of dictionary term &quot;observational study&quot;" language="en" id="_3"/><MediaLink ref="CDR0000710254" type="audio/mpeg" alt="Pronunciation of dictionary term &quot;estudio de observación&quot;" language="es" id="_4"/><SpanishTermName>estudio de observación</SpanishTermName><SpanishTermDefinition><DefinitionText>Tipo de estudio en el cual se observa a los individuos o se miden ciertos resultados. No se hace ningún intento de influir en el resultado (por ejemplo, no se administra tratamiento).</DefinitionText><Dictionary>Cancer.gov</Dictionary><Audience>Patient</Audience></SpanishTermDefinition><DateFirstPublished>2003-02-21</DateFirstPublished></GlossaryTerm>
