<?xml version="1.0" encoding="utf-8"?>
<!DOCTYPE GlossaryTerm >
<GlossaryTerm id="CDR0000285747"><TermName>consecutive case series</TermName><TermPronunciation>(kun-SEH-kyoo-tiv kays SEER-eez)</TermPronunciation><TermDefinition><DefinitionText>A clinical study that includes all eligible patients identified by the researchers during the study registration period. The patients are treated in the order in which they are identified. This type of study usually does not have a control group.</DefinitionText><Dictionary>Cancer.gov</Dictionary><Audience>Patient</Audience></TermDefinition><MediaLink ref="CDR0000710148" type="audio/mpeg" alt="Pronunciation of dictionary term &quot;consecutive case series&quot;" language="en" id="_3"/><MediaLink ref="CDR0000710147" type="audio/mpeg" alt="Pronunciation of dictionary term &quot;serie de casos consecutivos&quot;" language="es" id="_4"/><SpanishTermName>serie de casos consecutivos</SpanishTermName><SpanishTermDefinition><DefinitionText>Estudio clínico que incluye a todos los pacientes aptos para el mismo que fueron identificados por los investigadores durante el período de inscripción para dicho estudio. Se trata a los pacientes en el orden que fueron identificados. Por lo general, en este tipo de estudio no hay un grupo de control.</DefinitionText><Dictionary>Cancer.gov</Dictionary><Audience>Patient</Audience></SpanishTermDefinition><DateFirstPublished>2003-02-21</DateFirstPublished></GlossaryTerm>
