<?xml version="1.0" encoding="utf-8"?>
<!DOCTYPE GlossaryTerm >
<GlossaryTerm id="CDR0000270871"><TermName>physical examination</TermName><TermPronunciation>(FIH-zih-kul eg-ZA-mih-NAY-shun)</TermPronunciation><TermDefinition><DefinitionText>An exam of the body to check for general signs of disease.</DefinitionText><Dictionary>Cancer.gov</Dictionary><Audience>Patient</Audience></TermDefinition><MediaLink ref="CDR0000709808" type="audio/mpeg" alt="Pronunciation of dictionary term &quot;physical examination&quot;" language="en" id="_3"/><MediaLink ref="CDR0000709807" type="audio/mpeg" alt="Pronunciation of dictionary term &quot;examen físico&quot;" language="es" id="_4"/><SpanishTermName>examen físico</SpanishTermName><SpanishTermDefinition><DefinitionText>Examen del cuerpo para comprobar los signos generales de enfermedad.</DefinitionText><Dictionary>Cancer.gov</Dictionary><Audience>Patient</Audience></SpanishTermDefinition><DateFirstPublished>2003-01-26</DateFirstPublished></GlossaryTerm>
