<?xml version="1.0" encoding="utf-8"?>
<!DOCTYPE GlossaryTerm >
<GlossaryTerm id="CDR0000269463"><TermName>lymphatic vessel</TermName><TermPronunciation>(lim-FA-tik ...)</TermPronunciation><TermDefinition><DefinitionText>A thin tube that carries lymph (lymphatic fluid) and white blood cells through the lymphatic system. Also called lymph vessel.</DefinitionText><Dictionary>Cancer.gov</Dictionary><Audience>Patient</Audience></TermDefinition><MediaLink ref="CDR0000704266" type="audio/mpeg" alt="Pronunciation of dictionary term &quot;lymphatic vessel&quot;" language="en" id="_3"/><MediaLink ref="CDR0000704267" type="audio/mpeg" alt="Pronunciation of dictionary term &quot;vaso linfático&quot;" language="es" id="_4"/><MediaLink ref="CDR0000533339" type="image/jpeg" alt="Lymph system; drawing shows the lymph vessels and lymph organs including the lymph nodes, tonsils, thymus, spleen, and bone marrow.  One inset shows the inside structure of a lymph node and the attached lymph vessels with arrows showing how the lymph (clear fluid) moves into and out of the lymph node. Another inset shows a close up of bone marrow with blood cells." language="en" audience="Patients" thumb="Yes" id="_2"><Caption language="en">Anatomy of the lymph system, showing the lymph vessels and lymph organs including lymph nodes, tonsils, thymus, spleen, and bone marrow. Lymph (clear fluid) and lymphocytes travel through the lymph vessels and into the lymph nodes where the lymphocytes destroy harmful substances. The lymph enters the blood through a large vein near the heart.</Caption></MediaLink><MediaLink ref="CDR0000557593" type="image/jpeg" alt="Sistema linfático; el dibujo muestra los vasos linfáticos y los órganos linfáticos, incluso los ganglios linfáticos, las amígdalas, el timo, el bazo y la médula ósea. Un recuadro muestra la estructura interior de un ganglio linfático y de los vasos linfáticos adjuntos, con flechas que indican cómo circula la linfa (un líquido claro) hacia adentro y afuera del ganglio linfático. Otro recuadro muestra una vista ampliada de la médula ósea con células sanguíneas." language="es" audience="Patients" thumb="Yes" id="_4"><Caption language="es">Anatomía del sistema linfático; se muestran los vasos linfáticos y los órganos linfáticos, incluidos los ganglios linfáticos, las amígdalas, el timo, el bazo y la médula ósea. La linfa (un líquido claro) y los linfocitos se desplazan a través de los vasos linfáticos hasta los ganglios linfáticos, donde los linfocitos destruyen las sustancias que son dañinas. La linfa entra en la sangre a través de una vena grande cerca del corazón. </Caption></MediaLink><SpanishTermName>vaso linfático</SpanishTermName><SpanishTermDefinition><DefinitionText>Tubo delgado que transporta la linfa (líquido linfático) y los glóbulos blancos por el sistema linfático.</DefinitionText><Dictionary>Cancer.gov</Dictionary><Audience>Patient</Audience></SpanishTermDefinition><DateFirstPublished>2002-12-21</DateFirstPublished><DateLastModified>2010-01-29</DateLastModified></GlossaryTerm>
