<?xml version="1.0" encoding="utf-8"?>
<!DOCTYPE GlossaryTerm >
<GlossaryTerm id="CDR0000269410"><TermName>adult T-cell leukemia/lymphoma</TermName><TermPronunciation>(uh-DULT T-sel loo-KEE-mee-uh/lim-FOH-muh)</TermPronunciation><TermDefinition><DefinitionText>An aggressive (fast-growing) type of T-cell non-Hodgkin lymphoma caused by the human T-cell leukemia virus type 1 (HTLV-1). It is marked by bone and skin lesions, high calcium levels, and enlarged lymph nodes, spleen, and liver. Also called ATLL.</DefinitionText><Dictionary>Cancer.gov</Dictionary><Audience>Patient</Audience></TermDefinition><MediaLink ref="CDR0000709933" type="audio/mpeg" alt="Pronunciation of dictionary term &quot;adult T-cell leukemia/lymphoma&quot;" language="en" id="_3"/><MediaLink ref="CDR0000709934" type="audio/mpeg" alt="Pronunciation of dictionary term &quot;leucemia/linfoma de células T en adultos&quot;" language="es" id="_4"/><SpanishTermName>leucemia/linfoma de células T en adultos</SpanishTermName><SpanishTermDefinition><DefinitionText>Tipo de linfoma no Hodgkin de células T dinámico (de crecimiento rápido) causado por el virus de la leucemia humana de células T tipo 1 (HTLV-1). Se caracteriza por lesiones en los huesos y la piel, concentraciones de calcio altas y agrandamiento de los ganglios linfáticos, el bazo y el hígado. También se llama LLCTA.</DefinitionText><Dictionary>Cancer.gov</Dictionary><Audience>Patient</Audience></SpanishTermDefinition><DateFirstPublished>2002-12-21</DateFirstPublished><DateLastModified>2007-10-23</DateLastModified><RelatedInformation><RelatedExternalRef UseWith="en" xref="http://www.cancer.gov/types/lymphoma">Lymphoma</RelatedExternalRef><RelatedExternalRef UseWith="es" xref="http://www.cancer.gov/espanol/tipos/linfoma">Linfoma</RelatedExternalRef></RelatedInformation></GlossaryTerm>
