<?xml version="1.0" encoding="utf-8"?>
<!DOCTYPE GlossaryTerm >
<GlossaryTerm id="CDR0000285976"><TermName>mercury</TermName><TermPronunciation>(MER-kyoo-ree)</TermPronunciation><TermDefinition><DefinitionText>A silver-white, poisonous metal that is a liquid at ordinary temperatures. It is commonly used in thermometers and amalgams, and has been used as an ingredient in some homeopathic medicines and in very small amounts as a preservative in viral vaccines.</DefinitionText><Dictionary>Cancer.gov</Dictionary><Audience>Patient</Audience></TermDefinition><MediaLink ref="CDR0000731574" type="audio/mpeg" alt="Pronunciation of dictionary term &quot;mercury&quot;" language="en" id="_3"/><MediaLink ref="CDR0000731575" type="audio/mpeg" alt="Pronunciation of dictionary term &quot;mercurio&quot;" language="es" id="_4"/><SpanishTermName>mercurio</SpanishTermName><SpanishTermDefinition><DefinitionText>Metal venenoso de color blanco plateado que es líquido a temperaturas ordinarias. Se usa generalmente en termómetros y amalgamas, y se ha usado como ingrediente en algunos medicamentos homeopáticos y, en cantidades muy pequeñas, como conservador en las vacunas víricas.</DefinitionText><Dictionary>Cancer.gov</Dictionary><Audience>Patient</Audience></SpanishTermDefinition><DateFirstPublished>2003-02-21</DateFirstPublished></GlossaryTerm>
