<?xml version="1.0" encoding="utf-8"?>
<!DOCTYPE GlossaryTerm >
<GlossaryTerm id="CDR0000270855"><TermName>islet cell</TermName><TermPronunciation>(I-let sel)</TermPronunciation><TermDefinition><DefinitionText>A pancreatic cell that produces hormones (e.g., insulin and glucagon) that are secreted into the bloodstream. These hormones help control the level of glucose (sugar) in the blood. Also called endocrine pancreas cell and islet of Langerhans cell.</DefinitionText><Dictionary>Cancer.gov</Dictionary><Audience>Patient</Audience></TermDefinition><MediaLink ref="CDR0000731100" type="audio/mpeg" alt="Pronunciation of dictionary term &quot;islet cell&quot;" language="en" id="_3"/><MediaLink ref="CDR0000731101" type="audio/mpeg" alt="Pronunciation of dictionary term &quot;célula del islote&quot;" language="es" id="_4"/><SpanishTermName>célula del islote</SpanishTermName><SpanishTermDefinition><DefinitionText>Célula del páncreas que produce hormonas (por ejemplo, insulina y glucagón) que se secretan en el torrente sanguíneo. Estas hormonas ayudan a controlar la concentración de glucosa (azúcar) en la sangre. También se llama célula del islote de Langerhans y célula endocrina del páncreas.</DefinitionText><Dictionary>Cancer.gov</Dictionary><Audience>Patient</Audience></SpanishTermDefinition><DateFirstPublished>2003-01-26</DateFirstPublished><DateLastModified>2006-11-08</DateLastModified><RelatedInformation><RelatedExternalRef UseWith="en" xref="http://www.cancer.gov/types/pancreatic">Pancreatic Cancer</RelatedExternalRef><RelatedExternalRef UseWith="es" xref="http://www.cancer.gov/espanol/tipos/pancreas">Cáncer de páncreas</RelatedExternalRef></RelatedInformation></GlossaryTerm>
