<?xml version="1.0" encoding="utf-8"?>
<!DOCTYPE GlossaryTerm >
<GlossaryTerm id="CDR0000257520"><TermName>hemilaryngectomy</TermName><TermPronunciation>(HEM-ee-LAYR-in-JEK-toh-mee)</TermPronunciation><TermDefinition><DefinitionText>An operation to remove one side of the larynx (voicebox).</DefinitionText><Dictionary>Cancer.gov</Dictionary><Audience>Patient</Audience></TermDefinition><MediaLink ref="CDR0000710300" type="audio/mpeg" alt="Pronunciation of dictionary term &quot;hemilaryngectomy&quot;" language="en" id="_3"/><MediaLink ref="CDR0000710299" type="audio/mpeg" alt="Pronunciation of dictionary term &quot;hemilaringectomía&quot;" language="es" id="_4"/><SpanishTermName>hemilaringectomía</SpanishTermName><SpanishTermDefinition><DefinitionText>Operación para extirpar un lado de la laringe.</DefinitionText><Dictionary>Cancer.gov</Dictionary><Audience>Patient</Audience></SpanishTermDefinition><DateLastModified>2006-10-02</DateLastModified></GlossaryTerm>
