<?xml version="1.0" encoding="utf-8"?>
<!DOCTYPE GlossaryTerm >
<GlossaryTerm id="CDR0000269437"><TermName>burr hole</TermName><TermPronunciation>(bur hole)</TermPronunciation><TermDefinition><DefinitionText>A small opening in the skull made with a surgical drill.</DefinitionText><Dictionary>Cancer.gov</Dictionary><Audience>Patient</Audience></TermDefinition><MediaLink ref="CDR0000710104" type="audio/mpeg" alt="Pronunciation of dictionary term &quot;burr hole&quot;" language="en" id="_3"/><MediaLink ref="CDR0000710103" type="audio/mpeg" alt="Pronunciation of dictionary term &quot;agujero de buril&quot;" language="es" id="_4"/><SpanishTermName>agujero de buril</SpanishTermName><SpanishTermDefinition><DefinitionText>Pequeña abertura hecha en el cráneo con un taladro quirúrgico.</DefinitionText><Dictionary>Cancer.gov</Dictionary><Audience>Patient</Audience></SpanishTermDefinition><DateFirstPublished>2002-12-21</DateFirstPublished><DateLastModified>2003-04-07</DateLastModified></GlossaryTerm>
