<?xml version="1.0" encoding="utf-8"?>
<!DOCTYPE GlossaryTerm >
<GlossaryTerm id="CDR0000257221"><TermName>sperm</TermName><TermPronunciation>(spurm)</TermPronunciation><TermDefinition><DefinitionText>The male reproductive cell, formed in the testicle. A sperm unites with an egg to form an embryo.</DefinitionText><Dictionary>Cancer.gov</Dictionary><Audience>Patient</Audience></TermDefinition><MediaLink ref="CDR0000710079" type="audio/mpeg" alt="Pronunciation of dictionary term &quot;sperm&quot;" language="en" id="_3"/><MediaLink ref="CDR0000710080" type="audio/mpeg" alt="Pronunciation of dictionary term &quot;espermatozoide&quot;" language="es" id="_4"/><SpanishTermName>espermatozoide</SpanishTermName><SpanishTermDefinition><DefinitionText>Célula reproductora masculina que se forma en el testículo. El espermatozoide se une a un huevo para formar un embrión.</DefinitionText><Dictionary>Cancer.gov</Dictionary><Audience>Patient</Audience></SpanishTermDefinition></GlossaryTerm>
