<?xml version="1.0" encoding="utf-8"?>
<!DOCTYPE GlossaryTerm >
<GlossaryTerm id="CDR0000285917"><TermName>dexmethylphenidate</TermName><TermPronunciation>(dex-MEH-thul-FEH-nih-dayt)</TermPronunciation><TermDefinition><DefinitionText>A substance being studied in the treatment of fatigue and nervous system side effects caused by chemotherapy. It is a type of central nervous system stimulant.</DefinitionText><Dictionary>Cancer.gov</Dictionary><Audience>Patient</Audience></TermDefinition><MediaLink ref="CDR0000731531" type="audio/mpeg" alt="Pronunciation of dictionary term &quot;dexmethylphenidate&quot;" language="en" id="_3"/><MediaLink ref="CDR0000731530" type="audio/mpeg" alt="Pronunciation of dictionary term &quot;dexmetilfenidato&quot;" language="es" id="_4"/><SpanishTermName>dexmetilfenidato</SpanishTermName><SpanishTermDefinition><DefinitionText>Sustancia en estudio para el tratamiento de la fatiga y los efectos secundarios que causa la quimioterapia al sistema nervioso. Es un tipo de estimulante del sistema nervioso central.</DefinitionText><Dictionary>Cancer.gov</Dictionary><Audience>Patient</Audience></SpanishTermDefinition><DateFirstPublished>2003-02-21</DateFirstPublished><DateLastModified>2007-07-06</DateLastModified></GlossaryTerm>
