<?xml version="1.0" encoding="utf-8"?>
<!DOCTYPE GlossaryTerm >
<GlossaryTerm id="CDR0000285953"><TermName>agglutinin</TermName><TermPronunciation>(uh-GLOO-tih-nin)</TermPronunciation><TermDefinition><DefinitionText>A substance that makes particles (such as bacteria or cells) stick together to form a clump or a mass.</DefinitionText><Dictionary>Cancer.gov</Dictionary><Audience>Patient</Audience></TermDefinition><MediaLink ref="CDR0000710113" type="audio/mpeg" alt="Pronunciation of dictionary term &quot;agglutinin&quot;" language="en" id="_3"/><MediaLink ref="CDR0000710114" type="audio/mpeg" alt="Pronunciation of dictionary term &quot;aglutinina&quot;" language="es" id="_4"/><SpanishTermName>aglutinina</SpanishTermName><SpanishTermDefinition><DefinitionText>Sustancia que hace que las partículas (como bacterias o células) se unan para formar un grumo o masa.</DefinitionText><Dictionary>Cancer.gov</Dictionary><Audience>Patient</Audience></SpanishTermDefinition><DateFirstPublished>2003-02-21</DateFirstPublished><DateLastModified>2003-10-13</DateLastModified></GlossaryTerm>
