<?xml version="1.0" encoding="utf-8"?>
<!DOCTYPE GlossaryTerm >
<GlossaryTerm id="CDR0000285933"><TermName>microsatellite instability</TermName><TermPronunciation>(MY-kroh-SA-teh-lite in-stuh-BIH-lih-tee)</TermPronunciation><TermDefinition><DefinitionText>A change that occurs in the DNA of certain cells (such as tumor cells) in which the number of repeats of microsatellites (short, repeated sequences of DNA) is different than the number of repeats that was in the DNA when it was inherited. The cause of microsatellite instability may be a defect in the ability to repair mistakes made when DNA is copied in the cell. Also called MSI.</DefinitionText><Dictionary>Cancer.gov</Dictionary><Audience>Patient</Audience></TermDefinition><TermDefinition><DefinitionText>A characteristic of cells that contain an abnormality in DNA mismatch repair (see microsatellite). For example, the presence of MSI in colorectal tumor tissue may be used as a marker for germline mutations in one of the DNA mismatch repair genes associated with HNPCC. MSI can also occur sporadically, and in these cases is related to gene hypermethylation. This is an issue in the differential diagnosis of HNPCC. Also called MSI.</DefinitionText><Dictionary>Genetics</Dictionary><Audience>Health professional</Audience></TermDefinition><MediaLink ref="CDR0000710102" type="audio/mpeg" alt="Pronunciation of dictionary term &quot;microsatellite instability&quot;" language="en" id="_3"/><MediaLink ref="CDR0000710101" type="audio/mpeg" alt="Pronunciation of dictionary term &quot;inestabilidad microsatélite&quot;" language="es" id="_4"/><SpanishTermName>inestabilidad microsatélite</SpanishTermName><SpanishTermDefinition><DefinitionText>Cambio que se presenta en el ADN de ciertas células (como las células tumorales) por el que el número de repeticiones de los microsatélites (secuencias cortas y repetidas de ADN) es diferente al número de repeticiones que tenía el ADN cuando se heredó. La causa de la inestabilidad microsatélite puede ser un defecto en la capacidad de reparar errores cuando el ADN se copia en la célula. También se llama IMS.</DefinitionText><Dictionary>Cancer.gov</Dictionary><Audience>Patient</Audience></SpanishTermDefinition><DateFirstPublished>2003-02-21</DateFirstPublished><DateLastModified>2008-01-16</DateLastModified></GlossaryTerm>
