<?xml version="1.0" encoding="utf-8"?>
<!DOCTYPE GlossaryTerm >
<GlossaryTerm id="CDR0000257219"><TermName>radioactive seed</TermName><TermPronunciation>(RAY-dee-oh-AK-tiv...)</TermPronunciation><TermDefinition><DefinitionText>A small, radioactive pellet that is placed in or near a tumor. Cancer cells are killed by the energy given off as the radioactive material breaks down and becomes more stable.</DefinitionText><Dictionary>Cancer.gov</Dictionary><Audience>Patient</Audience></TermDefinition><MediaLink ref="CDR0000710077" type="audio/mpeg" alt="Pronunciation of dictionary term &quot;radioactive seed&quot;" language="en" id="_3"/><MediaLink ref="CDR0000710078" type="audio/mpeg" alt="Pronunciation of dictionary term &quot;semilla radiactiva&quot;" language="es" id="_4"/><MediaLink ref="CDR0000685595" type="image/jpeg" alt="Radioactive seeds; drawing shows a gloved hand using an instrument to pick up small, radioactive seeds." language="en" audience="Patients" thumb="Yes" id="_4"><Caption language="en">Radioactive seeds. Small, radioactive seeds may be placed in or near a tumor to kill cancer cells.</Caption></MediaLink><MediaLink ref="CDR0000696804" type="image/jpeg" alt="Semillas radiactivas; el dibujo muestra una mano enguantada usando un instrumento para recoger semillas radiactivas pequeñas." language="es" audience="Patients" thumb="Yes" id="_3"><Caption language="es">Semillas radiactivas. Las semillas radiactivas pequeñas se pueden colocar en un tumor o cerca del mismo para destruir células cancerosas.</Caption></MediaLink><SpanishTermName>semilla radiactiva</SpanishTermName><SpanishTermDefinition><DefinitionText>Gránulo pequeño, radiactivo, que se coloca en el tumor o cerca del mismo. Las células cancerosas se destruyen en la medida en que la energía que emana el material radiactivo se descompone y se convierte en más estable.</DefinitionText><Dictionary>Cancer.gov</Dictionary><Audience>Patient</Audience></SpanishTermDefinition><DateLastModified>2011-03-14</DateLastModified></GlossaryTerm>
