<?xml version="1.0" encoding="utf-8"?>
<!DOCTYPE GlossaryTerm >
<GlossaryTerm id="CDR0000285966"><TermName>glycopeptide</TermName><TermPronunciation>(gly-koh-PEP-tide)</TermPronunciation><TermDefinition><DefinitionText>A short chain of amino acids (the building blocks of proteins) that has sugar molecules attached to it. Some glycopeptides have been studied for their ability to stimulate the immune system.</DefinitionText><Dictionary>Cancer.gov</Dictionary><Audience>Patient</Audience></TermDefinition><MediaLink ref="CDR0000731565" type="audio/mpeg" alt="Pronunciation of dictionary term &quot;glycopeptide&quot;" language="en" id="_3"/><MediaLink ref="CDR0000731564" type="audio/mpeg" alt="Pronunciation of dictionary term &quot;glicopéptido&quot;" language="es" id="_4"/><SpanishTermName>glicopéptido</SpanishTermName><SpanishTermDefinition><DefinitionText>Cadena corta de aminoácidos (los elementos fundamentales de las proteínas) con moléculas de azúcar adheridas. Se ha estudiado la capacidad de algunos glicopéptidos para estimular el sistema inmunitario.</DefinitionText><Dictionary>Cancer.gov</Dictionary><Audience>Patient</Audience></SpanishTermDefinition><DateFirstPublished>2003-02-21</DateFirstPublished></GlossaryTerm>
