<?xml version="1.0" encoding="utf-8"?>
<!DOCTYPE GlossaryTerm >
<GlossaryTerm id="CDR0000285982"><TermName>blinded study</TermName><TermPronunciation>(BLINE-ded STUH-dee)</TermPronunciation><TermDefinition><DefinitionText>A type of study in which the patients (single-blinded) or the patients and their doctors (double-blinded) do not know which drug or treatment is being given. The opposite of a blinded study is an open label study.</DefinitionText><Dictionary>Cancer.gov</Dictionary><Audience>Patient</Audience></TermDefinition><MediaLink ref="CDR0000710133" type="audio/mpeg" alt="Pronunciation of dictionary term &quot;blinded study&quot;" language="en" id="_3"/><MediaLink ref="CDR0000710134" type="audio/mpeg" alt="Pronunciation of dictionary term &quot;estudio ciego&quot;" language="es" id="_4"/><SpanishTermName>estudio ciego</SpanishTermName><SpanishTermDefinition><DefinitionText>Tipo de estudio en el que los pacientes (ciego simple) o los pacientes y sus médicos (doble ciego) no conocen qué medicamento o tratamiento van a recibir. Lo opuesto a un estudio ciego es un estudio abierto o no enmascarado.</DefinitionText><Dictionary>Cancer.gov</Dictionary><Audience>Patient</Audience></SpanishTermDefinition><DateFirstPublished>2003-02-21</DateFirstPublished></GlossaryTerm>
