<?xml version="1.0" encoding="utf-8"?>
<!DOCTYPE GlossaryTerm >
<GlossaryTerm id="CDR0000285621"><TermName>central nervous system primitive neuroectodermal tumor</TermName><TermPronunciation>(SEN-trul NER-vus SIS-tem PRIH-muh-tiv NOOR-oh-EK-toh-DER-mul TOO-mer)</TermPronunciation><TermDefinition><DefinitionText>A type of cancer that arises from a particular type of cell within the brain or spinal cord. Also called CNS PNET.</DefinitionText><Dictionary>Cancer.gov</Dictionary><Audience>Patient</Audience></TermDefinition><MediaLink ref="CDR0000710270" type="audio/mpeg" alt="Pronunciation of dictionary term &quot;central nervous system primitive neuroectodermal tumor&quot;" language="en" id="_3"/><MediaLink ref="CDR0000710269" type="audio/mpeg" alt="Pronunciation of dictionary term &quot;tumor neuroectodérmico primitivo del sistema nervioso central&quot;" language="es" id="_4"/><SpanishTermName>tumor neuroectodérmico primitivo del sistema nervioso central</SpanishTermName><SpanishTermDefinition><DefinitionText>SNC TNEP. Tipo de cáncer que surge de un tipo particular de célula dentro del cerebro o la médula espinal. También se llama TNEP del SNC.</DefinitionText><Dictionary>Cancer.gov</Dictionary><Audience>Patient</Audience></SpanishTermDefinition><DateFirstPublished>2003-02-21</DateFirstPublished><DateLastModified>2007-03-01</DateLastModified></GlossaryTerm>
