<?xml version="1.0" encoding="utf-8"?>
<!DOCTYPE GlossaryTerm >
<GlossaryTerm id="CDR0000285633"><TermName>EGb761</TermName><TermDefinition><DefinitionText>A substance that is being studied in the prevention of cognitive dysfunction (slowed ability to think, reason, concentrate, or remember) in patients receiving chemotherapy. It comes from ginkgo biloba leaves.</DefinitionText><Dictionary>Cancer.gov</Dictionary><Audience>Patient</Audience></TermDefinition><SpanishTermName>EGb761</SpanishTermName><SpanishTermDefinition><DefinitionText>Sustancia en estudio para la prevención de la disfunción cognoscitiva (disminución de la capacidad para pensar, razonar, concentrarse o recordar) en los pacientes que reciben quimioterapia. Viene de las hojas de ginkgo biloba.</DefinitionText><Dictionary>Cancer.gov</Dictionary><Audience>Patient</Audience></SpanishTermDefinition><DateFirstPublished>2003-02-21</DateFirstPublished></GlossaryTerm>
