<?xml version="1.0" encoding="utf-8"?>
<!DOCTYPE GlossaryTerm >
<GlossaryTerm id="CDR0000269435"><TermName>acrylonitrile</TermName><TermPronunciation>(ak-rih-loh-NY-tril)</TermPronunciation><TermDefinition><DefinitionText>A substance used to make plastics, rubber, and textiles. Being exposed to acrylonitrile may increase the risk of developing certain cancers, such as lung, brain, or prostate cancer.</DefinitionText><Dictionary>Cancer.gov</Dictionary><Audience>Patient</Audience></TermDefinition><MediaLink ref="CDR0000710098" type="audio/mpeg" alt="Pronunciation of dictionary term &quot;acrylonitrile&quot;" language="en" id="_3"/><MediaLink ref="CDR0000710097" type="audio/mpeg" alt="Pronunciation of dictionary term &quot;acrilonitrilo&quot;" language="es" id="_4"/><SpanishTermName>acrilonitrilo</SpanishTermName><SpanishTermDefinition><DefinitionText>Sustancia utilizada en la fabricación de plásticos, goma y productos textiles. La exposición al acrilonitrilo puede aumentar el riesgo de padecer de ciertos tipos cánceres, como de pulmón, cerebro o próstata.</DefinitionText><Dictionary>Cancer.gov</Dictionary><Audience>Patient</Audience></SpanishTermDefinition><DateFirstPublished>2002-12-21</DateFirstPublished><DateLastModified>2003-02-10</DateLastModified></GlossaryTerm>
