<?xml version="1.0" encoding="utf-8"?>
<!DOCTYPE GlossaryTerm >
<GlossaryTerm id="CDR0000256551"><TermName>endothelin-1 protein receptor antagonist</TermName><TermPronunciation>(EN-doh-THEE-lin-1 PROH-teen reh-SEP-ter an-TA-guh-nist)</TermPronunciation><TermDefinition><DefinitionText>A substance that blocks the binding of the endothelin-1 protein to its receptor. Endothelin-1 is a small molecule that causes changes in blood vessels and helps regulate blood pressure. It can also stimulate the growth of some types of cells.</DefinitionText><Dictionary>Cancer.gov</Dictionary><Audience>Patient</Audience></TermDefinition><MediaLink ref="CDR0000709832" type="audio/mpeg" alt="Pronunciation of dictionary term &quot;endothelin-1 protein receptor antagonist&quot;" language="en" id="_3"/><MediaLink ref="CDR0000709831" type="audio/mpeg" alt="Pronunciation of dictionary term &quot;antagonista del receptor de la proteína endotelina-1&quot;" language="es" id="_4"/><SpanishTermName>antagonista del receptor de la proteína endotelina-1</SpanishTermName><SpanishTermDefinition><DefinitionText>Sustancia que impide la unión de la proteína endotelina-1 con su receptor. La endotelina-1 es una molécula pequeña que produce cambios en los vasos sanguíneos y ayuda a regular la presión arterial. También puede estimular el crecimiento de algunos tipos de células.</DefinitionText><Dictionary>Cancer.gov</Dictionary><Audience>Patient</Audience></SpanishTermDefinition><DateLastModified>2008-01-14</DateLastModified></GlossaryTerm>
