<?xml version="1.0" encoding="utf-8"?>
<!DOCTYPE GlossaryTerm >
<GlossaryTerm id="CDR0000269459"><TermName>excision</TermName><TermPronunciation>(ek-SIH-zhun)</TermPronunciation><TermDefinition><DefinitionText>Removal by surgery.</DefinitionText><Dictionary>Cancer.gov</Dictionary><Audience>Patient</Audience></TermDefinition><MediaLink ref="CDR0000710209" type="audio/mpeg" alt="Pronunciation of dictionary term &quot;excision&quot;" language="en" id="_3"/><MediaLink ref="CDR0000710210" type="audio/mpeg" alt="Pronunciation of dictionary term &quot;escisión&quot;" language="es" id="_4"/><SpanishTermName>escisión</SpanishTermName><SpanishTermDefinition><DefinitionText>Extirpación quirúrgica.</DefinitionText><Dictionary>Cancer.gov</Dictionary><Audience>Patient</Audience></SpanishTermDefinition><DateFirstPublished>2002-12-21</DateFirstPublished><DateLastModified>2005-12-27</DateLastModified></GlossaryTerm>
