<?xml version="1.0" encoding="utf-8"?>
<!DOCTYPE GlossaryTerm >
<GlossaryTerm id="CDR0000285740"><TermName>daidzein</TermName><TermPronunciation>(DAYD-zine)</TermPronunciation><TermDefinition><DefinitionText>An isoflavone found in soy products. Soy isoflavones are being studied in the prevention of cancer.</DefinitionText><Dictionary>Cancer.gov</Dictionary><Audience>Patient</Audience></TermDefinition><MediaLink ref="CDR0000731397" type="audio/mpeg" alt="Pronunciation of dictionary term &quot;daidzein&quot;" language="en" id="_3"/><MediaLink ref="CDR0000731396" type="audio/mpeg" alt="Pronunciation of dictionary term &quot;daidzeína&quot;" language="es" id="_4"/><SpanishTermName>daidzeína</SpanishTermName><SpanishTermDefinition><DefinitionText>Isoflavona que se encuentra en los productos de la soja. Los isoflavonas de soja están en estudio para la prevención del cáncer.</DefinitionText><Dictionary>Cancer.gov</Dictionary><Audience>Patient</Audience></SpanishTermDefinition><DateFirstPublished>2003-02-21</DateFirstPublished></GlossaryTerm>
