<?xml version="1.0" encoding="utf-8"?>
<!DOCTYPE GlossaryTerm >
<GlossaryTerm id="CDR0000256540"><TermName>neurofibromatosis type 2</TermName><TermPronunciation>(NOOR-oh-FY-broh-muh-TOH-sis ...)</TermPronunciation><TermDefinition><DefinitionText>A genetic condition in which tumors form on the nerves of the inner ear and cause loss of hearing and balance. Tumors may also occur in the brain and on nerves in the skull and spinal cord, and may cause loss of speech, eye movement, and the ability to swallow. Also called acoustic neurofibromatosis and NF2.</DefinitionText><Dictionary>Cancer.gov</Dictionary><Audience>Patient</Audience></TermDefinition><MediaLink ref="CDR0000709818" type="audio/mpeg" alt="Pronunciation of dictionary term &quot;neurofibromatosis type 2&quot;" language="en" id="_3"/><MediaLink ref="CDR0000709817" type="audio/mpeg" alt="Pronunciation of dictionary term &quot;neurofibromatosis tipo 2&quot;" language="es" id="_4"/><SpanishTermName>neurofibromatosis tipo 2</SpanishTermName><SpanishTermDefinition><DefinitionText>Enfermedad genética  en la que se forman tumores sobre los nervios del oído interno y produce pérdida de la audición y el equilibrio. Asimismo, los tumores se pueden presentar en el cerebro y en los nervios del cráneo y de la médula espinal, y pueden causar pérdida del habla, del movimiento de los ojos y de la capacidad de tragar. También se llama neurofibromatosis acústica y NF2.</DefinitionText><Dictionary>Cancer.gov</Dictionary><Audience>Patient</Audience></SpanishTermDefinition><DateLastModified>2007-02-01</DateLastModified></GlossaryTerm>
