<?xml version="1.0" encoding="utf-8"?>
<!DOCTYPE GlossaryTerm >
<GlossaryTerm id="CDR0000270735"><TermName>blood</TermName><TermPronunciation>(blud)</TermPronunciation><TermDefinition><DefinitionText>A tissue with red blood cells, white blood cells, platelets, and other substances suspended in fluid called plasma. Blood takes oxygen and nutrients to the tissues, and carries away wastes.</DefinitionText><Dictionary>Cancer.gov</Dictionary><Audience>Patient</Audience></TermDefinition><MediaLink ref="CDR0000710242" type="audio/mpeg" alt="Pronunciation of dictionary term &quot;blood&quot;" language="en" id="_3"/><MediaLink ref="CDR0000710241" type="audio/mpeg" alt="Pronunciation of dictionary term &quot;sangre&quot;" language="es" id="_4"/><MediaLink ref="CDR0000503952" type="image/jpeg" alt="Blood cells; drawing shows six types of white blood cells (monocytes, lymphocytes, neutrophils, eosinophils, basophils, and macrophages), a red blood cell (erythrocyte), and platelets." language="en" audience="Patients" thumb="Yes" id="_2"><Caption language="en">Blood cells. Blood contains many types of cells: white blood cells (monocytes, lymphocytes, neutrophils, eosinophils, basophils, and macrophages), red blood cells (erythrocytes), and platelets. Blood circulates through the body in the arteries and veins.</Caption></MediaLink><MediaLink ref="CDR0000553586" type="image/jpeg" alt="Células sanguíneas; el dibujo muestra seis tipos de glóbulos blancos (monolitos, linfocitos, neutrófilos, eosinófilos, basófilos y macrófagos), un glóbulo rojo (eritrocito) y plaquetas." language="es" audience="Patients" thumb="Yes" id="_4"><Caption language="es">Células sanguíneas. La sangre contiene muchos tipos de células: glóbulos blancos (monolitos, linfocitos, neutrófilos, eosinófilos, basófilos y macrófagos), glóbulos rojos (eritrocitos) y plaquetas. La sangre circula por el cuerpo a través de las arterias y las venas.</Caption></MediaLink><SpanishTermName>sangre</SpanishTermName><SpanishTermDefinition><DefinitionText>Tejido compuesto de glóbulos rojos, glóbulos blancos, plaquetas y otras sustancias suspendidas en un líquido denominado plasma. La sangre lleva oxígeno y nutrientes a los tejidos y elimina los desechos.</DefinitionText><Dictionary>Cancer.gov</Dictionary><Audience>Patient</Audience></SpanishTermDefinition><DateFirstPublished>2003-01-26</DateFirstPublished><DateLastModified>2007-09-28</DateLastModified></GlossaryTerm>
