<?xml version="1.0" encoding="utf-8"?>
<!DOCTYPE GlossaryTerm >
<GlossaryTerm id="CDR0000270740"><TermName>lung</TermName><TermPronunciation>(lung)</TermPronunciation><TermDefinition><DefinitionText>One of a pair of organs in the chest that supplies the body with oxygen, and removes carbon dioxide from the body.</DefinitionText><Dictionary>Cancer.gov</Dictionary><Audience>Patient</Audience></TermDefinition><MediaLink ref="CDR0000730986" type="audio/mpeg" alt="Pronunciation of dictionary term &quot;lung&quot;" language="en" id="_3"/><MediaLink ref="CDR0000730987" type="audio/mpeg" alt="Pronunciation of dictionary term &quot;pulmón&quot;" language="es" id="_4"/><MediaLink ref="CDR0000466533" type="image/jpeg" alt="Respiratory anatomy; drawing shows right lung with upper, middle, and lower lobes; left lung with upper and lower lobes; and the trachea, bronchi, lymph nodes, and diaphragm. Inset shows bronchioles, alveoli, artery, and vein.  &#10;&#10;" language="en" audience="Patients" thumb="Yes" id="_2"><Caption language="en">Anatomy of the respiratory system, showing the trachea and both lungs and their lobes and airways. Lymph nodes and the diaphragm are also shown. Oxygen is inhaled into the lungs and passes through the thin membranes of the alveoli and into the bloodstream (see inset).</Caption></MediaLink><MediaLink ref="CDR0000466537" type="image/jpeg" alt="Anatomía respiratoria; el dibujo muestra el pulmón derecho con los lóbulos superiores, medios e inferiores; el pulmón izquierdo con los lóbulos superiores e inferiores; y la tráquea, los bronquios, los ganglios linfáticos y el diafragma.  El recuadro muestra los bronquiolos, los alvéolos, la arteria y la vena." language="es" audience="Patients" thumb="Yes" id="_4"><Caption language="es">Anatomía del sistema respiratorio, mostrando la tráquea y ambos pulmones y sus lóbulos y las vías respiratorias.  También se muestran los ganglios linfáticos y el diafragma.  El oxígeno se inhala a los pulmones y pasa a través de las membranas delgadas de los alvéolos hacia el torrente sanguíneo (ver recuadro).</Caption></MediaLink><SpanishTermName>pulmón</SpanishTermName><SpanishTermDefinition><DefinitionText>Uno del par de órganos del tórax que provee oxígeno al cuerpo y extrae el dióxido de carbono de este.</DefinitionText><Dictionary>Cancer.gov</Dictionary><Audience>Patient</Audience></SpanishTermDefinition><DateFirstPublished>2003-01-26</DateFirstPublished><DateLastModified>2006-08-22</DateLastModified><RelatedInformation><RelatedExternalRef UseWith="en" xref="http://www.cancer.gov/types/lung">Lung Cancer</RelatedExternalRef><RelatedExternalRef UseWith="es" xref="http://www.cancer.gov/espanol/tipos/pulmon">Cáncer de pulmón</RelatedExternalRef></RelatedInformation></GlossaryTerm>
