<?xml version="1.0" encoding="utf-8"?>
<!DOCTYPE GlossaryTerm >
<GlossaryTerm id="CDR0000270739"><TermName>electromagnetic radiation</TermName><TermPronunciation>(ee-LEK-troh-mag-NEH-tik ray-dee-AY-shun)</TermPronunciation><TermDefinition><DefinitionText>Radiation that has both electric and magnetic fields and travels in waves. It comes from natural and man-made sources. Electromagnetic radiation can vary in strength from low energy to high energy. It includes radio waves, microwaves, infrared light, visible light, ultraviolet light, x-rays, and gamma rays. Also called EMR.</DefinitionText><Dictionary>Cancer.gov</Dictionary><Audience>Patient</Audience></TermDefinition><MediaLink ref="CDR0000709995" type="audio/mpeg" alt="Pronunciation of dictionary term &quot;electromagnetic radiation&quot;" language="en" id="_3"/><MediaLink ref="CDR0000709994" type="audio/mpeg" alt="Pronunciation of dictionary term &quot;radiación electromagnética&quot;" language="es" id="_4"/><SpanishTermName>radiación electromagnética</SpanishTermName><SpanishTermDefinition><DefinitionText>Radiación que se compone tanto de campos eléctricos como magnéticos. Surge de fuentes naturales o producidas por el hombre. La fuerza de la radiación electromagnética puede variar de energía baja a energía alta. Incluye las ondas de radio, las microondas, la luz infrarroja, la luz visible, la luz ultravioleta, los rayos X y los rayos gamma. También se llama REM.</DefinitionText><Dictionary>Cancer.gov</Dictionary><Audience>Patient</Audience></SpanishTermDefinition><DateFirstPublished>2003-01-26</DateFirstPublished><DateLastModified>2010-05-17</DateLastModified><RelatedInformation><RelatedExternalRef UseWith="en" xref="http://www.cancer.gov/about-cancer/causes-prevention/risk/radiation/magnetic-fields-fact-sheet">Magnetic Field Exposure and Cancer</RelatedExternalRef><RelatedExternalRef UseWith="es" xref="http://www.cancer.gov/espanol/cancer/causas-prevencion/riesgo/radiacion/hoja-informativa-campos-magneticos">Exposición a campos magnéticos y el cáncer</RelatedExternalRef></RelatedInformation></GlossaryTerm>
