<?xml version="1.0" encoding="utf-8"?>
<!DOCTYPE GlossaryTerm >
<GlossaryTerm id="CDR0000285981"><TermName>subset analysis</TermName><TermPronunciation>(... uh-NA-lih-sis)</TermPronunciation><TermDefinition><DefinitionText>In a clinical study, the evaluation of results for some but not all of the patients who participated. The selected patients have one or more characteristics in common, such as the same stage of disease or the same hormone receptor status.</DefinitionText><Dictionary>Cancer.gov</Dictionary><Audience>Patient</Audience></TermDefinition><MediaLink ref="CDR0000710131" type="audio/mpeg" alt="Pronunciation of dictionary term &quot;subset analysis&quot;" language="en" id="_3"/><MediaLink ref="CDR0000710132" type="audio/mpeg" alt="Pronunciation of dictionary term &quot;análisis de subconjuntos&quot;" language="es" id="_4"/><SpanishTermName>análisis de subconjuntos</SpanishTermName><SpanishTermDefinition><DefinitionText>En un estudio clínico, la evaluación de los resultados en algunos pacientes que participaron, pero no de todos ellos. Los pacientes seleccionados tienen una o más características en común, como la enfermedad en el mismo estadio o el mismo estado de receptor hormonal.</DefinitionText><Dictionary>Cancer.gov</Dictionary><Audience>Patient</Audience></SpanishTermDefinition><DateFirstPublished>2003-02-21</DateFirstPublished></GlossaryTerm>
