<?xml version="1.0" encoding="utf-8"?>
<!DOCTYPE GlossaryTerm >
<GlossaryTerm id="CDR0000270734"><TermName>benzene</TermName><TermPronunciation>(BEN-zeen)</TermPronunciation><TermDefinition><DefinitionText>A chemical that is used widely by the chemical industry, and is also found in tobacco smoke, vehicle emissions, and gasoline fumes. Exposure to benzene may increase the risk of developing leukemia.</DefinitionText><Dictionary>Cancer.gov</Dictionary><Audience>Patient</Audience></TermDefinition><MediaLink ref="CDR0000710239" type="audio/mpeg" alt="Pronunciation of dictionary term &quot;benzene&quot;" language="en" id="_3"/><MediaLink ref="CDR0000710240" type="audio/mpeg" alt="Pronunciation of dictionary term &quot;benceno&quot;" language="es" id="_4"/><SpanishTermName>benceno</SpanishTermName><SpanishTermDefinition><DefinitionText>Sustancia química que se usa ampliamente en la industria química y que también se encuentra en el humo del tabaco, las emisiones de los vehículos y los vapores de la gasolina. La exposición al benceno puede aumentar el riesgo de leucemia.</DefinitionText><Dictionary>Cancer.gov</Dictionary><Audience>Patient</Audience></SpanishTermDefinition><DateFirstPublished>2003-01-26</DateFirstPublished></GlossaryTerm>
