<?xml version="1.0" encoding="utf-8"?>
<!DOCTYPE GlossaryTerm >
<GlossaryTerm id="CDR0000269415"><TermName>electroacupuncture</TermName><TermPronunciation>(ee-LEK-troh-AK-yoo-PUNK-cher)</TermPronunciation><TermDefinition><DefinitionText>A procedure in which pulses of weak electrical current are sent through acupuncture needles into acupuncture points in the skin. This procedure is being studied in the prevention of nausea and vomiting in patients undergoing chemotherapy.</DefinitionText><Dictionary>Cancer.gov</Dictionary><Audience>Patient</Audience></TermDefinition><MediaLink ref="CDR0000709950" type="audio/mpeg" alt="Pronunciation of dictionary term &quot;electroacupuncture&quot;" language="en" id="_3"/><MediaLink ref="CDR0000709949" type="audio/mpeg" alt="Pronunciation of dictionary term &quot;electroacupuntura&quot;" language="es" id="_4"/><SpanishTermName>electroacupuntura</SpanishTermName><SpanishTermDefinition><DefinitionText>Procedimiento mediante el que se envían señales débiles de corriente electrica a través de agujas de acupuntura hacia puntos de acupuntura de la piel. Este procedimiento está en estudio para la prevención de las náuseas y los vómitos en los pacientes que reciben quimioterapia.</DefinitionText><Dictionary>Cancer.gov</Dictionary><Audience>Patient</Audience></SpanishTermDefinition><DateFirstPublished>2002-12-21</DateFirstPublished><DateLastModified>2006-05-19</DateLastModified></GlossaryTerm>
