<?xml version="1.0" encoding="utf-8"?>
<!DOCTYPE GlossaryTerm >
<GlossaryTerm id="CDR0000270800"><TermName>Hodgkin lymphoma</TermName><TermPronunciation>(HOJ-kin lim-FOH-muh)</TermPronunciation><TermDefinition><DefinitionText>A cancer of the immune system that is marked by the presence of a type of cell called the Reed-Sternberg cell. The two major types of Hodgkin lymphoma are classical Hodgkin lymphoma and nodular lymphocyte-predominant Hodgkin lymphoma. Symptoms include the painless enlargement of lymph nodes, spleen, or other immune tissue. Other symptoms include fever, weight loss, fatigue, or night sweats. Also called Hodgkin disease.</DefinitionText><Dictionary>Cancer.gov</Dictionary><Audience>Patient</Audience></TermDefinition><MediaLink ref="CDR0000710286" type="audio/mpeg" alt="Pronunciation of dictionary term &quot;Hodgkin lymphoma&quot;" language="en" id="_3"/><MediaLink ref="CDR0000710285" type="audio/mpeg" alt="Pronunciation of dictionary term &quot;linfoma de Hodgkin&quot;" language="es" id="_4"/><MediaLink ref="CDR0000576466" type="image/jpeg" alt="Reed-Sternberg cell; photograph shows normal lymphocytes compared with a Reed-Sternberg cell." language="en" audience="Patients" thumb="Yes" id="_2"><Caption language="en">Reed-Sternberg cell. Reed-Sternberg cells are large, abnormal lymphocytes that may contain more than one nucleus. These cells are found in Hodgkin lymphoma.</Caption></MediaLink><MediaLink ref="CDR0000583752" type="image/jpeg" alt="Célula de Reed-Sternberg; la fotografía muestra los linfocitos normales comparados con una célula de Reed-Sternberg." language="es" audience="Patients" thumb="Yes" id="_4"><Caption language="es">Célula de Reed-Sternberg. Las células de Reed-Sternberg son linfocitos grandes y anormales que pueden contener más de un núcleo. Estas células se encuentran en el linfoma de Hodgkin.</Caption></MediaLink><SpanishTermName>linfoma de Hodgkin</SpanishTermName><SpanishTermDefinition><DefinitionText>Cáncer del sistema inmunitario que se caracteriza por la presencia de un tipo de célula llamada célula de Reed Sternberg. Entre los dos tipos principales de enfermedad de Hodgkin están el linfoma de Hodgkin clásico y el linfoma de Hodgkin ganglionar con predominio de linfocitos. Entre los síntomas tenemos el agrandamiento sin dolor de los ganglios linfáticos, el bazo u otro tejido inmunitario. Otros síntomas son fiebre, pérdida de peso, fatiga, o sudores nocturnos. También se llama enfermedad de Hodgkin.</DefinitionText><Dictionary>Cancer.gov</Dictionary><Audience>Patient</Audience></SpanishTermDefinition><DateFirstPublished>2003-01-26</DateFirstPublished><DateLastModified>2008-01-03</DateLastModified><RelatedInformation><RelatedExternalRef UseWith="en" xref="http://www.cancer.gov/types/lymphoma">Lymphoma </RelatedExternalRef><RelatedExternalRef UseWith="es" xref="http://www.cancer.gov/espanol/tipos/linfoma">Linfoma</RelatedExternalRef></RelatedInformation></GlossaryTerm>
