<?xml version="1.0" encoding="utf-8"?>
<!DOCTYPE GlossaryTerm >
<GlossaryTerm id="CDR0000270865"><TermName>polypectomy</TermName><TermPronunciation>(PAH-lee-PEK-toh-mee)</TermPronunciation><TermDefinition><DefinitionText>Surgery to remove a polyp.</DefinitionText><Dictionary>Cancer.gov</Dictionary><Audience>Patient</Audience></TermDefinition><MediaLink ref="CDR0000709802" type="audio/mpeg" alt="Pronunciation of dictionary term &quot;polypectomy&quot;" language="en" id="_3"/><MediaLink ref="CDR0000709801" type="audio/mpeg" alt="Pronunciation of dictionary term &quot;polipectomía&quot;" language="es" id="_4"/><SpanishTermName>polipectomía</SpanishTermName><SpanishTermDefinition><DefinitionText>Cirugía para extraer un pólipo.</DefinitionText><Dictionary>Cancer.gov</Dictionary><Audience>Patient</Audience></SpanishTermDefinition><DateFirstPublished>2003-01-26</DateFirstPublished><DateLastModified>2006-10-02</DateLastModified></GlossaryTerm>
