<?xml version="1.0" encoding="utf-8"?>
<!DOCTYPE GlossaryTerm >
<GlossaryTerm id="CDR0000256552"><TermName>familial cancer</TermName><TermPronunciation>(fuh-MIH-lee-ul KAN-ser)</TermPronunciation><TermDefinition><DefinitionText>Cancer that occurs in families more often than would be expected by chance. These cancers often occur at an early age, and may indicate the presence of a gene mutation that increases the risk of cancer. They may also be a sign of shared environmental or lifestyle factors.</DefinitionText><Dictionary>Cancer.gov</Dictionary><Audience>Patient</Audience></TermDefinition><MediaLink ref="CDR0000709833" type="audio/mpeg" alt="Pronunciation of dictionary term &quot;familial cancer&quot;" language="en" id="_3"/><MediaLink ref="CDR0000709834" type="audio/mpeg" alt="Pronunciation of dictionary term &quot;cáncer familiar&quot;" language="es" id="_4"/><SpanishTermName>cáncer familiar</SpanishTermName><SpanishTermDefinition><DefinitionText>Cáncer que se manifiesta en familias con mayor frecuencia de la prevista por casualidad. Estos tipos de cáncer se manifiestan a una edad temprana y pueden indicar la presencia de la mutación de un gen que aumenta el riesgo de padecer de cáncer. También pueden constituir un signo de factores medioambientales o de estilo de vida compartidos.</DefinitionText><Dictionary>Cancer.gov</Dictionary><Audience>Patient</Audience></SpanishTermDefinition><DateLastModified>2002-07-19</DateLastModified></GlossaryTerm>
