<?xml version="1.0" encoding="utf-8"?>
<!DOCTYPE GlossaryTerm >
<GlossaryTerm id="CDR0000269467"><TermName>ocular melanoma</TermName><TermPronunciation>(AH-kyoo-ler MEH-luh-NOH-muh)</TermPronunciation><TermDefinition><DefinitionText>A rare cancer of melanocytes (cells that produce the pigment melanin) found in the eye. Also called intraocular melanoma.</DefinitionText><Dictionary>Cancer.gov</Dictionary><Audience>Patient</Audience></TermDefinition><MediaLink ref="CDR0000710260" type="audio/mpeg" alt="Pronunciation of dictionary term &quot;ocular melanoma&quot;" language="en" id="_3"/><MediaLink ref="CDR0000710259" type="audio/mpeg" alt="Pronunciation of dictionary term &quot;melanoma ocular&quot;" language="es" id="_4"/><MediaLink ref="CDR0000543553" type="image/jpeg" alt="Eye anatomy; two-panel drawing shows the outside and inside of the eye. The top panel shows outside of the eye including the eyelid, pupil, sclera, and iris; the bottom panel shows inside of the eye including the cornea, lens, ciliary body, retina, choroid, optic nerve, and vitreous humor." language="en" audience="Patients" thumb="Yes" id="_2"><Caption language="en">Anatomy of the eye, showing the outside and inside of the eye including the eyelid, pupil, sclera, iris, cornea, lens, ciliary body, retina, choroid, vitreous humor, and optic nerve. </Caption></MediaLink><MediaLink ref="CDR0000562257" type="image/jpeg" alt="Anatomía del ojo; el dibujo de dos paneles muestra la parte interior y exterior del ojo.  El panel de arriba muestra el exterior del ojo con  el párpado, la pupila, la esclerótica y el iris; el panel de abajo muestra el interior del ojo con la córnea, la lente, el cuerpo ciliar, la retina, la coroides, el nervio óptico y el humor vítreo." language="es" audience="Patients" thumb="Yes" id="_4"><Caption language="es">Anatomía del ojo; se muestra el exterior e interior del ojo con el párpado, la pupila, la esclerótica, el iris, la cornea, el lente, el cuerpo ciliar, la coroides, la retina, el humor vítreo y el nervio óptico.</Caption></MediaLink><SpanishTermName>melanoma ocular</SpanishTermName><SpanishTermDefinition><DefinitionText>Cáncer poco frecuente de melanocitos (células que producen el pigmento melanina) que se encuentra en el ojo.</DefinitionText><Dictionary>Cancer.gov</Dictionary><Audience>Patient</Audience></SpanishTermDefinition><DateFirstPublished>2002-12-21</DateFirstPublished><DateLastModified>2007-10-29</DateLastModified><RelatedInformation><RelatedSummaryRef UseWith="en" href="CDR0000258015">Intraocular (Uveal) Melanoma Treatment</RelatedSummaryRef><RelatedSummaryRef UseWith="es" href="CDR0000537037">Melanoma ocular uveal: Tratamiento</RelatedSummaryRef></RelatedInformation></GlossaryTerm>
