<?xml version="1.0" encoding="utf-8"?>
<!DOCTYPE GlossaryTerm >
<GlossaryTerm id="CDR0000256566"><TermName>hilar</TermName><TermPronunciation>(HY-ler)</TermPronunciation><TermDefinition><DefinitionText>Refers to the area where nerves and blood vessels attach to an organ.</DefinitionText><Dictionary>Cancer.gov</Dictionary><Audience>Patient</Audience></TermDefinition><MediaLink ref="CDR0000710175" type="audio/mpeg" alt="Pronunciation of dictionary term &quot;hilar&quot;" language="en" id="_3"/><MediaLink ref="CDR0000710176" type="audio/mpeg" alt="Pronunciation of dictionary term &quot;hiliar&quot;" language="es" id="_4"/><SpanishTermName>hiliar</SpanishTermName><SpanishTermDefinition><DefinitionText>Se refiere al área donde los nervios y los vasos sanguíneos se unen a un órgano.</DefinitionText><Dictionary>Cancer.gov</Dictionary><Audience>Patient</Audience></SpanishTermDefinition><DateLastModified>2007-03-20</DateLastModified></GlossaryTerm>
