<?xml version="1.0" encoding="utf-8"?>
<!DOCTYPE GlossaryTerm >
<GlossaryTerm id="CDR0000269414"><TermName>clofarabine</TermName><TermPronunciation>(kloh-FAYR-uh-been)</TermPronunciation><TermDefinition><DefinitionText>A drug used to treat certain types of acute lymphoblastic leukemia in children. It is also being studied in the treatment of other types of cancer. Clofarabine is a type of nucleoside analog. Also called Clolar.</DefinitionText><Dictionary>Cancer.gov</Dictionary><Audience>Patient</Audience></TermDefinition><MediaLink ref="CDR0000710094" type="audio/mpeg" alt="Pronunciation of dictionary term &quot;clofarabine&quot;" language="en" id="_3"/><MediaLink ref="CDR0000710093" type="audio/mpeg" alt="Pronunciation of dictionary term &quot;clofarabina&quot;" language="es" id="_4"/><SpanishTermName>clofarabina</SpanishTermName><SpanishTermDefinition><DefinitionText>Medicamento que se usa para tratar ciertos tipos de leucemia linfoblástica aguda en los niños. Asimismo, está en estudio para el tratamiento de otros tipos de cáncer. La clofarabina es un tipo de análogo nucleosídico. También se llama Clolar.</DefinitionText><Dictionary>Cancer.gov</Dictionary><Audience>Patient</Audience></SpanishTermDefinition><DateFirstPublished>2002-12-21</DateFirstPublished><DateLastModified>2007-04-12</DateLastModified><RelatedInformation><RelatedDrugSummaryRef href="CDR0000492038">Clofarabine</RelatedDrugSummaryRef></RelatedInformation></GlossaryTerm>
