<?xml version="1.0" encoding="utf-8"?>
<!DOCTYPE GlossaryTerm >
<GlossaryTerm id="CDR0000270730"><TermName>gamma ray</TermName><TermPronunciation>(GA-muh ...)</TermPronunciation><TermDefinition><DefinitionText>A type of high-energy radiation that is different from an x-ray.</DefinitionText><Dictionary>Cancer.gov</Dictionary><Audience>Patient</Audience></TermDefinition><MediaLink ref="CDR0000710232" type="audio/mpeg" alt="Pronunciation of dictionary term &quot;gamma ray&quot;" language="en" id="_3"/><MediaLink ref="CDR0000710231" type="audio/mpeg" alt="Pronunciation of dictionary term &quot;rayo gamma&quot;" language="es" id="_4"/><SpanishTermName>rayo gamma</SpanishTermName><SpanishTermDefinition><DefinitionText>Tipo de radiación de alta energía que es distinta a un rayo X.</DefinitionText><Dictionary>Cancer.gov</Dictionary><Audience>Patient</Audience></SpanishTermDefinition><DateFirstPublished>2003-01-26</DateFirstPublished></GlossaryTerm>
