<?xml version="1.0" encoding="utf-8"?>
<!DOCTYPE GlossaryTerm >
<GlossaryTerm id="CDR0000269418"><TermName>epothilone</TermName><TermPronunciation>(eh-POTH-ih-lone)</TermPronunciation><TermDefinition><DefinitionText>A substance obtained from bacteria that interferes with cell division. Some epothilones are being studied as treatments for cancer.</DefinitionText><Dictionary>Cancer.gov</Dictionary><Audience>Patient</Audience></TermDefinition><MediaLink ref="CDR0000709980" type="audio/mpeg" alt="Pronunciation of dictionary term &quot;epothilone&quot;" language="en" id="_3"/><MediaLink ref="CDR0000709981" type="audio/mpeg" alt="Pronunciation of dictionary term &quot;epotilona&quot;" language="es" id="_4"/><SpanishTermName>epotilona</SpanishTermName><SpanishTermDefinition><DefinitionText>Medicamento obtenido de bacterias que interfiere la división celular. Algunas epotilonas se encuentran en estudio para tratamientos del cáncer.</DefinitionText><Dictionary>Cancer.gov</Dictionary><Audience>Patient</Audience></SpanishTermDefinition><DateFirstPublished>2002-12-21</DateFirstPublished><DateLastModified>2007-03-19</DateLastModified></GlossaryTerm>
