<?xml version="1.0" encoding="utf-8"?>
<!DOCTYPE GlossaryTerm >
<GlossaryTerm id="CDR0000269471"><TermName>UVA radiation</TermName><TermPronunciation>(… RAY-dee-AY-shun)</TermPronunciation><TermDefinition><DefinitionText>Invisible rays that are part of the energy that comes from the sun. UVA radiation also comes from sun lamps and tanning beds. UVA radiation may cause premature aging of the skin and skin cancer. It may also cause problems with the eyes and the immune system. Skin specialists recommend that people use sunscreens that protect the skin from ultraviolet radiation. In medicine, UVA radiation also comes from special lamps or a laser and is used to treat certain skin conditions such as psoriasis, vitiligo, and skin tumors of cutaneous T-cell lymphoma. Also called ultraviolet A radiation.</DefinitionText><Dictionary>Cancer.gov</Dictionary><Audience>Patient</Audience></TermDefinition><MediaLink ref="CDR0000710271" type="audio/mpeg" alt="Pronunciation of dictionary term &quot;UVA radiation&quot;" language="en" id="_3"/><MediaLink ref="CDR0000710272" type="audio/mpeg" alt="Pronunciation of dictionary term &quot;radiación UVA&quot;" language="es" id="_4"/><SpanishTermName>radiación UVA</SpanishTermName><SpanishTermDefinition><DefinitionText>Rayos invisibles que forman parte de la energía que viene del sol. La radiación UVA también proviene de lámparas solares y camillas de bronceado. La radiación UVA puede causar envejecimiento prematuro de la piel y cáncer de piel. También puede causar problemas en los ojos y el sistema inmunitario. Los especialistas de la piel recomiendan que las personas usen filtros solares que protegen la piel de la radiación ultravioleta. En el campo de la medicina, la radiación UVA también surge de lámparas o rayos láser especiales que se usan para tratar ciertas afecciones de la piel como soriasis, vitiligo y tumores de la piel causa del linfoma cutáneo de células T. También se llama radiación ultravioleta A.</DefinitionText><Dictionary>Cancer.gov</Dictionary><Audience>Patient</Audience></SpanishTermDefinition><DateFirstPublished>2002-12-21</DateFirstPublished><DateLastModified>2010-06-14</DateLastModified></GlossaryTerm>
