<?xml version="1.0" encoding="utf-8"?>
<!DOCTYPE GlossaryTerm >
<GlossaryTerm id="CDR0000256573"><TermName>polyphenol</TermName><TermPronunciation>(PAH-lee-FEE-nol)</TermPronunciation><TermDefinition><DefinitionText>A substance that is found in many plants and gives some flowers, fruits, and vegetables their color. Polyphenols have antioxidant activity.</DefinitionText><Dictionary>Cancer.gov</Dictionary><Audience>Patient</Audience></TermDefinition><MediaLink ref="CDR0000709873" type="audio/mpeg" alt="Pronunciation of dictionary term &quot;polyphenol&quot;" language="en" id="_3"/><MediaLink ref="CDR0000709874" type="audio/mpeg" alt="Pronunciation of dictionary term &quot;polifenol&quot;" language="es" id="_4"/><SpanishTermName>polifenol</SpanishTermName><SpanishTermDefinition><DefinitionText>Sustancia que se encuentra en muchas plantas y le da su color a algunas flores, frutas y vegetales. Los polifenoles son antioxidantes.</DefinitionText><Dictionary>Cancer.gov</Dictionary><Audience>Patient</Audience></SpanishTermDefinition><DateLastModified>2007-05-17</DateLastModified></GlossaryTerm>
