<?xml version="1.0" encoding="utf-8"?>
<!DOCTYPE GlossaryTerm >
<GlossaryTerm id="CDR0000285632"><TermName>E7389</TermName><TermDefinition><DefinitionText>A drug used to treat metastatic breast cancer in patients who have already been treated with other chemotherapy. It is also being studied in the treatment of other types of cancer. E7389 may block cancer cell growth by stopping cell division. It belongs to the family of drugs called antitubulin agents. Also called eribulin mesylate and Halaven.</DefinitionText><Dictionary>Cancer.gov</Dictionary><Audience>Patient</Audience></TermDefinition><SpanishTermName>E7389</SpanishTermName><SpanishTermDefinition><DefinitionText>Medicamento que se usa para tratar el cáncer de mama metastásico de pacientes que ya fueron tratados con otra quimioterapia. También está en estudio para el tratamiento de otros tipos de cáncer. E7389 puede evitar el crecimiento de las células cancerosas al impedir la multiplicación celular. Pertenece a la familia de los antitubulínicos. También se llama Halaven y mesilato de eribulina.</DefinitionText><Dictionary>Cancer.gov</Dictionary><Audience>Patient</Audience></SpanishTermDefinition><DateFirstPublished>2003-02-21</DateFirstPublished><DateLastModified>2010-12-10</DateLastModified><RelatedInformation><RelatedDrugSummaryRef href="CDR0000689690">Eribulin Mesylate</RelatedDrugSummaryRef></RelatedInformation></GlossaryTerm>
