<?xml version="1.0" encoding="utf-8"?>
<!DOCTYPE GlossaryTerm >
<GlossaryTerm id="CDR0000269436"><TermName>astrocyte</TermName><TermPronunciation>(AS-troh-site)</TermPronunciation><TermDefinition><DefinitionText>A large, star-shaped cell that holds nerve cells in place and helps them develop and work the way they should. An astrocyte is a type of glial cell.</DefinitionText><Dictionary>Cancer.gov</Dictionary><Audience>Patient</Audience></TermDefinition><MediaLink ref="CDR0000709978" type="audio/mpeg" alt="Pronunciation of dictionary term &quot;astrocyte&quot;" language="en" id="_3"/><MediaLink ref="CDR0000709979" type="audio/mpeg" alt="Pronunciation of dictionary term &quot;astrocito&quot;" language="es" id="_4"/><SpanishTermName>astrocito</SpanishTermName><SpanishTermDefinition><DefinitionText>Célula grande en forma de estrella que mantiene las células nerviosas en su lugar y las ayuda a desarrollar y funcionar correctamente. Un astrocito es un tipo de célula glial.</DefinitionText><Dictionary>Cancer.gov</Dictionary><Audience>Patient</Audience></SpanishTermDefinition><DateFirstPublished>2002-12-21</DateFirstPublished><DateLastModified>2009-03-05</DateLastModified></GlossaryTerm>
