<?xml version="1.0" encoding="utf-8"?>
<!DOCTYPE GlossaryTerm >
<GlossaryTerm id="CDR0000269439"><TermName>formaldehyde</TermName><TermPronunciation>(for-MAL-deh-hide)</TermPronunciation><TermDefinition><DefinitionText>A chemical used in manufacturing and chemical industries, and as a preservative by anatomists, embalmers, and pathologists. Being exposed to formaldehyde may increase the risk of developing leukemia and brain cancer.</DefinitionText><Dictionary>Cancer.gov</Dictionary><Audience>Patient</Audience></TermDefinition><MediaLink ref="CDR0000709985" type="audio/mpeg" alt="Pronunciation of dictionary term &quot;formaldehyde&quot;" language="en" id="_3"/><MediaLink ref="CDR0000709984" type="audio/mpeg" alt="Pronunciation of dictionary term &quot;formaldehído&quot;" language="es" id="_4"/><SpanishTermName>formaldehído</SpanishTermName><SpanishTermDefinition><DefinitionText>Sustancia química que se usa en la industria química o de fabricación, y que los anatomistas, embalsamadores y patólogos usan como conservante. La exposición al formaldehído puede aumentar el riesgo de padecer de leucemia y cáncer de cerebro.</DefinitionText><Dictionary>Cancer.gov</Dictionary><Audience>Patient</Audience></SpanishTermDefinition><DateFirstPublished>2002-12-21</DateFirstPublished><DateLastModified>2003-02-10</DateLastModified><RelatedInformation><RelatedExternalRef UseWith="en" xref="http://www.cancer.gov/about-cancer/causes-prevention/risk/substances/formaldehyde/formaldehyde-fact-sheet">Formaldehyde and Cancer Risk</RelatedExternalRef><RelatedExternalRef UseWith="es" xref="http://www.cancer.gov/espanol/cancer/causas-prevencion/riesgo/sustancias/formaldehido/hoja-informativa-formaldehido">El formaldehído y el riesgo de cáncer</RelatedExternalRef></RelatedInformation></GlossaryTerm>
