<?xml version="1.0" encoding="utf-8"?>
<!DOCTYPE GlossaryTerm >
<GlossaryTerm id="CDR0000256579"><TermName>venipuncture</TermName><TermPronunciation>(VEE-nih-PUNK-cher)</TermPronunciation><TermDefinition><DefinitionText>A procedure in which a needle is used to take blood from a vein, usually for laboratory testing. Venipuncture may also be done to remove extra red blood cells from the blood, to treat certain blood disorders. Also called blood draw and phlebotomy.</DefinitionText><Dictionary>Cancer.gov</Dictionary><Audience>Patient</Audience></TermDefinition><MediaLink ref="CDR0000710247" type="audio/mpeg" alt="Pronunciation of dictionary term &quot;venipuncture&quot;" language="en" id="_3"/><MediaLink ref="CDR0000710248" type="audio/mpeg" alt="Pronunciation of dictionary term &quot;punción venosa&quot;" language="es" id="_4"/><SpanishTermName>punción venosa</SpanishTermName><SpanishTermDefinition><DefinitionText>Procedimiento para el que se usa una aguja para extraer sangre de una vena; habitualmente, para hacer pruebas de laboratorio.  Una punción venosa también se puede realizar para remover exceso de células sanguíneas de la sangre, para tratar ciertas afecciones de la sangre. También se llama extracción de sangre y flebotomía.</DefinitionText><Dictionary>Cancer.gov</Dictionary><Audience>Patient</Audience></SpanishTermDefinition><DateLastModified>2015-09-28</DateLastModified></GlossaryTerm>
