<?xml version="1.0" encoding="utf-8"?>
<!DOCTYPE GlossaryTerm >
<GlossaryTerm id="CDR0000285974"><TermName>mean survival</TermName><TermPronunciation>(meen ser-VY-vul)</TermPronunciation><TermDefinition><DefinitionText>The average length of time from either the date of diagnosis or the start of treatment for a disease, such as cancer, that patients diagnosed with the disease are still alive. In a clinical trial, measuring mean survival is one way to see how well a new treatment works.</DefinitionText><Dictionary>Cancer.gov</Dictionary><Audience>Patient</Audience></TermDefinition><MediaLink ref="CDR0000710127" type="audio/mpeg" alt="Pronunciation of dictionary term &quot;mean survival&quot;" language="en" id="_5"/><MediaLink ref="CDR0000710128" type="audio/mpeg" alt="Pronunciation of dictionary term &quot;media de tiempo de supervivencia&quot;" language="es" id="_4"/><SpanishTermName>media de supervivencia</SpanishTermName><SpanishTermDefinition><DefinitionText>El tiempo promedio de duración desde el momento del diagnóstico o el comienzo del tratamiento de una enfermedad, como el cáncer, en el que los pacientes de una enfermedad todavía están vivos. En un ensayo clínico, la medida de la duración de la media de supervivencia permite determinar si el tratamiento es eficaz.</DefinitionText><Dictionary>Cancer.gov</Dictionary><Audience>Patient</Audience></SpanishTermDefinition><DateFirstPublished>2003-02-21</DateFirstPublished><DateLastModified>2012-08-15</DateLastModified></GlossaryTerm>
