<?xml version="1.0" encoding="utf-8"?>
<!DOCTYPE GlossaryTerm >
<GlossaryTerm id="CDR0000256558"><TermName>dysesthesia</TermName><TermPronunciation>(DIH-ses-THEE-zhuh)</TermPronunciation><TermDefinition><DefinitionText>A condition in which a sense, especially touch, is distorted. Dysesthesia can cause an ordinary stimulus to be unpleasant or painful. It can also cause insensitivity to a stimulus.</DefinitionText><Dictionary>Cancer.gov</Dictionary><Audience>Patient</Audience></TermDefinition><MediaLink ref="CDR0000710126" type="audio/mpeg" alt="Pronunciation of dictionary term &quot;dysesthesia&quot;" language="en" id="_3"/><MediaLink ref="CDR0000710125" type="audio/mpeg" alt="Pronunciation of dictionary term &quot;disestesia&quot;" language="es" id="_4"/><SpanishTermName>disestesia</SpanishTermName><SpanishTermDefinition><DefinitionText>Afección por el cual se distorsiona un sentido, especialmente el del tacto. La disestesia puede causar que un estímulo común sea desagradable o doloroso. También puede causar insensibilidad a un estímulo.</DefinitionText><Dictionary>Cancer.gov</Dictionary><Audience>Patient</Audience></SpanishTermDefinition><DateLastModified>2007-03-19</DateLastModified></GlossaryTerm>
