<?xml version="1.0" encoding="utf-8"?>
<!DOCTYPE GlossaryTerm >
<GlossaryTerm id="CDR0000269440"><TermName>glial cell</TermName><TermPronunciation>(GLEE-ul sel)</TermPronunciation><TermDefinition><DefinitionText>Any of the cells that hold nerve cells in place and help them work the way they should. The types of glial cells include oligodendrocytes, astrocytes, microglia, and ependymal cells. Also called neuroglia.</DefinitionText><Dictionary>Cancer.gov</Dictionary><Audience>Patient</Audience></TermDefinition><MediaLink ref="CDR0000709986" type="audio/mpeg" alt="Pronunciation of dictionary term &quot;glial cell&quot;" language="en" id="_3"/><MediaLink ref="CDR0000709987" type="audio/mpeg" alt="Pronunciation of dictionary term &quot;célula neuroglial&quot;" language="es" id="_4"/><SpanishTermName>célula neuroglial</SpanishTermName><SpanishTermDefinition><DefinitionText>Cualquiera de las células que mantiene las neuronas en su lugar y las ayuda a funcionar como deben. Entre los tipos de células neurogliales  están los oligodendrocitos, los astrocitos, las  microglias y las células ependimarias.  También se llama neuroglia.</DefinitionText><Dictionary>Cancer.gov</Dictionary><Audience>Patient</Audience></SpanishTermDefinition><DateFirstPublished>2002-12-21</DateFirstPublished><DateLastModified>2007-10-08</DateLastModified></GlossaryTerm>
