<?xml version="1.0" encoding="utf-8"?>
<!DOCTYPE GlossaryTerm >
<GlossaryTerm id="CDR0000257223"><TermName>carcinomatosis</TermName><TermPronunciation>(KAR-sih-NOH-muh-TOH-sis)</TermPronunciation><TermDefinition><DefinitionText>A condition in which cancer is spread widely throughout the body, or, in some cases, to a relatively large region of the body. Also called carcinosis.</DefinitionText><Dictionary>Cancer.gov</Dictionary><Audience>Patient</Audience></TermDefinition><MediaLink ref="CDR0000710082" type="audio/mpeg" alt="Pronunciation of dictionary term &quot;carcinomatosis&quot;" language="en" id="_3"/><MediaLink ref="CDR0000710081" type="audio/mpeg" alt="Pronunciation of dictionary term &quot;carcinomatosis&quot;" language="es" id="_4"/><SpanishTermName>carcinomatosis</SpanishTermName><SpanishTermDefinition><DefinitionText>Situación en la que el cáncer se disemina ampliamente en todo el cuerpo o, en algunos casos, a una región relativamente grande del cuerpo. También se llama carcinosis.</DefinitionText><Dictionary>Cancer.gov</Dictionary><Audience>Patient</Audience></SpanishTermDefinition><DateLastModified>2007-05-16</DateLastModified></GlossaryTerm>
