<?xml version="1.0" encoding="utf-8"?>
<!DOCTYPE GlossaryTerm >
<GlossaryTerm id="CDR0000270732"><TermName>allogeneic stem cell transplantation</TermName><TermPronunciation>(A-loh-jeh-NAY-ik stem sel tranz-plan-TAY-shun)</TermPronunciation><TermDefinition><DefinitionText>A procedure in which a person receives blood-forming stem cells (cells from which all blood cells develop) from a genetically similar, but not identical, donor. This is often a sister or brother, but could be an unrelated donor.</DefinitionText><Dictionary>Cancer.gov</Dictionary><Audience>Patient</Audience></TermDefinition><MediaLink ref="CDR0000710236" type="audio/mpeg" alt="Pronunciation of dictionary term &quot;allogeneic stem cell transplantation&quot;" language="en" id="_3"/><MediaLink ref="CDR0000710235" type="audio/mpeg" alt="Pronunciation of dictionary term &quot;trasplante alogénico de células madre&quot;" language="es" id="_4"/><MediaLink ref="CDR0000614607" type="image/jpeg" alt="Drawing of stem cells being removed from a patient or donor. Blood is collected from a vein in the arm and flows through a machine that removes the stem cells; the remaining blood is returned to a vein in the other arm." language="en" audience="Patients" thumb="Yes" id="_3"><Caption language="en">Stem cell transplant (Step 1). Blood is taken from a vein in the arm of the donor. The patient or another person may be the donor. The blood flows through a machine that removes the stem cells. Then the blood is returned to the donor through a vein in the other arm.</Caption></MediaLink><MediaLink ref="CDR0000614608" type="image/jpeg" alt="Drawing of a health care provider giving a patient treatment to kill blood-forming cells. Chemotherapy is given to the patient through a catheter in the chest." language="en" audience="Patients" thumb="Yes" id="_4"><Caption language="en">Stem cell transplant (Step 2). The patient receives chemotherapy to kill blood-forming cells. The patient may receive radiation therapy (not shown).</Caption></MediaLink><MediaLink ref="CDR0000614609" type="image/jpeg" alt="Drawing of stem cells being given to the patient through a catheter in the chest." language="en" audience="Patients" thumb="Yes" id="_5"><Caption language="en">Stem cell transplant (Step 3). The patient receives stem cells through a catheter placed into a blood vessel in the chest.</Caption></MediaLink><MediaLink ref="CDR0000700950" type="image/jpeg" alt="Dibujo de las células madre que se extraen de un paciente o un donante.  La sangre se toma de una vena del brazo y circula a través de una máquina que extrae las células madre; la sangre que queda se devuelve a una vena del otro brazo." language="es" audience="Patients" thumb="Yes" id="_9"><Caption language="es">Trasplante de células madre (primer paso). Se toma sangre de una vena del brazo de un donante.  El donante puede ser el paciente u otra persona.  La sangre circula por una máquina que extrae las células madre.  Luego, la sangre se devuelve al paciente a través de una vena del otro brazo.</Caption></MediaLink><MediaLink ref="CDR0000700951" type="image/jpeg" alt="Dibujo de un proveedor de salud administrando un tratamiento para destruir las células que forman la sangre de un paciente. Se administra la quimioterapia a través de un catéter colocado en el pecho del paciente." language="es" audience="Patients" thumb="Yes" id="_7"><Caption language="es">Trasplante de células madre (segundo paso). El paciente recibe quimioterapia para destruir las células que forman la sangre. El paciente puede recibir radioterapia (no se muestra).</Caption></MediaLink><MediaLink ref="CDR0000700952" type="image/jpeg" alt="Dibujo de la administración de células madre a un paciente a través de un catéter colocado en el pecho." language="es" audience="Patients" thumb="Yes" id="_8"><Caption language="es">Trasplante de células madre (tercer paso). El paciente recibe las células madre a través de un catéter colocado en un vaso sanguíneo del pecho.</Caption></MediaLink><SpanishTermName>trasplante alogénico de células madre</SpanishTermName><SpanishTermDefinition><DefinitionText>Procedimiento mediante el cual una persona recibe células madre formadoras de sangre (células a partir de las cuales se forman todas las células sanguíneas) provenientes de un donante genéticamente similar, pero no idéntico. Generalmente es un hermano o hermana, pero puede ser un donante no emparentado.</DefinitionText><Dictionary>Cancer.gov</Dictionary><Audience>Patient</Audience></SpanishTermDefinition><DateFirstPublished>2003-01-26</DateFirstPublished><DateLastModified>2011-09-19</DateLastModified></GlossaryTerm>
