<?xml version="1.0" encoding="utf-8"?>
<!DOCTYPE GlossaryTerm >
<GlossaryTerm id="CDR0000269432"><TermName>visilizumab</TermName><TermPronunciation>(vih-sih-LIZ-yoo-mab)</TermPronunciation><TermDefinition><DefinitionText>A substance being studied in the treatment of an immune system reaction called graft-versus-host disease (GVHD), which may occur after a donor stem cell transplant. It is also being studied in the treatment of some autoimmune diseases. Visilizumab binds to a protein called CD3, which is found on some T cells (a type of white blood cell). This may help suppress the body’s immune response. Visilizumab is a type of monoclonal antibody.</DefinitionText><Dictionary>Cancer.gov</Dictionary><Audience>Patient</Audience></TermDefinition><MediaLink ref="CDR0000709971" type="audio/mpeg" alt="Pronunciation of dictionary term &quot;visilizumab&quot;" language="en" id="_3"/><MediaLink ref="CDR0000709970" type="audio/mpeg" alt="Pronunciation of dictionary term &quot;visilizumab&quot;" language="es" id="_4"/><SpanishTermName>visilizumab</SpanishTermName><SpanishTermDefinition><DefinitionText>Sustancia en estudio para el tratamiento de una reacción del sistema inmunitario que se llama enfermedad del injerto contra huésped (EICH), que se puede presentar después de un trasplante de células madre de un donante. También está en estudio para el tratamiento de algunas enfermedades autoinmunitarias. El visilizumab se une a una proteína que se llama CD3, que se encuentra en algunas células T (tipo de glóbulo blanco). Puede ayudar a suprimir la respuesta inmunitaria del cuerpo. El visilizumab es un tipo de anticuerpo monoclonal.</DefinitionText><Dictionary>Cancer.gov</Dictionary><Audience>Patient</Audience></SpanishTermDefinition><DateFirstPublished>2002-12-21</DateFirstPublished><DateLastModified>2014-02-17</DateLastModified></GlossaryTerm>
