<?xml version="1.0" encoding="utf-8"?>
<!DOCTYPE GlossaryTerm >
<GlossaryTerm id="CDR0000257210"><TermName>invasive procedure</TermName><TermPronunciation>(in-VAY-siv proh-SEE-jer)</TermPronunciation><TermDefinition><DefinitionText>A medical procedure that invades (enters) the body, usually by cutting or puncturing the skin or by inserting instruments into the body.</DefinitionText><Dictionary>Cancer.gov</Dictionary><Audience>Patient</Audience></TermDefinition><MediaLink ref="CDR0000731504" type="audio/mpeg" alt="Pronunciation of dictionary term &quot;invasive procedure&quot;" language="en" id="_3"/><MediaLink ref="CDR0000731505" type="audio/mpeg" alt="Pronunciation of dictionary term &quot;procedimiento invasor&quot;" language="es" id="_4"/><SpanishTermName>procedimiento invasor</SpanishTermName><SpanishTermDefinition><DefinitionText>Procedimiento médico que invade (entra) el cuerpo, por lo general al cortar o punzar la piel, o al introducir instrumentos en el cuerpo.</DefinitionText><Dictionary>Cancer.gov</Dictionary><Audience>Patient</Audience></SpanishTermDefinition></GlossaryTerm>
