<?xml version="1.0" encoding="utf-8"?>
<!DOCTYPE GlossaryTerm >
<GlossaryTerm id="CDR0000256550"><TermName>darbepoetin alfa</TermName><TermPronunciation>(DAR-bee-POH-eh-tin AL-fuh)</TermPronunciation><TermDefinition><DefinitionText>A substance made in the laboratory that stimulates the bone marrow to produce red blood cells. It belongs to the family of drugs called antianemics.</DefinitionText><Dictionary>Cancer.gov</Dictionary><Audience>Patient</Audience></TermDefinition><MediaLink ref="CDR0000709829" type="audio/mpeg" alt="Pronunciation of dictionary term &quot;darbepoetin alfa&quot;" language="en" id="_3"/><SpanishTermName>darbepoyetina alfa</SpanishTermName><SpanishTermDefinition><DefinitionText>Sustancia producida en el laboratorio que estimula la médula ósea para que produzca glóbulos rojos. Es un tipo de antianémico.</DefinitionText><Dictionary>Cancer.gov</Dictionary><Audience>Patient</Audience></SpanishTermDefinition><DateLastModified>2002-07-19</DateLastModified></GlossaryTerm>
