<?xml version="1.0" encoding="utf-8"?>
<!DOCTYPE GlossaryTerm >
<GlossaryTerm id="CDR0000270868"><TermName>modality</TermName><TermPronunciation>(moh-DA-lih-tee)</TermPronunciation><TermDefinition><DefinitionText>A method of treatment. For example, surgery and chemotherapy are treatment modalities.</DefinitionText><Dictionary>Cancer.gov</Dictionary><Audience>Patient</Audience></TermDefinition><MediaLink ref="CDR0000731111" type="audio/mpeg" alt="Pronunciation of dictionary term &quot;modality&quot;" language="en" id="_3"/><MediaLink ref="CDR0000731110" type="audio/mpeg" alt="Pronunciation of dictionary term &quot;modalidad&quot;" language="es" id="_4"/><SpanishTermName>modalidad</SpanishTermName><SpanishTermDefinition><DefinitionText>Método de tratamiento. Por ejemplo, la cirugía y la quimioterapia son modalidades de tratamiento.</DefinitionText><Dictionary>Cancer.gov</Dictionary><Audience>Patient</Audience></SpanishTermDefinition><DateFirstPublished>2003-01-26</DateFirstPublished></GlossaryTerm>
