<?xml version="1.0" encoding="utf-8"?>
<!DOCTYPE GlossaryTerm >
<GlossaryTerm id="CDR0000270860"><TermName>glucagon</TermName><TermPronunciation>(GLOO-kuh-gon)</TermPronunciation><TermDefinition><DefinitionText>A hormone produced by the pancreas that increases the level of glucose (sugar) in the blood.</DefinitionText><Dictionary>Cancer.gov</Dictionary><Audience>Patient</Audience></TermDefinition><MediaLink ref="CDR0000731104" type="audio/mpeg" alt="Pronunciation of dictionary term &quot;glucagon&quot;" language="en" id="_3"/><MediaLink ref="CDR0000731105" type="audio/mpeg" alt="Pronunciation of dictionary term &quot;glucagón&quot;" language="es" id="_4"/><SpanishTermName>glucagón</SpanishTermName><SpanishTermDefinition><DefinitionText>Hormona producida por el páncreas que aumenta la concentración de glucosa (azúcar) en la sangre.</DefinitionText><Dictionary>Cancer.gov</Dictionary><Audience>Patient</Audience></SpanishTermDefinition><DateFirstPublished>2003-01-26</DateFirstPublished></GlossaryTerm>
