<?xml version="1.0" encoding="utf-8"?>
<!DOCTYPE GlossaryTerm >
<GlossaryTerm id="CDR0000256575"><TermName>proximal</TermName><TermPronunciation>(PROK-sih-mul)</TermPronunciation><TermDefinition><DefinitionText>In medicine, refers to a part of the body that is closer to the center of the body than another part. For example, the knee is proximal to the toes. The opposite is distal.</DefinitionText><Dictionary>Cancer.gov</Dictionary><Audience>Patient</Audience></TermDefinition><MediaLink ref="CDR0000731145" type="audio/mpeg" alt="Pronunciation of dictionary term &quot;proximal&quot;" language="en" id="_3"/><MediaLink ref="CDR0000731144" type="audio/mpeg" alt="Pronunciation of dictionary term &quot;proximal&quot;" language="es" id="_4"/><SpanishTermName>proximal</SpanishTermName><SpanishTermDefinition><DefinitionText>En medicina, se refiere a una parte del cuerpo que está más cerca del centro del cuerpo que otra parte. Por ejemplo, la rodilla es proximal con respecto a los dedos del pie. Lo opuesto es distal.</DefinitionText><Dictionary>Cancer.gov</Dictionary><Audience>Patient</Audience></SpanishTermDefinition><DateLastModified>2002-07-19</DateLastModified></GlossaryTerm>
