<?xml version="1.0" encoding="utf-8"?>
<!DOCTYPE GlossaryTerm >
<GlossaryTerm id="CDR0000269452"><TermName>Schwann cell</TermName><TermPronunciation>(shwan sel)</TermPronunciation><TermDefinition><DefinitionText>A type of glial cell of the peripheral nervous system that helps separate and insulate nerve cells.</DefinitionText><Dictionary>Cancer.gov</Dictionary><Audience>Patient</Audience></TermDefinition><MediaLink ref="CDR0000731450" type="audio/mpeg" alt="Pronunciation of dictionary term &quot;Schwann cell&quot;" language="en" id="_3"/><MediaLink ref="CDR0000731451" type="audio/mpeg" alt="Pronunciation of dictionary term &quot;célula de Schwann&quot;" language="es" id="_4"/><SpanishTermName>célula de Schwann</SpanishTermName><SpanishTermDefinition><DefinitionText>Tipo de célula glial del sistema nervioso periférico que ayuda a separar y aislar las células nerviosas.</DefinitionText><Dictionary>Cancer.gov</Dictionary><Audience>Patient</Audience></SpanishTermDefinition><DateFirstPublished>2002-12-21</DateFirstPublished></GlossaryTerm>
