<?xml version="1.0" encoding="utf-8"?>
<!DOCTYPE GlossaryTerm >
<GlossaryTerm id="CDR0000256553"><TermName>genetic susceptibility</TermName><TermPronunciation>(jeh-NEH-tik suh-SEP-tih-BIH-lih-tee)</TermPronunciation><TermDefinition><DefinitionText>An inherited increase in the risk of developing a disease. Also called genetic predisposition.</DefinitionText><Dictionary>Cancer.gov</Dictionary><Audience>Patient</Audience></TermDefinition><TermDefinition><DefinitionText>Increased likelihood or chance of developing a particular disease due to the presence of one or more gene mutations and/or a family history that indicates an increased risk of the disease. Also called genetic predisposition.</DefinitionText><Dictionary>Genetics</Dictionary><Audience>Health professional</Audience></TermDefinition><MediaLink ref="CDR0000709835" type="audio/mpeg" alt="Pronunciation of dictionary term &quot;genetic susceptibility&quot;" language="en" id="_3"/><MediaLink ref="CDR0000709836" type="audio/mpeg" alt="Pronunciation of dictionary term &quot;susceptibilidad genética&quot;" language="es" id="_4"/><SpanishTermName>susceptibilidad genética</SpanishTermName><SpanishTermDefinition><DefinitionText>Aumento heredado del riesgo de padecer de una enfermedad. También se llama predisposición genética.</DefinitionText><Dictionary>Cancer.gov</Dictionary><Audience>Patient</Audience></SpanishTermDefinition><DateLastModified>2007-06-05</DateLastModified></GlossaryTerm>
