<?xml version="1.0" encoding="utf-8"?>
<!DOCTYPE GlossaryTerm >
<GlossaryTerm id="CDR0000256562"><TermName>essential thrombocythemia</TermName><TermPronunciation>(eh-SENT-shul THROM-boh-sy-THEE-mee-uh)</TermPronunciation><TermDefinition><DefinitionText>An increased number of thrombocytes (platelets) in the blood, without a known cause. Also called essential thrombocytosis.</DefinitionText><Dictionary>Cancer.gov</Dictionary><Audience>Patient</Audience></TermDefinition><MediaLink ref="CDR0000731132" type="audio/mpeg" alt="Pronunciation of dictionary term &quot;essential thrombocythemia&quot;" language="en" id="_3"/><MediaLink ref="CDR0000731133" type="audio/mpeg" alt="Pronunciation of dictionary term &quot;trombocitemia esencial&quot;" language="es" id="_4"/><SpanishTermName>trombocitemia esencial</SpanishTermName><SpanishTermDefinition><DefinitionText>Número aumentado de trombocitos (plaquetas) en la sangre, sin una causa conocida. También se llama trombocitosis esencial.</DefinitionText><Dictionary>Cancer.gov</Dictionary><Audience>Patient</Audience></SpanishTermDefinition><DateLastModified>2007-05-16</DateLastModified></GlossaryTerm>
