<?xml version="1.0" encoding="utf-8"?>
<!DOCTYPE GlossaryTerm >
<GlossaryTerm id="CDR0000269416"><TermName>EPO906</TermName><TermDefinition><DefinitionText>A substance that is being studied as a treatment for cancer. It belongs to the family of drugs called epothilones. Also called epothilone B.</DefinitionText><Dictionary>Cancer.gov</Dictionary><Audience>Patient</Audience></TermDefinition><SpanishTermName>EPO906</SpanishTermName><SpanishTermDefinition><DefinitionText>Sustancia en estudio para el tratamiento de cáncer. Es un tipo de epotilona. También se llama epotilona B.</DefinitionText><Dictionary>Cancer.gov</Dictionary><Audience>Patient</Audience></SpanishTermDefinition><DateFirstPublished>2002-12-21</DateFirstPublished><DateLastModified>2007-06-29</DateLastModified></GlossaryTerm>
