<?xml version="1.0" encoding="utf-8"?>
<!DOCTYPE GlossaryTerm >
<GlossaryTerm id="CDR0000288845"><TermName>sarcosinamide nitrosourea</TermName><TermPronunciation>(SAR-koh-SIH-nuh-MIDE ny-TROH-soh-YOO-ree-uh)</TermPronunciation><TermDefinition><DefinitionText>A substance being studied in the treatment of cancer. It is a type of alkylating agent. Also called sarCNU.</DefinitionText><Dictionary>Cancer.gov</Dictionary><Audience>Patient</Audience></TermDefinition><MediaLink ref="CDR0000710284" type="audio/mpeg" alt="Pronunciation of dictionary term &quot;sarcosinamide nitrosourea&quot;" language="en" id="_3"/><MediaLink ref="CDR0000710283" type="audio/mpeg" alt="Pronunciation of dictionary term &quot;sarcosinamida nitrosourea&quot;" language="es" id="_4"/><SpanishTermName>sarcosinamida nitrosourea</SpanishTermName><SpanishTermDefinition><DefinitionText>Sustancia en estudio para el tratamiento del cáncer. Es un tipo de alquilante. También se llama sarCNU.</DefinitionText><Dictionary>Cancer.gov</Dictionary><Audience>Patient</Audience></SpanishTermDefinition><DateFirstPublished>2003-03-24</DateFirstPublished><DateLastModified>2008-11-21</DateLastModified></GlossaryTerm>
