<?xml version="1.0" encoding="utf-8"?>
<!DOCTYPE GlossaryTerm >
<GlossaryTerm id="CDR0000285636"><TermName>implant</TermName><TermPronunciation>(IM-plant)</TermPronunciation><TermDefinition><DefinitionText>A substance or object that is put in the body as a prosthesis, or for treatment or diagnosis.</DefinitionText><Dictionary>Cancer.gov</Dictionary><Audience>Patient</Audience></TermDefinition><MediaLink ref="CDR0000731356" type="audio/mpeg" alt="Pronunciation of dictionary term &quot;implant&quot;" language="en" id="_3"/><MediaLink ref="CDR0000731357" type="audio/mpeg" alt="Pronunciation of dictionary term &quot;implante&quot;" language="es" id="_4"/><SpanishTermName>implante</SpanishTermName><SpanishTermDefinition><DefinitionText>Sustancia u objeto que se pone en el cuerpo, como una prótesis, o que se usa para tratar o diagnosticar.</DefinitionText><Dictionary>Cancer.gov</Dictionary><Audience>Patient</Audience></SpanishTermDefinition><DateFirstPublished>2003-02-21</DateFirstPublished></GlossaryTerm>
