<?xml version="1.0" encoding="utf-8"?>
<!DOCTYPE GlossaryTerm >
<GlossaryTerm id="CDR0000285978"><TermName>operable</TermName><TermPronunciation>(AH-peh-ruh-bul)</TermPronunciation><TermDefinition><DefinitionText>Describes a condition that can be treated by surgery.</DefinitionText><Dictionary>Cancer.gov</Dictionary><Audience>Patient</Audience></TermDefinition><MediaLink ref="CDR0000731579" type="audio/mpeg" alt="Pronunciation of dictionary term &quot;operable&quot;" language="en" id="_3"/><MediaLink ref="CDR0000731578" type="audio/mpeg" alt="Pronunciation of dictionary term &quot;operable&quot;" language="es" id="_4"/><SpanishTermName>operable</SpanishTermName><SpanishTermDefinition><DefinitionText>Describe una enfermedad que se puede tratar con cirugía.</DefinitionText><Dictionary>Cancer.gov</Dictionary><Audience>Patient</Audience></SpanishTermDefinition><DateFirstPublished>2003-02-21</DateFirstPublished></GlossaryTerm>
