<?xml version="1.0" encoding="utf-8"?>
<!DOCTYPE GlossaryTerm >
<GlossaryTerm id="CDR0000256560"><TermName>emesis</TermName><TermPronunciation>(EH-meh-sis)</TermPronunciation><TermDefinition><DefinitionText>Vomiting.</DefinitionText><Dictionary>Cancer.gov</Dictionary><Audience>Patient</Audience></TermDefinition><MediaLink ref="CDR0000710136" type="audio/mpeg" alt="Pronunciation of dictionary term &quot;emesis&quot;" language="en" id="_3"/><MediaLink ref="CDR0000710135" type="audio/mpeg" alt="Pronunciation of dictionary term &quot;emesis&quot;" language="es" id="_4"/><SpanishTermName>emesis</SpanishTermName><SpanishTermDefinition><DefinitionText>vómito</DefinitionText><Dictionary>Cancer.gov</Dictionary><Audience>Patient</Audience></SpanishTermDefinition><DateLastModified>2006-10-05</DateLastModified></GlossaryTerm>
