<?xml version="1.0" encoding="utf-8"?>
<!DOCTYPE GlossaryTerm >
<GlossaryTerm id="CDR0000270867"><TermName>chemoimmunotherapy</TermName><TermPronunciation>(KEE-moh-IH-myoo-noh-THAYR-uh-pee)</TermPronunciation><TermDefinition><DefinitionText>Chemotherapy combined with immunotherapy. Chemotherapy uses different drugs to kill or slow the growth of cancer cells; immunotherapy uses treatments to stimulate or restore the ability of the immune system to fight cancer.</DefinitionText><Dictionary>Cancer.gov</Dictionary><Audience>Patient</Audience></TermDefinition><MediaLink ref="CDR0000709803" type="audio/mpeg" alt="Pronunciation of dictionary term &quot;chemoimmunotherapy&quot;" language="en" id="_3"/><MediaLink ref="CDR0000709804" type="audio/mpeg" alt="Pronunciation of dictionary term &quot;quimioinmunoterapia&quot;" language="es" id="_4"/><SpanishTermName>quimioinmunoterapia</SpanishTermName><SpanishTermDefinition><DefinitionText>Quimioterapia combinada con inmunoterapia. La quimioterapia emplea diferentes medicamentos para eliminar o desacelerar el crecimiento de las células cancerosas; la inmunoterapia emplea tratamientos para estimular o restaurar la capacidad del sistema inmunitario de combatir el cáncer.</DefinitionText><Dictionary>Cancer.gov</Dictionary><Audience>Patient</Audience></SpanishTermDefinition><DateFirstPublished>2003-01-26</DateFirstPublished><DateLastModified>2006-09-28</DateLastModified></GlossaryTerm>
