<?xml version="1.0" encoding="utf-8"?>
<!DOCTYPE GlossaryTerm >
<GlossaryTerm id="CDR0000270726"><TermName>proton beam radiation therapy</TermName><TermPronunciation>(PROH-ton beem RAY-dee-AY-shun THAYR-uh-pee)</TermPronunciation><TermDefinition><DefinitionText>A type of radiation therapy that uses streams of protons (tiny particles with a positive charge) to kill tumor cells. This type of treatment can reduce the amount of radiation damage to healthy tissue near a tumor. It is used to treat cancers of the head and neck and organs such as the brain, eye, lung, spine, and prostate. Proton beam radiation is different from x-ray radiation.</DefinitionText><Dictionary>Cancer.gov</Dictionary><Audience>Patient</Audience></TermDefinition><MediaLink ref="CDR0000710225" type="audio/mpeg" alt="Pronunciation of dictionary term &quot;proton beam radiation therapy&quot;" language="en" id="_3"/><MediaLink ref="CDR0000710226" type="audio/mpeg" alt="Pronunciation of dictionary term &quot;radioterapia con haz de protón&quot;" language="es" id="_4"/><SpanishTermName>radioterapia con haz de protón</SpanishTermName><SpanishTermDefinition><DefinitionText>Tipo de radioterapia que usa corrientes de protones (partículas diminutas con carga positiva) para destruir células tumorales. Este tipo de tratamiento puede reducir el daño que la radiación produce en el tejido sano cerca del tumor. Se usa para tratar cánceres de cabeza y cuello y de órganos como el cerebro, los ojos, los pulmones, la columna vertebral y la próstata. La radiación con haz de protones es distinta de la radiación con rayos X.</DefinitionText><Dictionary>Cancer.gov</Dictionary><Audience>Patient</Audience></SpanishTermDefinition><DateFirstPublished>2003-01-26</DateFirstPublished><DateLastModified>2012-06-18</DateLastModified></GlossaryTerm>
