<?xml version="1.0" encoding="utf-8"?>
<!DOCTYPE GlossaryTerm >
<GlossaryTerm id="CDR0000285973"><TermName>mean</TermName><TermPronunciation>(meen)</TermPronunciation><TermDefinition><DefinitionText>A statistics term. The average value in a set of measurements. The mean is the sum of a set of numbers divided by how many numbers are in the set.</DefinitionText><Dictionary>Cancer.gov</Dictionary><Audience>Patient</Audience></TermDefinition><MediaLink ref="CDR0000731573" type="audio/mpeg" alt="Pronunciation of dictionary term &quot;mean&quot;" language="en" id="_3"/><MediaLink ref="CDR0000731572" type="audio/mpeg" alt="Pronunciation of dictionary term &quot;media&quot;" language="es" id="_4"/><SpanishTermName>media</SpanishTermName><SpanishTermDefinition><DefinitionText>Término estadístico. Es el valor promedio de un conjunto de mediciones. La media es la suma de un conjunto de números divididos por la cantidad de números que forman el conjunto.</DefinitionText><Dictionary>Cancer.gov</Dictionary><Audience>Patient</Audience></SpanishTermDefinition><DateFirstPublished>2003-02-21</DateFirstPublished></GlossaryTerm>
