<?xml version="1.0" encoding="utf-8"?>
<!DOCTYPE GlossaryTerm >
<GlossaryTerm id="CDR0000285673"><TermName>cohort study</TermName><TermPronunciation>(KOH-hort STUH-dee)</TermPronunciation><TermDefinition><DefinitionText>A research study that compares a particular outcome (such as lung cancer) in groups of individuals who are alike in many ways but differ by a certain characteristic (for example, female nurses who smoke compared with those who do not smoke).</DefinitionText><Dictionary>Cancer.gov</Dictionary><Audience>Patient</Audience></TermDefinition><MediaLink ref="CDR0000710293" type="audio/mpeg" alt="Pronunciation of dictionary term &quot;cohort study&quot;" language="en" id="_3"/><MediaLink ref="CDR0000710294" type="audio/mpeg" alt="Pronunciation of dictionary term &quot;estudio de cohorte&quot;" language="es" id="_4"/><SpanishTermName>estudio de cohorte</SpanishTermName><SpanishTermDefinition><DefinitionText>Estudio de investigación que compara un resultado en particular (como el cáncer de pulmón) en grupos de individuos que son similares en muchos aspectos, pero que se diferencian por una cierta característica (por ejemplo, enfermeras que fuman comparadas con las que no fuman).</DefinitionText><Dictionary>Cancer.gov</Dictionary><Audience>Patient</Audience></SpanishTermDefinition><DateFirstPublished>2003-02-21</DateFirstPublished></GlossaryTerm>
