<?xml version="1.0" encoding="utf-8"?>
<!DOCTYPE GlossaryTerm >
<GlossaryTerm id="CDR0000257529"><TermName>total laryngectomy</TermName><TermPronunciation>(TOH-tul LAYR-in-JEK-toh-mee)</TermPronunciation><TermDefinition><DefinitionText>An operation to remove all of the larynx (voice box).</DefinitionText><Dictionary>Cancer.gov</Dictionary><Audience>Patient</Audience></TermDefinition><MediaLink ref="CDR0000710311" type="audio/mpeg" alt="Pronunciation of dictionary term &quot;total laryngectomy&quot;" language="en" id="_3"/><MediaLink ref="CDR0000710312" type="audio/mpeg" alt="Pronunciation of dictionary term &quot;laringectomía total&quot;" language="es" id="_4"/><SpanishTermName>laringectomía total</SpanishTermName><SpanishTermDefinition><DefinitionText>Operación para extirpar toda la laringe.</DefinitionText><Dictionary>Cancer.gov</Dictionary><Audience>Patient</Audience></SpanishTermDefinition><DateLastModified>2006-10-03</DateLastModified></GlossaryTerm>
