<?xml version="1.0" encoding="utf-8"?>
<!DOCTYPE GlossaryTerm >
<GlossaryTerm id="CDR0000270738"><TermName>electromagnetic field</TermName><TermPronunciation>(ee-LEK-troh-mag-NEH-tik feeld)</TermPronunciation><TermDefinition><DefinitionText>An area of electric and magnetic forces caused by electromagnetic radiation. Researchers are studying whether the electromagnetic fields from power lines, electrical appliances, and wireless and cellular telephones can cause cancer or other harmful health effects. Also called EMF.</DefinitionText><Dictionary>Cancer.gov</Dictionary><Audience>Patient</Audience></TermDefinition><MediaLink ref="CDR0000710245" type="audio/mpeg" alt="Pronunciation of dictionary term &quot;electromagnetic field&quot;" language="en" id="_3"/><MediaLink ref="CDR0000710246" type="audio/mpeg" alt="Pronunciation of dictionary term &quot;campo electromagnético&quot;" language="es" id="_4"/><SpanishTermName>campo electromagnético</SpanishTermName><SpanishTermDefinition><DefinitionText>Área de energías eléctricas y magnéticas producidas por la radiación electromagnética. Los investigadores estudian si los campos electromagnéticos de las líneas de energía eléctrica, los artefactos eléctricos y los teléfonos inalámbricos y celulares pueden causar cáncer u otros efectos perjudiciales para la salud.  También se llama CEM.</DefinitionText><Dictionary>Cancer.gov</Dictionary><Audience>Patient</Audience></SpanishTermDefinition><DateFirstPublished>2003-01-26</DateFirstPublished><DateLastModified>2010-05-17</DateLastModified></GlossaryTerm>
