<?xml version="1.0" encoding="utf-8"?>
<!DOCTYPE GlossaryTerm >
<GlossaryTerm id="CDR0000256567"><TermName>hot flash</TermName><TermPronunciation>(hot flash)</TermPronunciation><TermDefinition><DefinitionText>A sudden, temporary onset of body warmth, flushing, and sweating (often associated with menopause).</DefinitionText><Dictionary>Cancer.gov</Dictionary><Audience>Patient</Audience></TermDefinition><MediaLink ref="CDR0000731135" type="audio/mpeg" alt="Pronunciation of dictionary term &quot;hot flash&quot;" language="en" id="_3"/><MediaLink ref="CDR0000731134" type="audio/mpeg" alt="Pronunciation of dictionary term &quot;sofoco (crisis vasomotora)&quot;" language="es" id="_4"/><SpanishTermName>sofoco (crisis vasomotora)</SpanishTermName><SpanishTermDefinition><DefinitionText>Aparición repentina y temporaria de calor corporal, enrojecimiento y sudoración (a menudo se relaciona con la menopausia).</DefinitionText><Dictionary>Cancer.gov</Dictionary><Audience>Patient</Audience></SpanishTermDefinition><DateLastModified>2002-07-19</DateLastModified><RelatedInformation><RelatedSummaryRef UseWith="en" href="CDR0000062827">Hot Flashes and Night Sweats</RelatedSummaryRef><RelatedSummaryRef UseWith="es" href="CDR0000256646">Sofocos y sudores nocturnos</RelatedSummaryRef></RelatedInformation></GlossaryTerm>
