<?xml version="1.0" encoding="utf-8"?>
<!DOCTYPE GlossaryTerm >
<GlossaryTerm id="CDR0000256538"><TermName>light-emitting diode therapy</TermName><TermPronunciation>(lite-ee-MIH-ting DY-ode THAYR-uh-pee)</TermPronunciation><TermDefinition><DefinitionText>Treatment with drugs that become active and may kill cancer cells when exposed to light. Light-emitting diode therapy is type of photodynamic therapy which uses a special type of light to activate the drug. Also called LED therapy.</DefinitionText><Dictionary>Cancer.gov</Dictionary><Audience>Patient</Audience></TermDefinition><MediaLink ref="CDR0000709813" type="audio/mpeg" alt="Pronunciation of dictionary term &quot;light-emitting diode therapy&quot;" language="en" id="_3"/><MediaLink ref="CDR0000709814" type="audio/mpeg" alt="Pronunciation of dictionary term &quot;terapia de diodo emisor de luz&quot;" language="es" id="_4"/><SpanishTermName>terapia de diodo emisor de luz</SpanishTermName><SpanishTermDefinition><DefinitionText>Tratamiento con medicamentos que se vuelven activos cuando se exponen a la luz y pueden destruir las células cancerosas. La terapia de diodo emisor de luz es un tipo de terapia fotodinámica para la que se usa un tipo especial de luz a fin de activar el medicamento. También se llama terapia de DEL.</DefinitionText><Dictionary>Cancer.gov</Dictionary><Audience>Patient</Audience></SpanishTermDefinition><DateLastModified>2008-03-05</DateLastModified></GlossaryTerm>
