<?xml version="1.0" encoding="utf-8"?>
<!DOCTYPE GlossaryTerm >
<GlossaryTerm id="CDR0000285960"><TermName>carbohydrate</TermName><TermPronunciation>(KAR-boh-HY-drayt)</TermPronunciation><TermDefinition><DefinitionText>A sugar molecule. Carbohydrates can be small and simple (for example, glucose) or they can be large and complex (for example, polysaccharides such as starch, chitin or cellulose).</DefinitionText><Dictionary>Cancer.gov</Dictionary><Audience>Patient</Audience></TermDefinition><MediaLink ref="CDR0000731558" type="audio/mpeg" alt="Pronunciation of dictionary term &quot;carbohydrate&quot;" language="en" id="_3"/><MediaLink ref="CDR0000731559" type="audio/mpeg" alt="Pronunciation of dictionary term &quot;carbohidrato&quot;" language="es" id="_4"/><SpanishTermName>carbohidrato</SpanishTermName><SpanishTermDefinition><DefinitionText>Molécula de azúcar. Los carbohidratos pueden ser pequeños y simples (por ejemplo, glucosa) o grandes y complejos (por ejemplo, los polisacáridos como el almidón, la quitina o la celulosa).</DefinitionText><Dictionary>Cancer.gov</Dictionary><Audience>Patient</Audience></SpanishTermDefinition><DateFirstPublished>2003-02-21</DateFirstPublished></GlossaryTerm>
