<?xml version="1.0" encoding="utf-8"?>
<!DOCTYPE GlossaryTerm >
<GlossaryTerm id="CDR0000257218"><TermName>radioactive palladium</TermName><TermPronunciation>(RAY-dee-oh-AK-tiv puh-LAY-dee-um)</TermPronunciation><TermDefinition><DefinitionText>A radioactive form of palladium (a metallic element that resembles platinum). When used to treat prostate cancer, radioactive seeds (small pellets that contain radioactive palladium) are placed in the prostate. Cancer cells are killed by the energy given off as the radioactive material breaks down and becomes more stable.</DefinitionText><Dictionary>Cancer.gov</Dictionary><Audience>Patient</Audience></TermDefinition><MediaLink ref="CDR0000710076" type="audio/mpeg" alt="Pronunciation of dictionary term &quot;radioactive palladium&quot;" language="en" id="_3"/><MediaLink ref="CDR0000710075" type="audio/mpeg" alt="Pronunciation of dictionary term &quot;paladio radiactivo&quot;" language="es" id="_4"/><SpanishTermName>paladio radiactivo</SpanishTermName><SpanishTermDefinition><DefinitionText>Forma radiactiva del paladio (elemento metálico que se parece al platino). Cuando se utiliza para tratar el cáncer de próstata, se colocan semillas radiactivas (bolitas pequeñas que contienen paladio radiactivo) en la próstata. Las células cancerosas se destruyen a medida que la energía que emana el material radiactivo se desgasta (descompone).</DefinitionText><Dictionary>Cancer.gov</Dictionary><Audience>Patient</Audience></SpanishTermDefinition><DateLastModified>2008-02-04</DateLastModified></GlossaryTerm>
