<?xml version="1.0" encoding="utf-8"?>
<!DOCTYPE GlossaryTerm >
<GlossaryTerm id="CDR0000257216"><TermName>prostatitis</TermName><TermPronunciation>(PROS-tuh-TY-tis)</TermPronunciation><TermDefinition><DefinitionText>Inflammation of the prostate gland.</DefinitionText><Dictionary>Cancer.gov</Dictionary><Audience>Patient</Audience></TermDefinition><MediaLink ref="CDR0000710074" type="audio/mpeg" alt="Pronunciation of dictionary term &quot;prostatitis&quot;" language="en" id="_3"/><MediaLink ref="CDR0000710073" type="audio/mpeg" alt="Pronunciation of dictionary term &quot;prostatitis&quot;" language="es" id="_4"/><SpanishTermName>prostatitis</SpanishTermName><SpanishTermDefinition><DefinitionText>Inflamación de la glándula prostática.</DefinitionText><Dictionary>Cancer.gov</Dictionary><Audience>Patient</Audience></SpanishTermDefinition><DateLastModified>2005-11-21</DateLastModified></GlossaryTerm>
