<?xml version="1.0" encoding="utf-8"?>
<!DOCTYPE GlossaryTerm >
<GlossaryTerm id="CDR0000285927"><TermName>marijuana</TermName><TermPronunciation>(MAYR-ih-WAH-nuh)</TermPronunciation><TermDefinition><DefinitionText>The dried leaves and flowering tops of the <ScientificName>Cannabis sativa</ScientificName> or <ScientificName>Cannabis indica</ScientificName> plant. Marijuana contains active chemicals called cannabinoids that cause drug-like effects all through the body, including the central nervous system and the immune system. Marijuana may help treat the symptoms of cancer or the side effects of cancer treatment, such as nausea and vomiting, pain, and cachexia (loss of body weight and muscle mass). Also called Cannabis.</DefinitionText><Dictionary>Cancer.gov</Dictionary><Audience>Patient</Audience></TermDefinition><MediaLink ref="CDR0000710100" type="audio/mpeg" alt="Pronunciation of dictionary term &quot;marijuana&quot;" language="en" id="_3"/><MediaLink ref="CDR0000710099" type="audio/mpeg" alt="Pronunciation of dictionary term &quot;marihuana&quot;" language="es" id="_4"/><SpanishTermName>marihuana</SpanishTermName><SpanishTermDefinition><DefinitionText>Hojas y parte superior de las flores secas de las plantas <ScientificName>Cannabis sativa</ScientificName> o <ScientificName>Cannabis indica</ScientificName>. La marihuana contiene sustancias químicas activas que se llaman canabinoides que causa efectos similares a los estupefacientes en todo el cuerpo, incluso en el sistema nervioso central y el sistema inmunitario. La marihuana puede ayudar a tratar los síntomas del cáncer o los efectos secundarios del tratamiento de cáncer, como náuseas y vómitos, dolor, caquexia (pérdida de peso corporal y de masa muscular). También se llama Cannabis.</DefinitionText><Dictionary>Cancer.gov</Dictionary><Audience>Patient</Audience></SpanishTermDefinition><DateFirstPublished>2003-02-21</DateFirstPublished><DateLastModified>2012-02-23</DateLastModified><RelatedInformation><RelatedSummaryRef UseWith="en" href="CDR0000688139">Cannabis and Cannabinoids</RelatedSummaryRef></RelatedInformation></GlossaryTerm>
