<?xml version="1.0" encoding="utf-8"?>
<!DOCTYPE GlossaryTerm >
<GlossaryTerm id="CDR0000285915"><TermName>cellular adoptive immunotherapy</TermName><TermPronunciation>(SEL-yoo-ler uh-DOP-tiv IH-myoo-noh-THAYR-uh-pee)</TermPronunciation><TermDefinition><DefinitionText>A treatment used to help the immune system fight diseases, such as cancer and infections with certain viruses. T cells are collected from a patient and grown in the laboratory.  This increases the number of T cells that are able to kill cancer cells or fight infections. These T cells are given back to the patient to help the immune system fight disease. Also called adoptive cellular therapy.</DefinitionText><Dictionary>Cancer.gov</Dictionary><Audience>Patient</Audience></TermDefinition><MediaLink ref="CDR0000710091" type="audio/mpeg" alt="Pronunciation of dictionary term &quot;cellular adoptive immunotherapy&quot;" language="en" id="_3"/><MediaLink ref="CDR0000710092" type="audio/mpeg" alt="Pronunciation of dictionary term &quot;inmunoterapia celular adoptiva&quot;" language="es" id="_4"/><SpanishTermName>inmunoterapia celular adoptiva</SpanishTermName><SpanishTermDefinition><DefinitionText>Tratamiento que se usa para ayudar al sistema inmunitario a combatir enfermedades tales como el cáncer e infecciones por ciertos virus. Se toman muestras de las  células T de un paciente y se cultivan en el laboratorio. Este procedimiento aumenta el número de células T capaces de destruir células cancerosas o combatir  infecciones. Estas células T se devuelven al paciente para ayudar al sistema inmunitario a combatir las enfermedades. También se llama terapia celular adoptiva.</DefinitionText><Dictionary>Cancer.gov</Dictionary><Audience>Patient</Audience></SpanishTermDefinition><DateFirstPublished>2003-02-21</DateFirstPublished><DateLastModified>2010-09-01</DateLastModified></GlossaryTerm>
