<?xml version="1.0" encoding="utf-8"?>
<!DOCTYPE GlossaryTerm >
<GlossaryTerm id="CDR0000256559"><TermName>ecchymosis</TermName><TermPronunciation>(EH-kih-MOH-sis)</TermPronunciation><TermDefinition><DefinitionText>A small bruise caused by blood leaking from broken blood vessels into the tissues of the skin or mucous membranes.</DefinitionText><Dictionary>Cancer.gov</Dictionary><Audience>Patient</Audience></TermDefinition><MediaLink ref="CDR0000731130" type="audio/mpeg" alt="Pronunciation of dictionary term &quot;ecchymosis&quot;" language="en" id="_3"/><MediaLink ref="CDR0000731131" type="audio/mpeg" alt="Pronunciation of dictionary term &quot;equimosis&quot;" language="es" id="_4"/><SpanishTermName>equimosis</SpanishTermName><SpanishTermDefinition><DefinitionText>Moretón pequeño causado por la fuga de sangre de los vasos sanguíneos rotos en los tejidos de la piel o las membranas mucosas.</DefinitionText><Dictionary>Cancer.gov</Dictionary><Audience>Patient</Audience></SpanishTermDefinition><DateLastModified>2002-07-19</DateLastModified></GlossaryTerm>
