<?xml version="1.0" encoding="utf-8"?>
<!DOCTYPE GlossaryTerm >
<GlossaryTerm id="CDR0000257526"><TermName>saliva</TermName><TermPronunciation>(suh-LY-vuh)</TermPronunciation><TermDefinition><DefinitionText>The watery fluid in the mouth made by the salivary glands. Saliva moistens food to help digestion and it helps protect the mouth against infections.</DefinitionText><Dictionary>Cancer.gov</Dictionary><Audience>Patient</Audience></TermDefinition><MediaLink ref="CDR0000710306" type="audio/mpeg" alt="Pronunciation of dictionary term &quot;saliva&quot;" language="en" id="_3"/><MediaLink ref="CDR0000710305" type="audio/mpeg" alt="Pronunciation of dictionary term &quot;saliva&quot;" language="es" id="_4"/><SpanishTermName>saliva</SpanishTermName><SpanishTermDefinition><DefinitionText>Líquido acuoso de la boca elaborado por las glándulas salivales. La saliva humedece los alimentos para ayudar la digestión y ayuda a proteger la boca contra las infecciones.</DefinitionText><Dictionary>Cancer.gov</Dictionary><Audience>Patient</Audience></SpanishTermDefinition><DateLastModified>2004-09-02</DateLastModified></GlossaryTerm>
