<?xml version="1.0" encoding="utf-8"?>
<!DOCTYPE GlossaryTerm >
<GlossaryTerm id="CDR0000269446"><TermName>occupational therapist</TermName><TermPronunciation>(AH-kyoo-PAY-shuh-nul THAYR-uh-pist)</TermPronunciation><TermDefinition><DefinitionText>A health professional trained to help people who are ill or disabled learn to manage their daily activities.</DefinitionText><Dictionary>Cancer.gov</Dictionary><Audience>Patient</Audience></TermDefinition><MediaLink ref="CDR0000731449" type="audio/mpeg" alt="Pronunciation of dictionary term &quot;occupational therapist&quot;" language="en" id="_3"/><MediaLink ref="CDR0000731448" type="audio/mpeg" alt="Pronunciation of dictionary term &quot;ergoterapeuta&quot;" language="es" id="_4"/><SpanishTermName>ergoterapeuta</SpanishTermName><SpanishTermDefinition><DefinitionText>Profesional médico capacitado para ayudar a las personas enfermas o discapacitadas a llevar a cabo sus actividades de la vida diaria.</DefinitionText><Dictionary>Cancer.gov</Dictionary><Audience>Patient</Audience></SpanishTermDefinition><DateFirstPublished>2002-12-21</DateFirstPublished></GlossaryTerm>
