<?xml version="1.0" encoding="utf-8"?>
<!DOCTYPE GlossaryTerm >
<GlossaryTerm id="CDR0000256536"><TermName>ABT-751</TermName><TermDefinition><DefinitionText>A substance that is being studied in the treatment of cancer. It belongs to the family of drugs called sulfonamides.</DefinitionText><Dictionary>Cancer.gov</Dictionary><Audience>Patient</Audience></TermDefinition><SpanishTermName>ABT-751</SpanishTermName><SpanishTermDefinition><DefinitionText>Sustancia en estudio para el tratamiento de cáncer. Pertenece a la familia de fármacos que se llaman sulfonamidas.</DefinitionText><Dictionary>Cancer.gov</Dictionary><Audience>Patient</Audience></SpanishTermDefinition><DateLastModified>2003-10-15</DateLastModified></GlossaryTerm>
