<?xml version="1.0" encoding="utf-8"?>
<!DOCTYPE GlossaryTerm >
<GlossaryTerm id="CDR0000257222"><TermName>sphincter</TermName><TermPronunciation>(SFINK-ter)</TermPronunciation><TermDefinition><DefinitionText>A ring-shaped muscle that relaxes or tightens to open or close a passage or opening in the body. Examples are the anal sphincter (around the opening of the anus) and the pyloric sphincter (at the lower opening of the stomach).</DefinitionText><Dictionary>Cancer.gov</Dictionary><Audience>Patient</Audience></TermDefinition><MediaLink ref="CDR0000731515" type="audio/mpeg" alt="Pronunciation of dictionary term &quot;sphincter&quot;" language="en" id="_3"/><MediaLink ref="CDR0000731514" type="audio/mpeg" alt="Pronunciation of dictionary term &quot;esfínter&quot;" language="es" id="_4"/><SpanishTermName>esfínter</SpanishTermName><SpanishTermDefinition><DefinitionText>Músculo en forma de anillo que relaja o ajusta para abrir o cerrar un conducto o una abertura del cuerpo. Entre los ejemplos están el esfínter anal (alrededor de la abertura del ano) y el esfínter pilórico (en la abertura inferior del estómago).</DefinitionText><Dictionary>Cancer.gov</Dictionary><Audience>Patient</Audience></SpanishTermDefinition></GlossaryTerm>
