<?xml version="1.0" encoding="utf-8"?>
<!DOCTYPE GlossaryTerm >
<GlossaryTerm id="CDR0000256543"><TermName>stereotactic injection</TermName><TermPronunciation>(STAYR-ee-oh-TAK-tik in-JEK-shun)</TermPronunciation><TermDefinition><DefinitionText>A procedure in which a computer and a 3-dimensional scanning device are used to inject anticancer drugs directly into a tumor.</DefinitionText><Dictionary>Cancer.gov</Dictionary><Audience>Patient</Audience></TermDefinition><MediaLink ref="CDR0000731118" type="audio/mpeg" alt="Pronunciation of dictionary term &quot;stereotactic injection&quot;" language="en" id="_3"/><MediaLink ref="CDR0000731119" type="audio/mpeg" alt="Pronunciation of dictionary term &quot;inyección estereotáctica&quot;" language="es" id="_4"/><SpanishTermName>inyección estereotáctica</SpanishTermName><SpanishTermDefinition><DefinitionText>Procedimiento en el que se usa una computadora y un aparato explorador de tres dimensiones para inyectar medicamentos contra el cáncer en un tumor.</DefinitionText><Dictionary>Cancer.gov</Dictionary><Audience>Patient</Audience></SpanishTermDefinition><DateLastModified>2002-07-19</DateLastModified></GlossaryTerm>
