<?xml version="1.0" encoding="utf-8"?>
<!DOCTYPE GlossaryTerm >
<GlossaryTerm id="CDR0000285925"><TermName>LY317615</TermName><TermDefinition><DefinitionText>A substance being studied in the treatment of certain types of cancer, including non-Hodgkin lymphoma, breast, colon, lung, ovarian, and prostate. LY317615 blocks certain cell signaling pathways, and may prevent the growth of new blood vessels that tumors need to grow. It is a type of serine threonine kinase inhibitor and a type of antiangiogenesis agent. Also called enzastaurin and enzastaurin hydrochloride.</DefinitionText><Dictionary>Cancer.gov</Dictionary><Audience>Patient</Audience></TermDefinition><SpanishTermName>LY317615</SpanishTermName><SpanishTermDefinition><DefinitionText>Sustancia en estudio para el tratamiento de ciertos tipos de cáncer, como el linfoma no Hodgkin y los cánceres de mama, colon, pulmón, ovario y próstata. LY317615 bloquea ciertas vías que las células usan para enviar señales y podría prevenir la formación de  vasos sanguíneos nuevos que los tumores necesitan para crecer. Es un tipo de inhibidor de la cinasa de serina/treonina y un tipo de antiangiogénico. También se llama clorhidrato de enzastaurina y enzastaurina.</DefinitionText><Dictionary>Cancer.gov</Dictionary><Audience>Patient</Audience></SpanishTermDefinition><DateFirstPublished>2003-02-21</DateFirstPublished><DateLastModified>2009-04-21</DateLastModified></GlossaryTerm>
