<?xml version="1.0" encoding="utf-8"?>
<!DOCTYPE GlossaryTerm >
<GlossaryTerm id="CDR0000269453"><TermName>symptom management</TermName><TermPronunciation>(SIMP-tum MA-nij-ment)</TermPronunciation><TermDefinition><DefinitionText>Care given to improve the quality of life of patients who have a serious or life-threatening disease. The goal of symptom management is to prevent or treat as early as possible the symptoms of a disease, side effects caused by treatment of a disease, and psychological, social, and spiritual problems related to a disease or its treatment. Also called comfort care, palliative care,  and supportive care.</DefinitionText><Dictionary>Cancer.gov</Dictionary><Audience>Patient</Audience></TermDefinition><MediaLink ref="CDR0000731453" type="audio/mpeg" alt="Pronunciation of dictionary term &quot;symptom management&quot;" language="en" id="_3"/><MediaLink ref="CDR0000731452" type="audio/mpeg" alt="Pronunciation of dictionary term &quot;tratamiento de los síntomas&quot;" language="es" id="_4"/><SpanishTermName>tratamiento de los síntomas</SpanishTermName><SpanishTermDefinition><DefinitionText>Atención que se brinda para mejorar la calidad de vida de los pacientes de una enfermedad grave o potencialmente mortal. La meta del tratamiento de los síntomas es prevenir o tratar lo más rápidamente posible los síntomas de una enfermedad, los efectos secundarios del tratamiento de una enfermedad y los problemas psicológicos, sociales y espirituales relacionados con una enfermedad o su tratamiento. También se llama cuidado de alivio, cuidado médico de apoyo,  y cuidado paliativo.</DefinitionText><Dictionary>Cancer.gov</Dictionary><Audience>Patient</Audience></SpanishTermDefinition><DateFirstPublished>2002-12-21</DateFirstPublished><DateLastModified>2008-03-11</DateLastModified><RelatedInformation><RelatedExternalRef UseWith="en" xref="http://www.cancer.gov/about-cancer/coping">Coping with Cancer</RelatedExternalRef><RelatedExternalRef UseWith="es" xref="http://www.cancer.gov/espanol/cancer/sobrellevar">Cómo hacer frente al cáncer</RelatedExternalRef></RelatedInformation></GlossaryTerm>
