<?xml version="1.0" encoding="utf-8"?>
<!DOCTYPE GlossaryTerm >
<GlossaryTerm id="CDR0000270741"><TermName>syngeneic bone marrow transplantation</TermName><TermPronunciation>(SIN-jeh-NAY-ik bone MAYR-oh tranz-plan-TAY-shun)</TermPronunciation><TermDefinition><DefinitionText>A procedure in which a person receives bone marrow donated by his or her healthy identical twin.</DefinitionText><Dictionary>Cancer.gov</Dictionary><Audience>Patient</Audience></TermDefinition><MediaLink ref="CDR0000710249" type="audio/mpeg" alt="Pronunciation of dictionary term &quot;syngeneic bone marrow transplantation&quot;" language="en" id="_3"/><SpanishTermName>isotrasplante de médula ósea</SpanishTermName><SpanishTermDefinition><DefinitionText>Procedimiento en el que una persona recibe médula ósea donada por su gemelo idéntico.</DefinitionText><Dictionary>Cancer.gov</Dictionary><Audience>Patient</Audience></SpanishTermDefinition><DateFirstPublished>2003-01-26</DateFirstPublished><DateLastModified>2007-03-23</DateLastModified></GlossaryTerm>
