<?xml version="1.0" encoding="utf-8"?>
<!DOCTYPE GlossaryTerm >
<GlossaryTerm id="CDR0000269445"><TermName>nurse</TermName><TermPronunciation>(nurs)</TermPronunciation><TermDefinition><DefinitionText>A health professional trained to care for people who are ill or disabled.</DefinitionText><Dictionary>Cancer.gov</Dictionary><Audience>Patient</Audience></TermDefinition><MediaLink ref="CDR0000731446" type="audio/mpeg" alt="Pronunciation of dictionary term &quot;nurse&quot;" language="en" id="_3"/><MediaLink ref="CDR0000731447" type="audio/mpeg" alt="Pronunciation of dictionary term &quot;enfermero&quot;" language="es" id="_4"/><SpanishTermName>enfermero</SpanishTermName><SpanishTermDefinition><DefinitionText>Profesional de la salud capacitado para atender a las personas enfermas o discapacitadas.</DefinitionText><Dictionary>Cancer.gov</Dictionary><Audience>Patient</Audience></SpanishTermDefinition><DateFirstPublished>2002-12-21</DateFirstPublished><DateLastModified>2003-01-08</DateLastModified></GlossaryTerm>
