<?xml version="1.0" encoding="utf-8"?>
<!DOCTYPE GlossaryTerm >
<GlossaryTerm id="CDR0000285634"><TermName>epoetin beta</TermName><TermPronunciation>(ee-POH-eh-tin BAY-tuh)</TermPronunciation><TermDefinition><DefinitionText>A substance that is made in the laboratory and stimulates the bone marrow to make red blood cells. It is a type of antianemic and a type of recombinant human erythropoietin.</DefinitionText><Dictionary>Cancer.gov</Dictionary><Audience>Patient</Audience></TermDefinition><MediaLink ref="CDR0000710276" type="audio/mpeg" alt="Pronunciation of dictionary term &quot;epoetin beta&quot;" language="en" id="_3"/><MediaLink ref="CDR0000710275" type="audio/mpeg" alt="Pronunciation of dictionary term &quot;epoetina beta&quot;" language="es" id="_4"/><SpanishTermName>epoetina beta</SpanishTermName><SpanishTermDefinition><DefinitionText>Sustancia elaborada en el laboratorio que estimula la médula ósea para que produzca glóbulos rojos. Es un tipo de antianémico y un tipo de eritropoyetina humana recombinante.</DefinitionText><Dictionary>Cancer.gov</Dictionary><Audience>Patient</Audience></SpanishTermDefinition><DateFirstPublished>2003-02-21</DateFirstPublished><DateLastModified>2008-01-28</DateLastModified></GlossaryTerm>
