<?xml version="1.0" encoding="utf-8"?>
<!DOCTYPE GlossaryTerm >
<GlossaryTerm id="CDR0000256544"><TermName>VEGF Trap</TermName><TermPronunciation>(... trap)</TermPronunciation><TermDefinition><DefinitionText>A drug used with other drugs to treat colorectal cancer that has spread to other  parts of the body and has not gotten better with chemotherapy. It is also being studied in the treatment of other types of cancer. VEGF Trap blocks the action of a protein called vascular endothelial growth factor (VEGF) and may prevent the growth of new blood vessels that tumors need to grow. It is a type of antiangiogenesis agent. Also called vascular endothelial growth factor trap, Zaltrap,  and ziv-aflibercept.</DefinitionText><Dictionary>Cancer.gov</Dictionary><Audience>Patient</Audience></TermDefinition><MediaLink ref="CDR0000734563" type="audio/mpeg" alt="Pronunciation of dictionary term &quot;VEGF Trap&quot;" language="en" id="_3"/><MediaLink ref="CDR0000734564" type="audio/mpeg" alt="Pronunciation of dictionary term &quot;bloqueador del FCEV&quot;" language="es" id="_4"/><SpanishTermName>bloqueador del FCEV</SpanishTermName><SpanishTermDefinition><DefinitionText>Medicamento que se usa para tratar el cáncer colorrectal que se diseminó hasta otras partes del cuerpo y no mejoró con quimioterapia. También está en estudio para el tratamiento de otros tipos de cáncer. El bloqueador del FCEV bloquea la acción de una proteína que se llama factor de crecimiento endotelial vascular (FCEV) y puede prevenir la formación de los vasos sanguíneos nuevos que los tumores necesitan para crecer. Es un tipo de antiangiogénico. También se llama bloqueador del factor de crecimiento endotelial vascular, Zaltrap,  y ziv-aflibercept.</DefinitionText><Dictionary>Cancer.gov</Dictionary><Audience>Patient</Audience></SpanishTermDefinition><DateLastModified>2012-08-14</DateLastModified><RelatedInformation><RelatedDrugSummaryRef href="CDR0000738284">Ziv-Aflibercept</RelatedDrugSummaryRef></RelatedInformation></GlossaryTerm>
