<?xml version="1.0" encoding="utf-8"?>
<!DOCTYPE GlossaryTerm >
<GlossaryTerm id="CDR0000258399"><TermName>yttrium Y 90 DOTA-tyr3-octreotide</TermName><TermPronunciation>(IH-tree-um ... ok-TREE-oh-tide)</TermPronunciation><TermDefinition><DefinitionText>A substance being studied in the treatment of some types of cancer. Yttrium Y 90 DOTA-tyr3-octreotide contains a molecule that binds to a protein found on certain types of neuroendocrine tumors (tumors that form from cells that release hormones). It also contains a radioactive substance called yttrium Y 90, which may help kill cancer cells. Yttrium Y 90 DOTA-tyr3-octreotide  is a type of radioconjugate. Also called yttrium Y 90 edotreotide and yttrium Y 90 SMT 487.</DefinitionText><Dictionary>Cancer.gov</Dictionary><Audience>Patient</Audience></TermDefinition><MediaLink ref="CDR0000710203" type="audio/mpeg" alt="Pronunciation of dictionary term &quot;yttrium Y 90 DOTA-tyr3-octreotide&quot;" language="en" id="_5"/><MediaLink ref="CDR0000710204" type="audio/mpeg" alt="Pronunciation of dictionary term &quot;itrio Y 90-DOTA-tyr3-octreotida&quot;" language="es" id="_4"/><SpanishTermName>itrio Y 90-DOTA-tyr3-octreotida</SpanishTermName><SpanishTermDefinition><DefinitionText>Sustancia en estudio para el tratamiento de algunos tipos de cáncer. El itrio Y 90-DOTA-tyr3-octreotida contiene una molécula que se une a una proteína que se encuentra en ciertos tipos de tumores neuroendocrinos (tumores que se forman con células que liberan hormonas). También contiene una sustancia radiactiva que se llama itrio Y 90, que puede ayudar a destruir células cancerosas. El itrio Y 90-DOTA-tyr3-octreotida es un tipo de radioinmunoconjugado. También se llama itrio Y 90 edotreotida y itrio Y 90 SMT 487.</DefinitionText><Dictionary>Cancer.gov</Dictionary><Audience>Patient</Audience></SpanishTermDefinition><DateLastModified>2013-01-15</DateLastModified></GlossaryTerm>
