<?xml version="1.0" encoding="utf-8"?>
<!DOCTYPE GlossaryTerm >
<GlossaryTerm id="CDR0000270733"><TermName>autologous stem cell transplantation</TermName><TermPronunciation>(aw-TAH-luh-gus ... tranz-plan-TAY-shun)</TermPronunciation><TermDefinition><DefinitionText>A procedure in which blood-forming stem cells (cells from which all blood cells develop) are removed, stored, and later given back to the same person.</DefinitionText><Dictionary>Cancer.gov</Dictionary><Audience>Patient</Audience></TermDefinition><MediaLink ref="CDR0000710191" type="audio/mpeg" alt="Pronunciation of dictionary term &quot;autologous stem cell transplantation&quot;" language="en" id="_3"/><MediaLink ref="CDR0000710192" type="audio/mpeg" alt="Pronunciation of dictionary term &quot;trasplante autólogo de células madre&quot;" language="es" id="_4"/><SpanishTermName>trasplante autólogo de células madre</SpanishTermName><SpanishTermDefinition><DefinitionText>Procedimiento mediante el cual se extraen las células madre que elaboran la sangre (células de las que se desarrollan todos los glóbulos), se almacenan y después se devuelven a la misma persona.</DefinitionText><Dictionary>Cancer.gov</Dictionary><Audience>Patient</Audience></SpanishTermDefinition><DateFirstPublished>2003-01-26</DateFirstPublished><DateLastModified>2007-04-05</DateLastModified></GlossaryTerm>
