<?xml version="1.0" encoding="utf-8"?>
<!DOCTYPE GlossaryTerm >
<GlossaryTerm id="CDR0000285965"><TermName>chitin</TermName><TermPronunciation>(KY-tin)</TermPronunciation><TermDefinition><DefinitionText>A type of polysaccharide (sugar molecule) that is made by some plants and animals. The hard outer shell of shrimp, lobsters, and many insects is made of chitin.</DefinitionText><Dictionary>Cancer.gov</Dictionary><Audience>Patient</Audience></TermDefinition><MediaLink ref="CDR0000731563" type="audio/mpeg" alt="Pronunciation of dictionary term &quot;chitin&quot;" language="en" id="_3"/><MediaLink ref="CDR0000731562" type="audio/mpeg" alt="Pronunciation of dictionary term &quot;quitina&quot;" language="es" id="_4"/><SpanishTermName>quitina</SpanishTermName><SpanishTermDefinition><DefinitionText>Tipo de polisacárido (molécula de azúcar) elaborado por algunas plantas y animales. El caparazón exterior duro de los camarones, las langostas y muchos insectos está hecho de quitina.</DefinitionText><Dictionary>Cancer.gov</Dictionary><Audience>Patient</Audience></SpanishTermDefinition><DateFirstPublished>2003-02-21</DateFirstPublished></GlossaryTerm>
