<?xml version="1.0" encoding="utf-8"?>
<!DOCTYPE GlossaryTerm >
<GlossaryTerm id="CDR0000285736"><TermName>coumestan</TermName><TermPronunciation>(KOO-meh-stan)</TermPronunciation><TermDefinition><DefinitionText>An estrogen-like substance (phytoestrogen) made by some plants. Coumestans may have anticancer effects.</DefinitionText><Dictionary>Cancer.gov</Dictionary><Audience>Patient</Audience></TermDefinition><MediaLink ref="CDR0000731393" type="audio/mpeg" alt="Pronunciation of dictionary term &quot;coumestan&quot;" language="en" id="_3"/><MediaLink ref="CDR0000731392" type="audio/mpeg" alt="Pronunciation of dictionary term &quot;coumestán&quot;" language="es" id="_4"/><SpanishTermName>coumestán</SpanishTermName><SpanishTermDefinition><DefinitionText>Sustancia similar al estrógeno (fitoestrógeno) elaborada por algunas plantas. Los coumestanos podrían tener efectos contra el cáncer.</DefinitionText><Dictionary>Cancer.gov</Dictionary><Audience>Patient</Audience></SpanishTermDefinition><DateFirstPublished>2003-02-21</DateFirstPublished><DateLastModified>2003-06-09</DateLastModified></GlossaryTerm>
