<?xml version="1.0" encoding="utf-8"?>
<!DOCTYPE GlossaryTerm >
<GlossaryTerm id="CDR0000286367"><TermName>historic cohort study</TermName><TermPronunciation>(hih-STOR-ik KOH-hort STUH-dee)</TermPronunciation><TermDefinition><DefinitionText>A research study in which the medical records of groups of individuals who are alike in many ways but differ by a certain characteristic (for example, female nurses who smoke and those who do not smoke) are compared for a particular outcome (such as lung cancer). Also called retrospective cohort study.</DefinitionText><Dictionary>Cancer.gov</Dictionary><Audience>Patient</Audience></TermDefinition><MediaLink ref="CDR0000710257" type="audio/mpeg" alt="Pronunciation of dictionary term &quot;historic cohort study&quot;" language="en" id="_3"/><MediaLink ref="CDR0000710258" type="audio/mpeg" alt="Pronunciation of dictionary term &quot;estudio de cohorte histórico&quot;" language="es" id="_4"/><SpanishTermName>estudio de cohorte histórico</SpanishTermName><SpanishTermDefinition><DefinitionText>Estudio de investigación en el que los registros médicos de grupos de personas que son parecidas en muchos aspectos, pero que se diferencian por una característica determinada (por ejemplo, enfermeras que fuman y enfermeras que no fuman), se comparan con respecto a una consecuencia determinada (por ejemplo, cáncer de pulmón). También se llama estudio retrospectivo de cohorte.</DefinitionText><Dictionary>Cancer.gov</Dictionary><Audience>Patient</Audience></SpanishTermDefinition><DateFirstPublished>2003-02-21</DateFirstPublished></GlossaryTerm>
