<?xml version="1.0" encoding="utf-8"?>
<!DOCTYPE GlossaryTerm >
<GlossaryTerm id="CDR0000256547"><TermName>Birt-Hogg-Dube syndrome</TermName><TermPronunciation>(birt-hog-doob SIN-drome)</TermPronunciation><TermDefinition><DefinitionText>An inherited condition in which benign tumors develop in hair follicles on the head, chest, back, and arms. People who have this disorder may be at increased risk of developing colon or kidney cancer.</DefinitionText><Dictionary>Cancer.gov</Dictionary><Audience>Patient</Audience></TermDefinition><MediaLink ref="CDR0000731523" type="audio/mpeg" alt="Pronunciation of dictionary term &quot;Birt-Hogg-Dube syndrome&quot;" language="en" id="_3"/><MediaLink ref="CDR0000731522" type="audio/mpeg" alt="Pronunciation of dictionary term &quot;síndrome de Birt-Hogg-Dube&quot;" language="es" id="_4"/><SpanishTermName>síndrome de Birt-Hogg-Dube</SpanishTermName><SpanishTermDefinition><DefinitionText>Afección heredada por la que se producen tumores benignos en los folículos pilosos de la cabeza, el pecho, la espalda y los brazos. Las personas que padecen de este trastorno pueden tener un riesgo mayor de padecer de cáncer de colon o hígado.</DefinitionText><Dictionary>Cancer.gov</Dictionary><Audience>Patient</Audience></SpanishTermDefinition><DateLastModified>2002-07-19</DateLastModified></GlossaryTerm>
