<?xml version="1.0" encoding="utf-8"?>
<!DOCTYPE GlossaryTerm >
<GlossaryTerm id="CDR0000270852"><TermName>gene transfer</TermName><TermPronunciation>(jeen TRANZ-fer)</TermPronunciation><TermDefinition><DefinitionText>The insertion of genetic material into a cell.</DefinitionText><Dictionary>Cancer.gov</Dictionary><Audience>Patient</Audience></TermDefinition><MediaLink ref="CDR0000709785" type="audio/mpeg" alt="Pronunciation of dictionary term &quot;gene transfer&quot;" language="en" id="_3"/><MediaLink ref="CDR0000709786" type="audio/mpeg" alt="Pronunciation of dictionary term &quot;transferencia de genes&quot;" language="es" id="_4"/><SpanishTermName>transferencia de genes</SpanishTermName><SpanishTermDefinition><DefinitionText>Inserción de material genético en una célula.</DefinitionText><Dictionary>Cancer.gov</Dictionary><Audience>Patient</Audience></SpanishTermDefinition><DateFirstPublished>2003-01-26</DateFirstPublished></GlossaryTerm>
