<?xml version="1.0" encoding="utf-8"?>
<!DOCTYPE GlossaryTerm >
<GlossaryTerm id="CDR0000285639"><TermName>atypical teratoid/rhabdoid tumor</TermName><TermPronunciation>(AY-TIH-pih-kul TAYR-uh-toyd/RAB-doyd TOO-mer)</TermPronunciation><TermDefinition><DefinitionText>An aggressive cancer of the central nervous system, kidney, or liver that occurs in very young children. Also called AT/RT and ATT/RHT.</DefinitionText><Dictionary>Cancer.gov</Dictionary><Audience>Patient</Audience></TermDefinition><MediaLink ref="CDR0000709827" type="audio/mpeg" alt="Pronunciation of dictionary term &quot;atypical teratoid/rhabdoid tumor&quot;" language="en" id="_3"/><MediaLink ref="CDR0000709828" type="audio/mpeg" alt="Pronunciation of dictionary term &quot;tumor teratoideo/rabdoide atípico&quot;" language="es" id="_4"/><SpanishTermName>tumor teratoideo/rabdoide atípico</SpanishTermName><SpanishTermDefinition><DefinitionText>Cáncer del sistema nervioso central, el riñón o el hígado que es de crecimiento rápido y se presenta en niños de corta edad. También se llama AT/RT y ATT/RHT.</DefinitionText><Dictionary>Cancer.gov</Dictionary><Audience>Patient</Audience></SpanishTermDefinition><DateFirstPublished>2003-02-21</DateFirstPublished><DateLastModified>2008-01-10</DateLastModified><RelatedInformation><RelatedSummaryRef UseWith="en" href="CDR0000574573">Childhood Central Nervous System Atypical Teratoid/Rhabdoid Tumor Treatment</RelatedSummaryRef><RelatedSummaryRef UseWith="es" href="CDR0000632891">Tumor teratoideo/rabdoide atípico del sistema nervioso central infantil: Tratamiento</RelatedSummaryRef></RelatedInformation></GlossaryTerm>
