<?xml version="1.0" encoding="utf-8"?>
<!DOCTYPE GlossaryTerm >
<GlossaryTerm id="CDR0000257207"><TermName>dilate</TermName><TermPronunciation>(DY-layt)</TermPronunciation><TermDefinition><DefinitionText>To widen or enlarge an opening or hollow structure beyond its usual size, such as the pupil of the eye or a blood vessel.</DefinitionText><Dictionary>Cancer.gov</Dictionary><Audience>Patient</Audience></TermDefinition><MediaLink ref="CDR0000710062" type="audio/mpeg" alt="Pronunciation of dictionary term &quot;dilate&quot;" language="en" id="_3"/><MediaLink ref="CDR0000710061" type="audio/mpeg" alt="Pronunciation of dictionary term &quot;dilatar&quot;" language="es" id="_4"/><SpanishTermName>dilatar</SpanishTermName><SpanishTermDefinition><DefinitionText>Ensanchar o agrandar una abertura o estructura hueca más allá de su tamaño habitual, como la pupila del ojo o un vaso sanguíneo.</DefinitionText><Dictionary>Cancer.gov</Dictionary><Audience>Patient</Audience></SpanishTermDefinition></GlossaryTerm>
