<?xml version="1.0" encoding="utf-8"?>
<!DOCTYPE GlossaryTerm >
<GlossaryTerm id="CDR0000257527"><TermName>scalpel</TermName><TermPronunciation>(SKAL-pul)</TermPronunciation><TermDefinition><DefinitionText>A small, thin knife used for surgery.</DefinitionText><Dictionary>Cancer.gov</Dictionary><Audience>Patient</Audience></TermDefinition><MediaLink ref="CDR0000710308" type="audio/mpeg" alt="Pronunciation of dictionary term &quot;scalpel&quot;" language="en" id="_3"/><MediaLink ref="CDR0000710307" type="audio/mpeg" alt="Pronunciation of dictionary term &quot;bisturí&quot;" language="es" id="_4"/><SpanishTermName>bisturí</SpanishTermName><SpanishTermDefinition><DefinitionText>Cuchillo pequeño y delgado usado para cirugía.</DefinitionText><Dictionary>Cancer.gov</Dictionary><Audience>Patient</Audience></SpanishTermDefinition></GlossaryTerm>
