<?xml version="1.0" encoding="utf-8"?>
<!DOCTYPE GlossaryTerm >
<GlossaryTerm id="CDR0000270737"><TermName>cytogenetics</TermName><TermPronunciation>(SY-toh-jeh-NEH-tix)</TermPronunciation><TermDefinition><DefinitionText>The study of chromosomes and chromosomal abnormalities.</DefinitionText><Dictionary>Cancer.gov</Dictionary><Audience>Patient</Audience></TermDefinition><TermDefinition><DefinitionText>The study of the structure, function, and abnormalities of human chromosomes.</DefinitionText><Dictionary>Genetics</Dictionary><Audience>Health professional</Audience></TermDefinition><MediaLink ref="CDR0000710206" type="audio/mpeg" alt="Pronunciation of dictionary term &quot;cytogenetics&quot;" language="en" id="_3"/><MediaLink ref="CDR0000710205" type="audio/mpeg" alt="Pronunciation of dictionary term &quot;citogenética&quot;" language="es" id="_4"/><SpanishTermName>citogenética</SpanishTermName><SpanishTermDefinition><DefinitionText>Estudio de la estructura, función y anormalidades de los cromosomas humanos.</DefinitionText><Dictionary>Cancer.gov</Dictionary><Audience>Patient</Audience></SpanishTermDefinition><DateFirstPublished>2003-01-26</DateFirstPublished><DateLastModified>2007-03-19</DateLastModified><RelatedInformation><RelatedExternalRef UseWith="en" xref="http://www.genome.gov/Glossary/index.cfm?id=534">Cytogenetics</RelatedExternalRef><RelatedExternalRef UseWith="es" xref="http://www.genome.gov/GlossaryS/index.cfm?id=528">Citogenética</RelatedExternalRef></RelatedInformation></GlossaryTerm>
