<?xml version="1.0" encoding="utf-8"?>
<!DOCTYPE GlossaryTerm >
<GlossaryTerm id="CDR0000256564"><TermName>Gail model</TermName><TermPronunciation>(... MAH-dul)</TermPronunciation><TermDefinition><DefinitionText>A computer program that uses personal and family medical history information to estimate a woman’s chance of developing breast cancer.  Also called Gail risk model.</DefinitionText><Dictionary>Cancer.gov</Dictionary><Audience>Patient</Audience></TermDefinition><MediaLink ref="CDR0000710157" type="audio/mpeg" alt="Pronunciation of dictionary term &quot;Gail model&quot;" language="en" id="_3"/><MediaLink ref="CDR0000710158" type="audio/mpeg" alt="Pronunciation of dictionary term &quot;modelo de Gail&quot;" language="es" id="_4"/><SpanishTermName>modelo de Gail</SpanishTermName><SpanishTermDefinition><DefinitionText>Programa de computación que utiliza antecedentes personales y familiares para calcular la probabilidad de que una mujer enferme de cáncer de mama. También se llama modelo de riesgo de Gail.</DefinitionText><Dictionary>Cancer.gov</Dictionary><Audience>Patient</Audience></SpanishTermDefinition><DateLastModified>2009-05-19</DateLastModified></GlossaryTerm>
