<?xml version="1.0" encoding="utf-8"?>
<!DOCTYPE GlossaryTerm >
<GlossaryTerm id="CDR0000257205"><TermName>ABCD rating</TermName><TermPronunciation>(... RAY-ting)</TermPronunciation><TermDefinition><DefinitionText>A staging system for prostate cancer that uses ABCD. “A” and “B” refer to cancer that is confined to the prostate. “C” refers to cancer that has grown out of the prostate but has not spread to lymph nodes or other places in the body. “D” refers to cancer that has spread to lymph nodes or to other places in the body. Also called Jewett staging system and Whitmore-Jewett staging system.</DefinitionText><Dictionary>Cancer.gov</Dictionary><Audience>Patient</Audience></TermDefinition><MediaLink ref="CDR0000731498" type="audio/mpeg" alt="Pronunciation of dictionary term &quot;ABCD rating&quot;" language="en" id="_3"/><MediaLink ref="CDR0000731499" type="audio/mpeg" alt="Pronunciation of dictionary term &quot;clasificación ABCD&quot;" language="es" id="_4"/><SpanishTermName>clasificación ABCD</SpanishTermName><SpanishTermDefinition><DefinitionText>Sistema de estadificación del cáncer de próstata que usa las letras A, B, C y D. “A” y “B” se refieren al cáncer que sólo afecta la próstata. “C” se refiere al cáncer que creció fuera de la próstata, pero no se diseminó hasta los ganglios linfáticos o hacia otras partes del cuerpo. “D” se refiere al cáncer que se diseminó hasta los ganglios linfáticos o hasta otras partes del cuerpo. También se llama sistema de estadificación de Jewett y sistema de estadificación de Whitmore-Jewett.</DefinitionText><Dictionary>Cancer.gov</Dictionary><Audience>Patient</Audience></SpanishTermDefinition><DateLastModified>2007-03-01</DateLastModified></GlossaryTerm>
