<?xml version="1.0" encoding="utf-8"?>
<!DOCTYPE GlossaryTerm >
<GlossaryTerm id="CDR0000269057"><TermName>nutraceutical</TermName><TermPronunciation>(noo-truh-SOO-tih-kul)</TermPronunciation><TermDefinition><DefinitionText>A food or dietary supplement that is believed to provide health benefits.</DefinitionText><Dictionary>Cancer.gov</Dictionary><Audience>Patient</Audience></TermDefinition><MediaLink ref="CDR0000731229" type="audio/mpeg" alt="Pronunciation of dictionary term &quot;nutraceutical&quot;" language="en" id="_3"/><MediaLink ref="CDR0000731228" type="audio/mpeg" alt="Pronunciation of dictionary term &quot;nutricéutico&quot;" language="es" id="_4"/><SpanishTermName>nutricéutico</SpanishTermName><SpanishTermDefinition><DefinitionText>Alimento o suplemento alimentario que se cree proporciona beneficios para la salud.</DefinitionText><Dictionary>Cancer.gov</Dictionary><Audience>Patient</Audience></SpanishTermDefinition><DateFirstPublished>2003-02-21</DateFirstPublished><DateLastModified>2003-02-19</DateLastModified></GlossaryTerm>
