<?xml version="1.0" encoding="utf-8"?>
<!DOCTYPE GlossaryTerm >
<GlossaryTerm id="CDR0000257225"><TermName>epidemiology</TermName><TermPronunciation>(EH-pih-dee-mee-AH-loh-jee)</TermPronunciation><TermDefinition><DefinitionText>The study of the patterns, causes, and control of disease in groups of people.</DefinitionText><Dictionary>Cancer.gov</Dictionary><Audience>Patient</Audience></TermDefinition><MediaLink ref="CDR0000710083" type="audio/mpeg" alt="Pronunciation of dictionary term &quot;epidemiology&quot;" language="en" id="_3"/><MediaLink ref="CDR0000710084" type="audio/mpeg" alt="Pronunciation of dictionary term &quot;epidemiología&quot;" language="es" id="_4"/><SpanishTermName>epidemiología</SpanishTermName><SpanishTermDefinition><DefinitionText>Estudio de los patrones, las causas y el control de las enfermedades en los grupos de personas.</DefinitionText><Dictionary>Cancer.gov</Dictionary><Audience>Patient</Audience></SpanishTermDefinition><DateLastModified>2007-03-29</DateLastModified></GlossaryTerm>
