<?xml version="1.0" encoding="utf-8"?>
<!DOCTYPE GlossaryTerm >
<GlossaryTerm id="CDR0000269454"><TermName>asymmetry</TermName><TermPronunciation>(ay-SIH-meh-tree)</TermPronunciation><TermDefinition><DefinitionText>Lack or absence of balanced proportions between parts of a thing.</DefinitionText><Dictionary>Cancer.gov</Dictionary><Audience>Patient</Audience></TermDefinition><MediaLink ref="CDR0000710004" type="audio/mpeg" alt="Pronunciation of dictionary term &quot;asymmetry&quot;" language="en" id="_3"/><MediaLink ref="CDR0000710005" type="audio/mpeg" alt="Pronunciation of dictionary term &quot;asimetría&quot;" language="es" id="_4"/><SpanishTermName>asimetría</SpanishTermName><SpanishTermDefinition><DefinitionText>Falta o ausencia de proporciones equilibradas entre las partes de una cosa.</DefinitionText><Dictionary>Cancer.gov</Dictionary><Audience>Patient</Audience></SpanishTermDefinition><DateFirstPublished>2002-12-21</DateFirstPublished></GlossaryTerm>
