<?xml version="1.0" encoding="utf-8"?>
<!DOCTYPE GlossaryTerm >
<GlossaryTerm id="CDR0000256548"><TermName>Burkitt leukemia</TermName><TermPronunciation>(BER-kit loo-KEE-mee-uh)</TermPronunciation><TermDefinition><DefinitionText>A rare, fast-growing type of leukemia (blood cancer) in which too many white blood cells called B lymphocytes form in the blood and bone marrow. It may start in the lymph nodes as Burkitt lymphoma and then spread to the blood and bone marrow, or it may start in the blood and bone marrow without involvement of the lymph nodes. Both Burkitt leukemia and Burkitt lymphoma have been linked to infection with the Epstein-Barr virus.</DefinitionText><Dictionary>Cancer.gov</Dictionary><Audience>Patient</Audience></TermDefinition><MediaLink ref="CDR0000709826" type="audio/mpeg" alt="Pronunciation of dictionary term &quot;Burkitt leukemia&quot;" language="en" id="_3"/><MediaLink ref="CDR0000709825" type="audio/mpeg" alt="Pronunciation of dictionary term &quot;leucemia de Burkitt&quot;" language="es" id="_4"/><SpanishTermName>leucemia de Burkitt</SpanishTermName><SpanishTermDefinition><DefinitionText>Tipo de leucemia (cáncer de la sangre) poco frecuente de crecimiento rápido en el cual se forman demasiados glóbulos blancos llamados linfocitos B en la sangre y la médula ósea. Puede comenzar en los ganglios linfáticos, como en el linfoma de Burkitt, y luego diseminarse hasta la sangre y la médula ósea, o puede comenzar en la sangre y la médula ósea sin participación de los ganglios linfáticos. Tanto la leucemia de Burkitt como el linfoma de Burkitt se han relacionado con la infección por el virus de Epstein-Barr.</DefinitionText><Dictionary>Cancer.gov</Dictionary><Audience>Patient</Audience></SpanishTermDefinition><DateLastModified>2007-10-26</DateLastModified></GlossaryTerm>
