<?xml version="1.0" encoding="utf-8"?>
<!DOCTYPE GlossaryTerm >
<GlossaryTerm id="CDR0000256571"><TermName>NPO</TermName><TermDefinition><DefinitionText>A Latin abbreviation for “nothing by mouth.”</DefinitionText><Dictionary>Cancer.gov</Dictionary><Audience>Patient</Audience></TermDefinition><SpanishTermName>NPO</SpanishTermName><SpanishTermDefinition><DefinitionText>Abreviatura del término en latín "nada por la boca".</DefinitionText><Dictionary>Cancer.gov</Dictionary><Audience>Patient</Audience></SpanishTermDefinition><DateLastModified>2002-07-19</DateLastModified></GlossaryTerm>
