<?xml version="1.0" encoding="utf-8"?>
<!DOCTYPE GlossaryTerm >
<GlossaryTerm id="CDR0000256549"><TermName>CpG 7909</TermName><TermDefinition><DefinitionText>A substance that is being studied in the treatment of some types of cancer. It belongs to the family of drugs called biological response modifiers. Also called PF-3512676 and ProMune.</DefinitionText><Dictionary>Cancer.gov</Dictionary><Audience>Patient</Audience></TermDefinition><SpanishTermName>CpG 7909</SpanishTermName><SpanishTermDefinition><DefinitionText>Sustancia en estudio para el tratamiento de algunos tipos de cáncer. Es un tipo de modificador de la respuesta biológica. También se llama PF-3512676 y ProMune.</DefinitionText><Dictionary>Cancer.gov</Dictionary><Audience>Patient</Audience></SpanishTermDefinition><DateLastModified>2006-10-12</DateLastModified></GlossaryTerm>
