<?xml version="1.0" encoding="utf-8"?>
<!DOCTYPE GlossaryTerm >
<GlossaryTerm id="CDR0000270872"><TermName>urine cytology</TermName><TermPronunciation>(YOOR-in sy-TAH-loh-jee)</TermPronunciation><TermDefinition><DefinitionText>Tests performed on cells in urine to detect disease.</DefinitionText><Dictionary>Cancer.gov</Dictionary><Audience>Patient</Audience></TermDefinition><MediaLink ref="CDR0000709809" type="audio/mpeg" alt="Pronunciation of dictionary term &quot;urine cytology&quot;" language="en" id="_3"/><MediaLink ref="CDR0000709810" type="audio/mpeg" alt="Pronunciation of dictionary term &quot;citología de la orina&quot;" language="es" id="_4"/><SpanishTermName>citología de la orina</SpanishTermName><SpanishTermDefinition><DefinitionText>Pruebas para detectar enfermedades que se realizan en las células de la orina.</DefinitionText><Dictionary>Cancer.gov</Dictionary><Audience>Patient</Audience></SpanishTermDefinition><DateFirstPublished>2003-01-26</DateFirstPublished><DateLastModified>2007-03-29</DateLastModified></GlossaryTerm>
