<?xml version="1.0" encoding="utf-8"?>
<!DOCTYPE GlossaryTerm >
<GlossaryTerm id="CDR0000285738"><TermName>coumestrol</TermName><TermPronunciation>(KOO-meh-strol)</TermPronunciation><TermDefinition><DefinitionText>A type of coumestan. Coumestans are estrogen-like substances (phytoestrogens) made by some plants. Coumestans may have anticancer effects.</DefinitionText><Dictionary>Cancer.gov</Dictionary><Audience>Patient</Audience></TermDefinition><MediaLink ref="CDR0000731395" type="audio/mpeg" alt="Pronunciation of dictionary term &quot;coumestrol&quot;" language="en" id="_3"/><MediaLink ref="CDR0000731394" type="audio/mpeg" alt="Pronunciation of dictionary term &quot;coumestrol&quot;" language="es" id="_4"/><SpanishTermName>coumestrol</SpanishTermName><SpanishTermDefinition><DefinitionText>Tipo de coumestán. Los coumestanos son sustancias similares al estrógeno (fitoestrógenos) elaboradas por algunas plantas. Los coumestanos podrían tener efectos contra el cáncer.</DefinitionText><Dictionary>Cancer.gov</Dictionary><Audience>Patient</Audience></SpanishTermDefinition><DateFirstPublished>2003-02-21</DateFirstPublished></GlossaryTerm>
