<?xml version="1.0" encoding="utf-8"?>
<!DOCTYPE GlossaryTerm >
<GlossaryTerm id="CDR0000257215"><TermName>penis</TermName><TermPronunciation>(PEE-nis)</TermPronunciation><TermDefinition><DefinitionText>An external male reproductive organ. It contains a tube called the urethra, which carries semen and urine to the outside of the body.</DefinitionText><Dictionary>Cancer.gov</Dictionary><Audience>Patient</Audience></TermDefinition><MediaLink ref="CDR0000709976" type="audio/mpeg" alt="Pronunciation of dictionary term &quot;penis&quot;" language="en" id="_3"/><MediaLink ref="CDR0000709977" type="audio/mpeg" alt="Pronunciation of dictionary term &quot;pene&quot;" language="es" id="_4"/><MediaLink ref="CDR0000770046" type="image/jpeg" alt="Anatomy of the male reproductive and urinary systems; drawing shows the bladder, prostate gland, penis, urethra, testicle, and rectum." language="en" audience="Patients" thumb="Yes" id="_2"><Caption language="en">Anatomy of the male reproductive and urinary systems showing the prostate, penis, testicles, bladder, and other organs.</Caption></MediaLink><MediaLink ref="CDR0000770316" type="image/jpeg" alt="Anatomía de los sistemas reproductor y urinario masculinos; la imagen muestra la vejiga, la próstata, el pene, la uretra, el testículo y el recto." language="es" audience="Patients" thumb="Yes" id="_4"><Caption language="es">Anatomía de los sistemas reproductor y urinario masculinos que muestra la próstata, el pene, los testículos, la vejiga y otros órganos.</Caption></MediaLink><SpanishTermName>pene</SpanishTermName><SpanishTermDefinition><DefinitionText>Órgano reproductivo externo del hombre. Contiene un tubo llamado uretra, que lleva el semen y la orina al exterior del cuerpo.</DefinitionText><Dictionary>Cancer.gov</Dictionary><Audience>Patient</Audience></SpanishTermDefinition><DateLastModified>2015-03-30</DateLastModified><RelatedInformation><RelatedExternalRef UseWith="en" xref="http://www.cancer.gov/types/penile">Penile Cancer</RelatedExternalRef><RelatedExternalRef UseWith="es" xref="http://www.cancer.gov/espanol/tipos/pene">Cáncer de pene</RelatedExternalRef></RelatedInformation></GlossaryTerm>
