<?xml version="1.0" encoding="utf-8"?>
<!DOCTYPE GlossaryTerm >
<GlossaryTerm id="CDR0000269420"><TermName>human T-cell leukemia virus type 1</TermName><TermPronunciation>(HYOO-mun T-sel loo-KEE-mee-uh VY-rus...)</TermPronunciation><TermDefinition><DefinitionText>A type of virus that infects T cells (a type of white blood cell) and can cause leukemia and lymphoma. Human T-cell leukemia virus type 1 is spread by sharing syringes or needles, through blood transfusions or sexual contact, and from mother to child during birth or breast-feeding. Also called HTLV-1 and human T-cell lymphotropic virus type 1.</DefinitionText><Dictionary>Cancer.gov</Dictionary><Audience>Patient</Audience></TermDefinition><MediaLink ref="CDR0000710243" type="audio/mpeg" alt="Pronunciation of dictionary term &quot;human T-cell leukemia virus type 1&quot;" language="en" id="_3"/><MediaLink ref="CDR0000710244" type="audio/mpeg" alt="Pronunciation of dictionary term &quot;virus de la leucemia humana de células T tipo 1&quot;" language="es" id="_4"/><SpanishTermName>virus de la leucemia humana de células T tipo 1</SpanishTermName><SpanishTermDefinition><DefinitionText>Tipo de virus que infecta las células T (un tipo de glóbulos blancos) y puede causar leucemia y linfoma. El virus de la leucemia humana de células T tipo 1 se contagia por compartir jeringas o agujas, por transfusiones de sangre o por contacto sexual, y de madre a hijo en el momento del nacimiento o durante la lactancia materna. También se llama virus linfotrópico humano de células T tipo 1 y VLHT-1.</DefinitionText><Dictionary>Cancer.gov</Dictionary><Audience>Patient</Audience></SpanishTermDefinition><DateFirstPublished>2002-12-21</DateFirstPublished><DateLastModified>2007-08-19</DateLastModified></GlossaryTerm>
