<?xml version="1.0" encoding="utf-8"?>
<!DOCTYPE GlossaryTerm >
<GlossaryTerm id="CDR0000269423"><TermName>modafinil</TermName><TermPronunciation>(moh-DA-fih-nil)</TermPronunciation><TermDefinition><DefinitionText>A drug that is being studied as a treatment for fatigue in patients with cancer. It belongs to the family of drugs called stimulants.</DefinitionText><Dictionary>Cancer.gov</Dictionary><Audience>Patient</Audience></TermDefinition><MediaLink ref="CDR0000731191" type="audio/mpeg" alt="Pronunciation of dictionary term &quot;modafinil&quot;" language="en" id="_3"/><MediaLink ref="CDR0000731190" type="audio/mpeg" alt="Pronunciation of dictionary term &quot;modafinilo&quot;" language="es" id="_4"/><SpanishTermName>modafinilo</SpanishTermName><SpanishTermDefinition><DefinitionText>Medicamento en estudio para el tratamiento de la fatiga en los pacientes de cáncer. Es un estimulante.</DefinitionText><Dictionary>Cancer.gov</Dictionary><Audience>Patient</Audience></SpanishTermDefinition><DateFirstPublished>2002-12-21</DateFirstPublished></GlossaryTerm>
