<?xml version="1.0" encoding="utf-8"?>
<!DOCTYPE GlossaryTerm >
<GlossaryTerm id="CDR0000256561"><TermName>essential thrombocytosis</TermName><TermPronunciation>(eh-SENT-shul THROM-boh-sy-TOH-sis)</TermPronunciation><TermDefinition><DefinitionText>An increased number of thrombocytes (platelets) in the blood, without a known cause. Also called essential thrombocythemia.</DefinitionText><Dictionary>Cancer.gov</Dictionary><Audience>Patient</Audience></TermDefinition><MediaLink ref="CDR0000710140" type="audio/mpeg" alt="Pronunciation of dictionary term &quot;essential thrombocytosis&quot;" language="en" id="_3"/><MediaLink ref="CDR0000710139" type="audio/mpeg" alt="Pronunciation of dictionary term &quot;trombocitosis esencial&quot;" language="es" id="_4"/><SpanishTermName>trombocitosis esencial</SpanishTermName><SpanishTermDefinition><DefinitionText>Número aumentado de trombocitos (plaquetas) en la sangre, sin una causa conocida. También se llama trombocitemia esencial.</DefinitionText><Dictionary>Cancer.gov</Dictionary><Audience>Patient</Audience></SpanishTermDefinition><DateLastModified>2007-05-16</DateLastModified></GlossaryTerm>
