<?xml version="1.0" encoding="utf-8"?>
<!DOCTYPE GlossaryTerm >
<GlossaryTerm id="CDR0000270712"><TermName>paclitaxel polyglutamate</TermName><TermPronunciation>(PA-klih-TAK-sil PAH-lee-GLOO-tuh-mayt)</TermPronunciation><TermDefinition><DefinitionText>A form of the anticancer drug paclitaxel combined with a protein called poliglumex that may have fewer side effects and work better than paclitaxel. It is being studied in the treatment of breast cancer, ovarian cancer, lung cancer, and other types of cancer. It belongs to the family of drugs called mitotic inhibitors. Also called CT-2103, paclitaxel poliglumex,  and Xyotax.</DefinitionText><Dictionary>Cancer.gov</Dictionary><Audience>Patient</Audience></TermDefinition><MediaLink ref="CDR0000710215" type="audio/mpeg" alt="Pronunciation of dictionary term &quot;paclitaxel polyglutamate&quot;" language="en" id="_3"/><MediaLink ref="CDR0000710216" type="audio/mpeg" alt="Pronunciation of dictionary term &quot;poliglutamato de paclitaxel&quot;" language="es" id="_4"/><SpanishTermName>poliglutamato de paclitaxel</SpanishTermName><SpanishTermDefinition><DefinitionText>Tipo de paclitaxel, un medicamento contra el cáncer que se combina con una proteína llamada poliglumex que podría tener menos efectos secundarios y funcionar mejor que el paclitaxel. Está en estudio para el tratamiento del cáncer de mama (seno), cáncer de ovario, cáncer de pulmón y otros tipos de cáncer. Es un tipo de inhibidor mitótico. También se llama CT-2103, paclitaxel poliglumex,  y Xyotax.</DefinitionText><Dictionary>Cancer.gov</Dictionary><Audience>Patient</Audience></SpanishTermDefinition><DateFirstPublished>2003-01-26</DateFirstPublished><DateLastModified>2006-11-07</DateLastModified></GlossaryTerm>
