<?xml version="1.0" encoding="utf-8"?>
<!DOCTYPE GlossaryTerm >
<GlossaryTerm id="CDR0000257214"><TermName>pathological staging</TermName><TermPronunciation>(PA-thuh-LAH-jih-kul STAY-jing)</TermPronunciation><TermDefinition><DefinitionText>A method used to find out the stage of cancer (amount or spread of cancer in the body) by removing tissue samples during surgery or a biopsy. The pathological stage is based on how different from normal the cells in the samples look under a microscope.</DefinitionText><Dictionary>Cancer.gov</Dictionary><Audience>Patient</Audience></TermDefinition><MediaLink ref="CDR0000710069" type="audio/mpeg" alt="Pronunciation of dictionary term &quot;pathological staging&quot;" language="en" id="_3"/><MediaLink ref="CDR0000710070" type="audio/mpeg" alt="Pronunciation of dictionary term &quot;estadificación patológica&quot;" language="es" id="_4"/><SpanishTermName>estadificación patológica</SpanishTermName><SpanishTermDefinition><DefinitionText>Método que se usa para determinar el estadio del cáncer (cantidad o grado de diseminación del cáncer en el cuerpo) mediante la extracción de muestras de tejido durante una cirugía o una biopsia. El estadio patológico se basa en cuánto se diferencian las células de las muestras de las células normales cuando se observan bajo un microscopio.</DefinitionText><Dictionary>Cancer.gov</Dictionary><Audience>Patient</Audience></SpanishTermDefinition><DateLastModified>2010-10-22</DateLastModified></GlossaryTerm>
