<?xml version="1.0" encoding="utf-8"?>
<!DOCTYPE GlossaryTerm >
<GlossaryTerm id="CDR0000286693"><TermName>prospective cohort study</TermName><TermPronunciation>(pruh-SPEK-tiv KOH-hort STUH-dee)</TermPronunciation><TermDefinition><DefinitionText>A research study that follows over time groups of individuals who are alike in many ways but differ by a certain characteristic (for example, female nurses who smoke and those who do not smoke) and compares them for a particular outcome (such as lung cancer).</DefinitionText><Dictionary>Cancer.gov</Dictionary><Audience>Patient</Audience></TermDefinition><MediaLink ref="CDR0000710291" type="audio/mpeg" alt="Pronunciation of dictionary term &quot;prospective cohort study&quot;" language="en" id="_3"/><MediaLink ref="CDR0000710292" type="audio/mpeg" alt="Pronunciation of dictionary term &quot;estudio prospectivo de cohorte&quot;" language="es" id="_4"/><SpanishTermName>estudio prospectivo de cohorte</SpanishTermName><SpanishTermDefinition><DefinitionText>Estudio de investigación en los que se hace un seguimiento a un grupo de individuos que son semejantes en muchos aspectos, pero que se diferencian por cierta característica (por ejemplo, enfermeras que fuman y enfermeras que no fuman) y se los compara por un resultado particular (como cáncer de pulmón).</DefinitionText><Dictionary>Cancer.gov</Dictionary><Audience>Patient</Audience></SpanishTermDefinition><DateFirstPublished>2003-02-21</DateFirstPublished></GlossaryTerm>
