<?xml version="1.0" encoding="utf-8"?>
<!DOCTYPE GlossaryTerm >
<GlossaryTerm id="CDR0000269422"><TermName>magnetic resonance spectroscopic imaging</TermName><TermPronunciation>(mag-NEH-tik REH-zuh-nunts SPEK-troh-SKAH-pik IH-muh-jing)</TermPronunciation><TermDefinition><DefinitionText>A noninvasive imaging method that provides information about cellular activity (metabolic information). It is used along with magnetic resonance imaging (MRI) which provides information about the shape and size of the tumor (spatial information). Also called 1H-nuclear magnetic resonance spectroscopic imaging, MRSI,  and proton magnetic resonance spectroscopic imaging.</DefinitionText><Dictionary>Cancer.gov</Dictionary><Audience>Patient</Audience></TermDefinition><MediaLink ref="CDR0000710017" type="audio/mpeg" alt="Pronunciation of dictionary term &quot;magnetic resonance spectroscopic imaging&quot;" language="en" id="_3"/><MediaLink ref="CDR0000710016" type="audio/mpeg" alt="Pronunciation of dictionary term &quot;imágenes por resonancia magnética espectroscópica&quot;" language="es" id="_4"/><SpanishTermName>imágenes por resonancia magnética espectroscópica</SpanishTermName><SpanishTermDefinition><DefinitionText>Método no invasor de imaginología que proporciona información sobre la actividad celular (información metabólica). Se usa con las imágenes de resonancia magnética (IRM), que proporciona información sobre la forma y el tamaño del tumor (información espacial). También se llama imágenes espectroscópicas por resonancia magnética con protones, imágenes espectroscópicas por resonancia magnética nuclear 1H,  y IRME.</DefinitionText><Dictionary>Cancer.gov</Dictionary><Audience>Patient</Audience></SpanishTermDefinition><DateFirstPublished>2002-12-21</DateFirstPublished><DateLastModified>2008-04-01</DateLastModified></GlossaryTerm>
