<?xml version="1.0" encoding="utf-8"?>
<!DOCTYPE GlossaryTerm >
<GlossaryTerm id="CDR0000256576"><TermName>thrombohemorrhagic event</TermName><TermPronunciation>(THROM-boh-HEH-muh-RA-jik eh-VENT)</TermPronunciation><TermDefinition><DefinitionText>A process that involves either a blood clot or bleeding, such as a heart attack or stroke.</DefinitionText><Dictionary>Cancer.gov</Dictionary><Audience>Patient</Audience></TermDefinition><MediaLink ref="CDR0000731147" type="audio/mpeg" alt="Pronunciation of dictionary term &quot;thrombohemorrhagic event&quot;" language="en" id="_3"/><MediaLink ref="CDR0000731146" type="audio/mpeg" alt="Pronunciation of dictionary term &quot;episodio trombohemorrágico&quot;" language="es" id="_4"/><SpanishTermName>episodio trombohemorrágico</SpanishTermName><SpanishTermDefinition><DefinitionText>Proceso que incluye o un coágulo de sangre o una hemorragia, como en el caso de un ataque cardíaco o derrame cerebral.</DefinitionText><Dictionary>Cancer.gov</Dictionary><Audience>Patient</Audience></SpanishTermDefinition><DateLastModified>2002-07-19</DateLastModified></GlossaryTerm>
