<?xml version="1.0" encoding="utf-8"?>
<!DOCTYPE GlossaryTerm >
<GlossaryTerm id="CDR0000285963"><TermName>carcinosis</TermName><TermPronunciation>(KAR-sih-noh-sis)</TermPronunciation><TermDefinition><DefinitionText>A condition in which cancer is spread widely throughout the body, or, in some cases, to a relatively large region of the body. Also called carcinomatosis.</DefinitionText><Dictionary>Cancer.gov</Dictionary><Audience>Patient</Audience></TermDefinition><MediaLink ref="CDR0000731561" type="audio/mpeg" alt="Pronunciation of dictionary term &quot;carcinosis&quot;" language="en" id="_3"/><MediaLink ref="CDR0000731560" type="audio/mpeg" alt="Pronunciation of dictionary term &quot;carcinosis&quot;" language="es" id="_4"/><SpanishTermName>carcinosis</SpanishTermName><SpanishTermDefinition><DefinitionText>Situación en la que el cáncer se disemina ampliamente en todo el cuerpo o, en algunos casos, a una región relativamente grande del cuerpo. También se llama carcinomatosis.</DefinitionText><Dictionary>Cancer.gov</Dictionary><Audience>Patient</Audience></SpanishTermDefinition><DateFirstPublished>2003-02-21</DateFirstPublished><DateLastModified>2007-05-16</DateLastModified></GlossaryTerm>
