<?xml version="1.0" encoding="utf-8"?>
<!DOCTYPE GlossaryTerm >
<GlossaryTerm id="CDR0000285746"><TermName>Scutellaria barbata</TermName><TermPronunciation>(skoo-tuh-LAYR-ee-uh bar-BAY-tuh)</TermPronunciation><TermDefinition><DefinitionText>An herb that belongs to a group of herbs named the Scutellaria species or scullcap. Both the root and the above-ground part have been used to make herbal medicines. The root has been used in traditional Chinese medicine to treat lung cancer and other medical problems.</DefinitionText><Dictionary>Cancer.gov</Dictionary><Audience>Patient</Audience></TermDefinition><MediaLink ref="CDR0000731401" type="audio/mpeg" alt="Pronunciation of dictionary term &quot;Scutellaria barbata&quot;" language="en" id="_3"/><MediaLink ref="CDR0000731400" type="audio/mpeg" alt="Pronunciation of dictionary term &quot;Scutellaria barbata&quot;" language="es" id="_4"/><SpanishTermName>Scutellaria barbata</SpanishTermName><SpanishTermDefinition><DefinitionText>Planta que pertenece al grupo de hierbas que pertenecen a la especie <ForeignWord>Scutellaria </ForeignWord> o escutelaria. Tanto la raíz como la parte que asoma de la tierra se han usado para elaborar medicamentos herbarios. La raíz ha sido usada en la medicina tradicional china para tratar el cáncer de pulmón y otros problemas médicos.</DefinitionText><Dictionary>Cancer.gov</Dictionary><Audience>Patient</Audience></SpanishTermDefinition><DateFirstPublished>2003-02-21</DateFirstPublished></GlossaryTerm>
