<?xml version="1.0" encoding="utf-8"?>
<!DOCTYPE GlossaryTerm >
<GlossaryTerm id="CDR0000270854"><TermName>endocrine pancreas cell</TermName><TermPronunciation>(EN-doh-krin PAN-kree-us sel)</TermPronunciation><TermDefinition><DefinitionText>A pancreatic cell that produces hormones (e.g., insulin and glucagon) that are secreted into the bloodstream. These hormones help control the level of glucose (sugar) in the blood. Also called islet cell and islet of Langerhans cell.</DefinitionText><Dictionary>Cancer.gov</Dictionary><Audience>Patient</Audience></TermDefinition><MediaLink ref="CDR0000731099" type="audio/mpeg" alt="Pronunciation of dictionary term &quot;endocrine pancreas cell&quot;" language="en" id="_3"/><MediaLink ref="CDR0000731098" type="audio/mpeg" alt="Pronunciation of dictionary term &quot;célula endocrina del páncreas&quot;" language="es" id="_4"/><SpanishTermName>célula endocrina del páncreas</SpanishTermName><SpanishTermDefinition><DefinitionText>Célula del páncreas que produce hormonas (por ejemplo, insulina y glucagón) que se secretan en el torrente sanguíneo. Estas hormonas ayudan a controlar la concentración de glucosa (azúcar) en la sangre. También se llama célula del islote y célula del islote de Langerhans.</DefinitionText><Dictionary>Cancer.gov</Dictionary><Audience>Patient</Audience></SpanishTermDefinition><DateFirstPublished>2003-01-26</DateFirstPublished><DateLastModified>2006-11-08</DateLastModified><RelatedInformation><RelatedExternalRef UseWith="en" xref="http://www.cancer.gov/types/pancreatic">Pancreatic Cancer</RelatedExternalRef><RelatedExternalRef UseWith="es" xref="http://www.cancer.gov/espanol/tipos/pancreas">Cáncer de páncreas</RelatedExternalRef></RelatedInformation></GlossaryTerm>
