<?xml version="1.0" encoding="utf-8"?>
<!DOCTYPE GlossaryTerm >
<GlossaryTerm id="CDR0000256580"><TermName>phlebotomy</TermName><TermPronunciation>(fleh-BAH-toh-mee)</TermPronunciation><TermDefinition><DefinitionText>A procedure in which a needle is used to take blood from a vein, usually for laboratory testing. Phlebotomy may also be done to remove extra red blood cells from the blood, to treat certain blood disorders. Also called blood draw and venipuncture.</DefinitionText><Dictionary>Cancer.gov</Dictionary><Audience>Patient</Audience></TermDefinition><MediaLink ref="CDR0000709887" type="audio/mpeg" alt="Pronunciation of dictionary term &quot;phlebotomy&quot;" language="en" id="_3"/><MediaLink ref="CDR0000709888" type="audio/mpeg" alt="Pronunciation of dictionary term &quot;flebotomía&quot;" language="es" id="_4"/><SpanishTermName>flebotomía</SpanishTermName><SpanishTermDefinition><DefinitionText>Procedimiento para el que se usa una aguja para extraer sangre de una vena; habitualmente, para hacer pruebas de laboratorio.  Una flebotomía también se puede realizar para remover exceso de células sanguíneas de la sangre, para tratar ciertas afecciones de la sangre. También se llama extracción de sangre y punción venosa.</DefinitionText><Dictionary>Cancer.gov</Dictionary><Audience>Patient</Audience></SpanishTermDefinition><DateLastModified>2015-09-28</DateLastModified></GlossaryTerm>
