<?xml version="1.0" encoding="utf-8"?>
<!DOCTYPE GlossaryTerm >
<GlossaryTerm id="CDR0000269417"><TermName>epothilone B</TermName><TermPronunciation>(eh-POTH-ih-lone ...)</TermPronunciation><TermDefinition><DefinitionText>A substance being studied in the treatment of cancer. It is a type of epothilone. Also called EPO906.</DefinitionText><Dictionary>Cancer.gov</Dictionary><Audience>Patient</Audience></TermDefinition><MediaLink ref="CDR0000709968" type="audio/mpeg" alt="Pronunciation of dictionary term &quot;epothilone B&quot;" language="en" id="_3"/><MediaLink ref="CDR0000709969" type="audio/mpeg" alt="Pronunciation of dictionary term &quot;epotilona B&quot;" language="es" id="_4"/><SpanishTermName>epotilona B</SpanishTermName><SpanishTermDefinition><DefinitionText>Sustancia en estudio para el tratamiento de cáncer. Es un tipo de epotilona. También se llama EPO906.</DefinitionText><Dictionary>Cancer.gov</Dictionary><Audience>Patient</Audience></SpanishTermDefinition><DateFirstPublished>2002-12-21</DateFirstPublished><DateLastModified>2007-06-29</DateLastModified></GlossaryTerm>
