<?xml version="1.0" encoding="utf-8"?>
<!DOCTYPE GlossaryTerm >
<GlossaryTerm id="CDR0000257213"><TermName>mucosa</TermName><TermPronunciation>(myoo-KOH-suh)</TermPronunciation><TermDefinition><DefinitionText>The moist, inner lining of some organs and body cavities (such as the nose, mouth, lungs, and stomach). Glands in the mucosa make mucus (a thick, slippery fluid). Also called mucous membrane.</DefinitionText><Dictionary>Cancer.gov</Dictionary><Audience>Patient</Audience></TermDefinition><MediaLink ref="CDR0000710068" type="audio/mpeg" alt="Pronunciation of dictionary term &quot;mucosa&quot;" language="en" id="_3"/><MediaLink ref="CDR0000710067" type="audio/mpeg" alt="Pronunciation of dictionary term &quot;mucosa&quot;" language="es" id="_4"/><SpanishTermName>mucosa</SpanishTermName><SpanishTermDefinition><DefinitionText>Revestimiento interior húmedo de algunos órganos y cavidades del cuerpo (como la nariz, la boca, los pulmones y el estómago). Las glándulas de la mucosa producen el moco (líquido espeso y resbaloso). También se llama membrana mucosa.</DefinitionText><Dictionary>Cancer.gov</Dictionary><Audience>Patient</Audience></SpanishTermDefinition><DateLastModified>2005-11-03</DateLastModified></GlossaryTerm>
