<?xml version="1.0" encoding="utf-8"?>
<!DOCTYPE GlossaryTerm >
<GlossaryTerm id="CDR0000257525"><TermName>partial laryngectomy</TermName><TermPronunciation>(PAR-shul LAYR-in-JEK-toh-mee)</TermPronunciation><TermDefinition><DefinitionText>An operation to remove part of the larynx (voice box).</DefinitionText><Dictionary>Cancer.gov</Dictionary><Audience>Patient</Audience></TermDefinition><MediaLink ref="CDR0000710304" type="audio/mpeg" alt="Pronunciation of dictionary term &quot;partial laryngectomy&quot;" language="en" id="_3"/><MediaLink ref="CDR0000710303" type="audio/mpeg" alt="Pronunciation of dictionary term &quot;laringectomía parcial&quot;" language="es" id="_4"/><SpanishTermName>laringectomía parcial</SpanishTermName><SpanishTermDefinition><DefinitionText>Operación para extraer parte de la laringe.</DefinitionText><Dictionary>Cancer.gov</Dictionary><Audience>Patient</Audience></SpanishTermDefinition><DateLastModified>2006-10-02</DateLastModified></GlossaryTerm>
