<?xml version="1.0" encoding="utf-8"?>
<!DOCTYPE GlossaryTerm >
<GlossaryTerm id="CDR0000257212"><TermName>mucous membrane</TermName><TermPronunciation>(MYOO-kus MEM-brayn)</TermPronunciation><TermDefinition><DefinitionText>The moist, inner lining of some organs and body cavities (such as the nose, mouth, lungs, and stomach). Glands in the mucous membrane make mucus (a thick, slippery fluid). Also called mucosa.</DefinitionText><Dictionary>Cancer.gov</Dictionary><Audience>Patient</Audience></TermDefinition><MediaLink ref="CDR0000710066" type="audio/mpeg" alt="Pronunciation of dictionary term &quot;mucous membrane&quot;" language="en" id="_3"/><MediaLink ref="CDR0000710065" type="audio/mpeg" alt="Pronunciation of dictionary term &quot;membrana mucosa&quot;" language="es" id="_4"/><SpanishTermName>membrana mucosa</SpanishTermName><SpanishTermDefinition><DefinitionText>Revestimiento interior húmedo de algunos órganos y cavidades del cuerpo (como la nariz, la boca, los pulmones y el estómago). Las glándulas de la membrana mucosa producen el moco (líquido espeso y resbaloso). También se llama mucosa.</DefinitionText><Dictionary>Cancer.gov</Dictionary><Audience>Patient</Audience></SpanishTermDefinition><DateLastModified>2005-11-03</DateLastModified></GlossaryTerm>
