<?xml version="1.0" encoding="utf-8"?>
<!DOCTYPE GlossaryTerm >
<GlossaryTerm id="CDR0000285970"><TermName>inoperable</TermName><TermPronunciation>(in-AH-peh-ruh-bul)</TermPronunciation><TermDefinition><DefinitionText>Describes a condition that cannot be treated by surgery.</DefinitionText><Dictionary>Cancer.gov</Dictionary><Audience>Patient</Audience></TermDefinition><MediaLink ref="CDR0000731569" type="audio/mpeg" alt="Pronunciation of dictionary term &quot;inoperable&quot;" language="en" id="_3"/><MediaLink ref="CDR0000731568" type="audio/mpeg" alt="Pronunciation of dictionary term &quot;inoperable&quot;" language="es" id="_4"/><SpanishTermName>inoperable</SpanishTermName><SpanishTermDefinition><DefinitionText>Describe una afección que no se puede tratar por medio de cirugía.</DefinitionText><Dictionary>Cancer.gov</Dictionary><Audience>Patient</Audience></SpanishTermDefinition><DateFirstPublished>2003-02-21</DateFirstPublished></GlossaryTerm>
