<?xml version="1.0" encoding="utf-8"?>
<!DOCTYPE GlossaryTerm >
<GlossaryTerm id="CDR0000256572"><TermName>opportunistic infection</TermName><TermPronunciation>(AH-per-too-NIS-tik in-FEK-shun)</TermPronunciation><TermDefinition><DefinitionText>An infection caused by an organism that does not normally cause disease. Opportunistic infections occur in people with weakened immune systems.</DefinitionText><Dictionary>Cancer.gov</Dictionary><Audience>Patient</Audience></TermDefinition><MediaLink ref="CDR0000731143" type="audio/mpeg" alt="Pronunciation of dictionary term &quot;opportunistic infection&quot;" language="en" id="_3"/><MediaLink ref="CDR0000731142" type="audio/mpeg" alt="Pronunciation of dictionary term &quot;infección oportunista&quot;" language="es" id="_4"/><SpanishTermName>infección oportunista</SpanishTermName><SpanishTermDefinition><DefinitionText>Infección causada por un organismo que, por lo general, no causa enfermedad. Las infecciones oportunistas se presentan en las personas con sistemas inmunitarios debilitados.</DefinitionText><Dictionary>Cancer.gov</Dictionary><Audience>Patient</Audience></SpanishTermDefinition><DateLastModified>2002-07-19</DateLastModified></GlossaryTerm>
