<?xml version="1.0" encoding="utf-8"?>
<!DOCTYPE GlossaryTerm >
<GlossaryTerm id="CDR0000256557"><TermName>distal</TermName><TermPronunciation>(DIS-tul)</TermPronunciation><TermDefinition><DefinitionText>In medicine, refers to a part of the body that is farther away from the center of the body than another part. For example, the fingers are distal to the shoulder. The opposite is proximal.</DefinitionText><Dictionary>Cancer.gov</Dictionary><Audience>Patient</Audience></TermDefinition><MediaLink ref="CDR0000731129" type="audio/mpeg" alt="Pronunciation of dictionary term &quot;distal&quot;" language="en" id="_3"/><MediaLink ref="CDR0000731128" type="audio/mpeg" alt="Pronunciation of dictionary term &quot;distal&quot;" language="es" id="_4"/><SpanishTermName>distal</SpanishTermName><SpanishTermDefinition><DefinitionText>En el campo de la medicina, se refiere a una parte del cuerpo que está más lejos del centro del cuerpo que otra parte. Por ejemplo, los dedos son distales al hombro. Lo contrario es proximal.</DefinitionText><Dictionary>Cancer.gov</Dictionary><Audience>Patient</Audience></SpanishTermDefinition><DateLastModified>2002-07-19</DateLastModified></GlossaryTerm>
