<?xml version="1.0" encoding="utf-8"?>
<!DOCTYPE GlossaryTerm >
<GlossaryTerm id="CDR0000269457"><TermName>cauterize</TermName><TermPronunciation>(KAW-teh-RIZE)</TermPronunciation><TermDefinition><DefinitionText>To destroy tissue using a hot or cold instrument, an electrical current, or a chemical that burns or dissolves the tissue. This process may be used to kill certain types of small tumors or to seal off blood vessels to stop bleeding.</DefinitionText><Dictionary>Cancer.gov</Dictionary><Audience>Patient</Audience></TermDefinition><MediaLink ref="CDR0000710009" type="audio/mpeg" alt="Pronunciation of dictionary term &quot;cauterize&quot;" language="en" id="_3"/><MediaLink ref="CDR0000710008" type="audio/mpeg" alt="Pronunciation of dictionary term &quot;cauterizar&quot;" language="es" id="_4"/><SpanishTermName>cauterizar</SpanishTermName><SpanishTermDefinition><DefinitionText>Destruir un tejido con un instrumento caliente, una corriente eléctrica o una sustancia cáustica. Este proceso se puede usar para eliminar ciertos tipos de tumores pequeños o cerrar vasos sanguíneos para interrumpir el sangrado.</DefinitionText><Dictionary>Cancer.gov</Dictionary><Audience>Patient</Audience></SpanishTermDefinition><DateFirstPublished>2002-12-21</DateFirstPublished><DateLastModified>2007-03-15</DateLastModified></GlossaryTerm>
