<?xml version="1.0" encoding="utf-8"?>
<!DOCTYPE GlossaryTerm >
<GlossaryTerm id="CDR0000269468"><TermName>plastic surgery</TermName><TermPronunciation>(PLAS-tik SER-juh-ree)</TermPronunciation><TermDefinition><DefinitionText>An operation that restores or improves the appearance of body structures.</DefinitionText><Dictionary>Cancer.gov</Dictionary><Audience>Patient</Audience></TermDefinition><MediaLink ref="CDR0000710263" type="audio/mpeg" alt="Pronunciation of dictionary term &quot;plastic surgery&quot;" language="en" id="_3"/><MediaLink ref="CDR0000710264" type="audio/mpeg" alt="Pronunciation of dictionary term &quot;cirugía plástica&quot;" language="es" id="_4"/><SpanishTermName>cirugía plástica</SpanishTermName><SpanishTermDefinition><DefinitionText>Operación que restaura o mejora la apariencia de las estructuras del cuerpo.</DefinitionText><Dictionary>Cancer.gov</Dictionary><Audience>Patient</Audience></SpanishTermDefinition><DateFirstPublished>2002-12-21</DateFirstPublished></GlossaryTerm>
