<?xml version="1.0" encoding="utf-8"?>
<!DOCTYPE GlossaryTerm >
<GlossaryTerm id="CDR0000256556"><TermName>comorbidity</TermName><TermPronunciation>(koh-mor-BIH-dih-tee)</TermPronunciation><TermDefinition><DefinitionText>The condition of having two or more diseases at the same time.</DefinitionText><Dictionary>Cancer.gov</Dictionary><Audience>Patient</Audience></TermDefinition><MediaLink ref="CDR0000731126" type="audio/mpeg" alt="Pronunciation of dictionary term &quot;comorbidity&quot;" language="en" id="_3"/><MediaLink ref="CDR0000731127" type="audio/mpeg" alt="Pronunciation of dictionary term &quot;comorbilidad&quot;" language="es" id="_4"/><SpanishTermName>comorbilidad</SpanishTermName><SpanishTermDefinition><DefinitionText>Situación de padecer de dos o más enfermedades al mismo tiempo.</DefinitionText><Dictionary>Cancer.gov</Dictionary><Audience>Patient</Audience></SpanishTermDefinition><DateLastModified>2002-07-19</DateLastModified></GlossaryTerm>
