<?xml version="1.0" encoding="utf-8"?>
<!DOCTYPE GlossaryTerm >
<GlossaryTerm id="CDR0000270870"><TermName>parietal pericardium</TermName><TermPronunciation>(puh-RY-uh-tul PAYR-ih-KAR-dee-um)</TermPronunciation><TermDefinition><DefinitionText>The outer layer of the pericardium, which is a thin sac of tissue that surrounds the heart.</DefinitionText><Dictionary>Cancer.gov</Dictionary><Audience>Patient</Audience></TermDefinition><MediaLink ref="CDR0000709806" type="audio/mpeg" alt="Pronunciation of dictionary term &quot;parietal pericardium&quot;" language="en" id="_3"/><MediaLink ref="CDR0000709805" type="audio/mpeg" alt="Pronunciation of dictionary term &quot;pericardio parietal&quot;" language="es" id="_4"/><SpanishTermName>pericardio parietal</SpanishTermName><SpanishTermDefinition><DefinitionText>Capa exterior del pericardio, que es una bolsa delgada de tejido que rodea el corazón.</DefinitionText><Dictionary>Cancer.gov</Dictionary><Audience>Patient</Audience></SpanishTermDefinition><DateFirstPublished>2003-01-26</DateFirstPublished></GlossaryTerm>
