<?xml version="1.0" encoding="utf-8"?>
<!DOCTYPE GlossaryTerm >
<GlossaryTerm id="CDR0000285971"><TermName>instillation</TermName><TermPronunciation>(in-stih-LAY-shun)</TermPronunciation><TermDefinition><DefinitionText>In medicine, a method used to put a liquid into the body slowly or drop by drop.</DefinitionText><Dictionary>Cancer.gov</Dictionary><Audience>Patient</Audience></TermDefinition><MediaLink ref="CDR0000731571" type="audio/mpeg" alt="Pronunciation of dictionary term &quot;instillation&quot;" language="en" id="_3"/><MediaLink ref="CDR0000731570" type="audio/mpeg" alt="Pronunciation of dictionary term &quot;instilación&quot;" language="es" id="_4"/><SpanishTermName>instilación</SpanishTermName><SpanishTermDefinition><DefinitionText>Método que se usa en medicina para incorporar lentamente un líquido en el cuerpo o para ponerlo gota a gota.</DefinitionText><Dictionary>Cancer.gov</Dictionary><Audience>Patient</Audience></SpanishTermDefinition><DateFirstPublished>2003-02-21</DateFirstPublished></GlossaryTerm>
