<?xml version="1.0" encoding="utf-8"?>
<!DOCTYPE GlossaryTerm >
<GlossaryTerm id="CDR0000269444"><TermName>neuron</TermName><TermPronunciation>(NOOR-on)</TermPronunciation><TermDefinition><DefinitionText>A type of cell that receives and sends messages from the body to the brain and back to the body. The messages are sent by a weak electrical current. Also called nerve cell.</DefinitionText><Dictionary>Cancer.gov</Dictionary><Audience>Patient</Audience></TermDefinition><MediaLink ref="CDR0000710130" type="audio/mpeg" alt="Pronunciation of dictionary term &quot;neuron&quot;" language="en" id="_3"/><MediaLink ref="CDR0000710129" type="audio/mpeg" alt="Pronunciation of dictionary term &quot;neurona&quot;" language="es" id="_4"/><SpanishTermName>neurona</SpanishTermName><SpanishTermDefinition><DefinitionText>Tipo de célula que recibe y envía mensajes del cuerpo al cerebro y del cerebro al cuerpo. Los mensajes se envían por medio de una corriente eléctrica débil. También se llama célula nerviosa.</DefinitionText><Dictionary>Cancer.gov</Dictionary><Audience>Patient</Audience></SpanishTermDefinition><DateFirstPublished>2002-12-21</DateFirstPublished><DateLastModified>2006-04-20</DateLastModified></GlossaryTerm>
