<?xml version="1.0" encoding="utf-8"?>
<!DOCTYPE GlossaryTerm >
<GlossaryTerm id="CDR0000256568"><TermName>MAMMOTOME</TermName><TermPronunciation>(MA-moh-tome)</TermPronunciation><TermDefinition><DefinitionText>A device that uses a computer-guided probe to perform breast biopsies. A biopsy procedure using the MAMMOTOME device can be done on an outpatient basis with a local anesthetic, removes only a small amount of healthy tissue, and doesn’t require sutures (stitches) because the incision is very small. MAMMOTOME is a registered trademark of Devicor Medical Products, Inc.</DefinitionText><Dictionary>Cancer.gov</Dictionary><Audience>Patient</Audience></TermDefinition><MediaLink ref="CDR0000731137" type="audio/mpeg" alt="Pronunciation of dictionary term &quot;Mammotome&quot;" language="en" id="_3"/><MediaLink ref="CDR0000731136" type="audio/mpeg" alt="Pronunciation of dictionary term &quot;Mammotome&quot;" language="es" id="_4"/><SpanishTermName>MAMMOTOME</SpanishTermName><SpanishTermDefinition><DefinitionText>Dispositivo para el que se usa una sonda guiada por una computadora para realizar biopsias de mama. Una biopsia  que usa el dispositivo   MAMMOTOME se puede hacer durante una visita ambulatoria con un anestésico local; se extrae solo una pequeña cantidad de tejido sano y no se necesitan suturas (puntos) porque la incisión es muy pequeña.  MAMMOTOME es una marca registrada por Devicor Medical Products, Inc.</DefinitionText><Dictionary>Cancer.gov</Dictionary><Audience>Patient</Audience></SpanishTermDefinition><DateLastModified>2015-06-29</DateLastModified></GlossaryTerm>
