<?xml version="1.0" encoding="utf-8"?>
<!DOCTYPE GlossaryTerm >
<GlossaryTerm id="CDR0000285980"><TermName>pharmacopoeia</TermName><TermPronunciation>(FAR-muh-koh-PEE-uh)</TermPronunciation><TermDefinition><DefinitionText>A book describing chemicals, drugs, and other substances and how they are used as medicines. It is prepared by a recognized authority.</DefinitionText><Dictionary>Cancer.gov</Dictionary><Audience>Patient</Audience></TermDefinition><MediaLink ref="CDR0000731582" type="audio/mpeg" alt="Pronunciation of dictionary term &quot;pharmacopoeia&quot;" language="en" id="_3"/><MediaLink ref="CDR0000731583" type="audio/mpeg" alt="Pronunciation of dictionary term &quot;farmacopea&quot;" language="es" id="_4"/><SpanishTermName>farmacopea</SpanishTermName><SpanishTermDefinition><DefinitionText>Libro en el se describen las sustancias químicas, los fármacos y otras sustancias, y la forma en la que se usan como medicamentos. Lo prepara una autoridad reconocida.</DefinitionText><Dictionary>Cancer.gov</Dictionary><Audience>Patient</Audience></SpanishTermDefinition><DateFirstPublished>2003-02-21</DateFirstPublished></GlossaryTerm>
