<?xml version="1.0" encoding="utf-8"?>
<!DOCTYPE GlossaryTerm >
<GlossaryTerm id="CDR0000256541"><TermName>sensor</TermName><TermPronunciation>(SEN-sor)</TermPronunciation><TermDefinition><DefinitionText>A device that responds to a stimulus, such as heat, light, or pressure, and generates a signal that can be measured or interpreted.</DefinitionText><Dictionary>Cancer.gov</Dictionary><Audience>Patient</Audience></TermDefinition><MediaLink ref="CDR0000731117" type="audio/mpeg" alt="Pronunciation of dictionary term &quot;sensor&quot;" language="en" id="_3"/><MediaLink ref="CDR0000731116" type="audio/mpeg" alt="Pronunciation of dictionary term &quot;sensor&quot;" language="es" id="_4"/><SpanishTermName>sensor</SpanishTermName><SpanishTermDefinition><DefinitionText>Dispositivo que responde a un estímulo, como el calor, la luz o la presión, y produce una señal que se puede medir o interpretar.</DefinitionText><Dictionary>Cancer.gov</Dictionary><Audience>Patient</Audience></SpanishTermDefinition><DateLastModified>2002-07-19</DateLastModified></GlossaryTerm>
