<?xml version="1.0" encoding="utf-8"?>
<!DOCTYPE GlossaryTerm >
<GlossaryTerm id="CDR0000256545"><TermName>zinc sulfate</TermName><TermPronunciation>(zink SUL-fayt)</TermPronunciation><TermDefinition><DefinitionText>A substance required for cell growth and tissue repair. It is being studied as a way to prevent or decrease mucositis caused by radiation therapy.</DefinitionText><Dictionary>Cancer.gov</Dictionary><Audience>Patient</Audience></TermDefinition><MediaLink ref="CDR0000709823" type="audio/mpeg" alt="Pronunciation of dictionary term &quot;zinc sulfate&quot;" language="en" id="_3"/><MediaLink ref="CDR0000709824" type="audio/mpeg" alt="Pronunciation of dictionary term &quot;sulfato de zinc&quot;" language="es" id="_4"/><SpanishTermName>sulfato de zinc</SpanishTermName><SpanishTermDefinition><DefinitionText>Sustancia indispensable para el crecimiento y reparación del tejido celular. Está en estudio como una forma de prevenir o disminuir la mucositis causada por la radioterapia.</DefinitionText><Dictionary>Cancer.gov</Dictionary><Audience>Patient</Audience></SpanishTermDefinition><DateLastModified>2002-07-19</DateLastModified></GlossaryTerm>
