<?xml version="1.0" encoding="utf-8"?>
<!DOCTYPE GlossaryTerm >
<GlossaryTerm id="CDR0000285921"><TermName>linseed</TermName><TermPronunciation>(LIN-seed)</TermPronunciation><TermDefinition><DefinitionText>The seed of the flax plant. It is a rich source of omega-3 fatty acid, fiber, and a compound called lignin. It is being studied in the prevention of several types of cancer. Also called flaxseed.</DefinitionText><Dictionary>Cancer.gov</Dictionary><Audience>Patient</Audience></TermDefinition><MediaLink ref="CDR0000731537" type="audio/mpeg" alt="Pronunciation of dictionary term &quot;linseed&quot;" language="en" id="_3"/><MediaLink ref="CDR0000731536" type="audio/mpeg" alt="Pronunciation of dictionary term &quot;linaza&quot;" language="es" id="_4"/><SpanishTermName>linaza</SpanishTermName><SpanishTermDefinition><DefinitionText>Semilla de la planta de lino. Es una fuente abundante de ácido graso omega-3, fibra y un compuesto que se llama lignina. Está en estudio para la prevención de varios tipos de cáncer. También se llama semilla de lino.</DefinitionText><Dictionary>Cancer.gov</Dictionary><Audience>Patient</Audience></SpanishTermDefinition><DateFirstPublished>2003-02-21</DateFirstPublished><DateLastModified>2010-03-31</DateLastModified></GlossaryTerm>
