<?xml version="1.0" encoding="utf-8"?>
<!DOCTYPE GlossaryTerm >
<GlossaryTerm id="CDR0000285938"><TermName>microsatellite</TermName><TermPronunciation>(MY-kroh-SA-teh-lite)</TermPronunciation><TermDefinition><DefinitionText>A short sequence of DNA, usually 1 to 4 basepairs (a unit of DNA), that is repeated together in a row along the DNA molecule. There is variation from person to person in the number of repeats. There are hundreds of places in human DNA that contain microsatellites.</DefinitionText><Dictionary>Cancer.gov</Dictionary><Audience>Patient</Audience></TermDefinition><TermDefinition><DefinitionText>Repetitive segments of DNA scattered throughout the genome in noncoding regions between genes or within genes (introns). They are often used as markers for linkage analysis because of their naturally occurring high variability in repeat number between individuals. These regions are inherently genetically unstable and susceptible to mutations.</DefinitionText><Dictionary>Genetics</Dictionary><Audience>Health professional</Audience></TermDefinition><MediaLink ref="CDR0000731549" type="audio/mpeg" alt="Pronunciation of dictionary term &quot;microsatellite&quot;" language="en" id="_3"/><MediaLink ref="CDR0000731548" type="audio/mpeg" alt="Pronunciation of dictionary term &quot;microsatélite&quot;" language="es" id="_4"/><SpanishTermName>microsatélite</SpanishTermName><SpanishTermDefinition><DefinitionText>Secuencia corta de ADN, generalmente de 1 a 4 pares de bases (una unidad de ADN), que se repiten juntas en una fila a lo largo de la molécula de ADN. Existe una variación del número de repeticiones de persona a persona. Hay cientos de lugares en el ADN humano que contienen microsatélites.</DefinitionText><Dictionary>Cancer.gov</Dictionary><Audience>Patient</Audience></SpanishTermDefinition><DateFirstPublished>2003-02-21</DateFirstPublished><DateLastModified>2007-02-13</DateLastModified><RelatedInformation><RelatedExternalRef UseWith="en" xref="http://www.genome.gov/Glossary/index.cfm?id=126">Microsatellite</RelatedExternalRef><RelatedExternalRef UseWith="es" xref="http://www.genome.gov/GlossaryS/index.cfm?id=126">Microsatélite</RelatedExternalRef></RelatedInformation></GlossaryTerm>
