<?xml version="1.0" encoding="utf-8"?>
<!DOCTYPE GlossaryTerm >
<GlossaryTerm id="CDR0000256578"><TermName>vasomotor</TermName><TermPronunciation>(VAY-zoh-MOH-ter)</TermPronunciation><TermDefinition><DefinitionText>Affecting the narrowing and widening of the blood vessels.</DefinitionText><Dictionary>Cancer.gov</Dictionary><Audience>Patient</Audience></TermDefinition><MediaLink ref="CDR0000710238" type="audio/mpeg" alt="Pronunciation of dictionary term &quot;vasomotor&quot;" language="en" id="_3"/><MediaLink ref="CDR0000710237" type="audio/mpeg" alt="Pronunciation of dictionary term &quot;vasomotor&quot;" language="es" id="_4"/><SpanishTermName>vasomotor</SpanishTermName><SpanishTermDefinition><DefinitionText>Lo que hace que los vasos sanguíneos se estrechen o anchen.</DefinitionText><Dictionary>Cancer.gov</Dictionary><Audience>Patient</Audience></SpanishTermDefinition><DateLastModified>2002-07-19</DateLastModified></GlossaryTerm>
