<?xml version="1.0" encoding="utf-8"?>
<!DOCTYPE GlossaryTerm >
<GlossaryTerm id="CDR0000257523"><TermName>organ</TermName><TermPronunciation>(OR-gun)</TermPronunciation><TermDefinition><DefinitionText>A part of the body that performs a specific function. For example, the heart is an organ.</DefinitionText><Dictionary>Cancer.gov</Dictionary><Audience>Patient</Audience></TermDefinition><MediaLink ref="CDR0000731347" type="audio/mpeg" alt="Pronunciation of dictionary term &quot;organ&quot;" language="en" id="_3"/><MediaLink ref="CDR0000731346" type="audio/mpeg" alt="Pronunciation of dictionary term &quot;órgano&quot;" language="es" id="_4"/><SpanishTermName>órgano</SpanishTermName><SpanishTermDefinition><DefinitionText>Parte del cuerpo que cumple una función específica. Por ejemplo, el corazón es un órgano.</DefinitionText><Dictionary>Cancer.gov</Dictionary><Audience>Patient</Audience></SpanishTermDefinition></GlossaryTerm>
