<?xml version="1.0" encoding="utf-8"?>
<!DOCTYPE GlossaryTerm >
<GlossaryTerm id="CDR0000285952"><TermName>anaphylactic shock</TermName><TermPronunciation>(A-nuh-fih-LAK-tik shok)</TermPronunciation><TermDefinition><DefinitionText>A severe and sometimes life-threatening immune system reaction to an antigen that a person has been previously exposed to. The reaction may include itchy skin, edema, collapsed blood vessels, fainting, difficulty in breathing, and death.</DefinitionText><Dictionary>Cancer.gov</Dictionary><Audience>Patient</Audience></TermDefinition><MediaLink ref="CDR0000710112" type="audio/mpeg" alt="Pronunciation of dictionary term &quot;anaphylactic shock&quot;" language="en" id="_3"/><MediaLink ref="CDR0000710111" type="audio/mpeg" alt="Pronunciation of dictionary term &quot;choque anafiláctico&quot;" language="es" id="_4"/><SpanishTermName>choque anafiláctico</SpanishTermName><SpanishTermDefinition><DefinitionText>Reacción grave y a veces potencialmente mortal del sistema inmunitario a un antígeno al que una persona ha estado expuesta antes. La reacción puede incluir picazón de la piel, edema, colapso de los vasos sanguíneos, desmayo, dificultad para respirar y muerte.</DefinitionText><Dictionary>Cancer.gov</Dictionary><Audience>Patient</Audience></SpanishTermDefinition><DateFirstPublished>2003-02-21</DateFirstPublished><DateLastModified>2008-01-16</DateLastModified></GlossaryTerm>
