<?xml version="1.0" encoding="utf-8"?>
<!DOCTYPE GlossaryTerm >
<GlossaryTerm id="CDR0000285741"><TermName>shiitake mushroom</TermName><TermPronunciation>(shee-TAH-kee ...)</TermPronunciation><TermDefinition><DefinitionText>A dark oriental mushroom widely used as a food. Several anticancer substances have been found in shiitake mushrooms, including lentinan, which has been studied in Japan as a treatment for stomach and colorectal cancer. The scientific name is <ScientificName>Lentinus edodes</ScientificName>.</DefinitionText><Dictionary>Cancer.gov</Dictionary><Audience>Patient</Audience></TermDefinition><MediaLink ref="CDR0000710120" type="audio/mpeg" alt="Pronunciation of dictionary term &quot;shiitake mushroom&quot;" language="en" id="_3"/><MediaLink ref="CDR0000710119" type="audio/mpeg" alt="Pronunciation of dictionary term &quot;hongo shiitake&quot;" language="es" id="_4"/><SpanishTermName>hongo shiitake</SpanishTermName><SpanishTermDefinition><DefinitionText>Hongo oriental oscuro muy usado como alimento. Se han encontrado varias sustancias anticancerosas en los hongos shiitake, como el lentinan, que se ha estudiado en el Japón como tratamiento para el cáncer de estómago y el cáncer colorrectal. El nombre científico es <ScientificName>Lentinus edodes</ScientificName>.</DefinitionText><Dictionary>Cancer.gov</Dictionary><Audience>Patient</Audience></SpanishTermDefinition><DateFirstPublished>2003-02-21</DateFirstPublished><DateLastModified>2008-01-10</DateLastModified></GlossaryTerm>
