<?xml version="1.0" encoding="utf-8"?>
<!DOCTYPE GlossaryTerm >
<GlossaryTerm id="CDR0000269469"><TermName>ulceration</TermName><TermPronunciation>(UL-seh-RAY-shun)</TermPronunciation><TermDefinition><DefinitionText>The formation of a break on the skin or on the surface of an organ. An ulcer forms when the surface cells die and are cast off. Ulcers may be associated with cancer and other diseases.</DefinitionText><Dictionary>Cancer.gov</Dictionary><Audience>Patient</Audience></TermDefinition><MediaLink ref="CDR0000710193" type="audio/mpeg" alt="Pronunciation of dictionary term &quot;ulceration&quot;" language="en" id="_3"/><MediaLink ref="CDR0000710194" type="audio/mpeg" alt="Pronunciation of dictionary term &quot;ulceración&quot;" language="es" id="_4"/><SpanishTermName>ulceración</SpanishTermName><SpanishTermDefinition><DefinitionText>Formación de una lesión en la piel o en la superficie de un órgano. Una úlcera se forma cuando las células superficiales mueren y se desintegran. Las úlceras pueden estar relacionadas con el cáncer y otras enfermedades.</DefinitionText><Dictionary>Cancer.gov</Dictionary><Audience>Patient</Audience></SpanishTermDefinition><DateFirstPublished>2002-12-21</DateFirstPublished><DateLastModified>2003-02-10</DateLastModified></GlossaryTerm>
