<?xml version="1.0" encoding="utf-8"?>
<!DOCTYPE GlossaryTerm >
<GlossaryTerm id="CDR0000257971"><TermName>zosuquidar trihydrochloride</TermName><TermPronunciation>(ZOH-soo-KWIH-dar try-HY-droh-KLOR-ide)</TermPronunciation><TermDefinition><DefinitionText>A substance being studied in the treatment of cancer. Zosuquidar trihydrochloride may help kill cancer cells that are resistant to anticancer drugs. Also called LY335979.</DefinitionText><Dictionary>Cancer.gov</Dictionary><Audience>Patient</Audience></TermDefinition><MediaLink ref="CDR0000710267" type="audio/mpeg" alt="Pronunciation of dictionary term &quot;zosuquidar trihydrochloride&quot;" language="en" id="_3"/><MediaLink ref="CDR0000710268" type="audio/mpeg" alt="Pronunciation of dictionary term &quot;triclorhidrato de zosuquidar&quot;" language="es" id="_4"/><SpanishTermName>triclorhidrato de zosuquidar</SpanishTermName><SpanishTermDefinition><DefinitionText>Sustancia en estudio para el tratamiento de cáncer. El triclorhidrato de zosuquidar puede ayudar a destruir las células cancerosas resistentes a los medicamentos anticancerosos. También se llama LY335979.</DefinitionText><Dictionary>Cancer.gov</Dictionary><Audience>Patient</Audience></SpanishTermDefinition><DateLastModified>2008-03-11</DateLastModified></GlossaryTerm>
