<?xml version="1.0" encoding="utf-8"?>
<!DOCTYPE GlossaryTerm >
<GlossaryTerm id="CDR0000285968"><TermName>immunostimulant</TermName><TermPronunciation>(IH-myoo-noh-STIM-yoo-lunt)</TermPronunciation><TermDefinition><DefinitionText>A substance that increases the ability of the immune system to fight infection and disease.</DefinitionText><Dictionary>Cancer.gov</Dictionary><Audience>Patient</Audience></TermDefinition><MediaLink ref="CDR0000710121" type="audio/mpeg" alt="Pronunciation of dictionary term &quot;immunostimulant&quot;" language="en" id="_3"/><MediaLink ref="CDR0000710122" type="audio/mpeg" alt="Pronunciation of dictionary term &quot;inmunoestimulante&quot;" language="es" id="_4"/><SpanishTermName>inmunoestimulante</SpanishTermName><SpanishTermDefinition><DefinitionText>Sustancia que aumenta la capacidad del sistema inmunitario de combatir las infecciones y las enfermedades.</DefinitionText><Dictionary>Cancer.gov</Dictionary><Audience>Patient</Audience></SpanishTermDefinition><DateFirstPublished>2003-02-21</DateFirstPublished></GlossaryTerm>
