<?xml version="1.0" encoding="utf-8"?>
<!DOCTYPE GlossaryTerm >
<GlossaryTerm id="CDR0000256555"><TermName>basal cell nevus syndrome</TermName><TermPronunciation>(BAY-sul sel NEE-vus SIN-drome)</TermPronunciation><TermDefinition><DefinitionText>A genetic condition that causes unusual facial features and disorders of the skin, bones, nervous system, eyes, and endocrine glands. People with this syndrome have a higher risk of basal cell carcinoma. Also called Gorlin syndrome and nevoid basal cell carcinoma syndrome.</DefinitionText><Dictionary>Cancer.gov</Dictionary><Audience>Patient</Audience></TermDefinition><MediaLink ref="CDR0000710115" type="audio/mpeg" alt="Pronunciation of dictionary term &quot;basal cell nevus syndrome&quot;" language="en" id="_3"/><MediaLink ref="CDR0000710116" type="audio/mpeg" alt="Pronunciation of dictionary term &quot;síndrome del nevo de células basales&quot;" language="es" id="_4"/><SpanishTermName>síndrome del nevo de células basales</SpanishTermName><SpanishTermDefinition><DefinitionText>Enfermedad genética que causa una apariencia facial extraña y trastornos de la piel, los huesos, el sistema nervioso, los ojos y las glándulas endocrinas. Las personas con este síndrome tienen un riesgo más alto de padecer de carcinoma de células basales. También se llama síndrome de Gorlin y síndrome del carcinoma nevoide de células basales.</DefinitionText><Dictionary>Cancer.gov</Dictionary><Audience>Patient</Audience></SpanishTermDefinition><DateLastModified>2007-03-12</DateLastModified></GlossaryTerm>
