<?xml version="1.0" encoding="utf-8"?>
<!DOCTYPE GlossaryTerm >
<GlossaryTerm id="CDR0000285977"><TermName>nanogram</TermName><TermPronunciation>(NA-noh-gram)</TermPronunciation><TermDefinition><DefinitionText>A measure of weight. One nanogram weighs a billion times less than one gram, and almost a trillion-times less than a pound.</DefinitionText><Dictionary>Cancer.gov</Dictionary><Audience>Patient</Audience></TermDefinition><MediaLink ref="CDR0000731576" type="audio/mpeg" alt="Pronunciation of dictionary term &quot;nanogram&quot;" language="en" id="_3"/><MediaLink ref="CDR0000731577" type="audio/mpeg" alt="Pronunciation of dictionary term &quot;nanogramo&quot;" language="es" id="_4"/><SpanishTermName>nanogramo</SpanishTermName><SpanishTermDefinition><DefinitionText>Medida de peso. Un nanogramo pesa un billón de veces menos que un gramo y casi tres trillones menos que una libra.</DefinitionText><Dictionary>Cancer.gov</Dictionary><Audience>Patient</Audience></SpanishTermDefinition><DateFirstPublished>2003-02-21</DateFirstPublished></GlossaryTerm>
