<?xml version="1.0" encoding="utf-8"?>
<!DOCTYPE GlossaryTerm >
<GlossaryTerm id="CDR0000269419"><TermName>HTLV-1</TermName><TermDefinition><DefinitionText>A type of virus that infects T cells (a type of white blood cell) and can cause leukemia and lymphoma. HTLV-1 is spread by sharing syringes or needles, through blood transfusions or sexual contact, and from mother to child during birth or breast-feeding. Also called human T-cell leukemia virus type 1 and human T-cell lymphotropic virus type 1.</DefinitionText><Dictionary>Cancer.gov</Dictionary><Audience>Patient</Audience></TermDefinition><SpanishTermName>VLHT-1</SpanishTermName><SpanishTermDefinition><DefinitionText>Tipo de virus que infecta las células T (un tipo de glóbulos blancos) y puede causar leucemia y linfoma. El VLHT-1 se contagia por compartir jeringas o agujas, por transfusiones de sangre o por contacto sexual, y de madre a hijo en el momento del nacimiento o durante la lactancia materna. También se llama virus de la leucemia humana de células T tipo 1 y virus linfotrópico humano de células T tipo 1.</DefinitionText><Dictionary>Cancer.gov</Dictionary><Audience>Patient</Audience></SpanishTermDefinition><DateFirstPublished>2002-12-21</DateFirstPublished><DateLastModified>2007-08-19</DateLastModified></GlossaryTerm>
