<?xml version="1.0" encoding="utf-8"?>
<!DOCTYPE GlossaryTerm >
<GlossaryTerm id="CDR0000285944"><TermName>ZD6474</TermName><TermDefinition><DefinitionText>A drug used to treat medullary thyroid cancer that has spread to other parts of the body  and cannot be treated by surgery. It is also being studied in the treatment of other types of cancer. ZD6474 prevents the growth of new blood vessels that tumors need to grow. It also blocks enzymes needed for cell growth and may kill cancer cells. It is a type of antiangiogenesis agent and a type of tyrosine kinase inhibitor. Also called Caprelsa and vandetanib.</DefinitionText><Dictionary>Cancer.gov</Dictionary><Audience>Patient</Audience></TermDefinition><SpanishTermName>ZD6474</SpanishTermName><SpanishTermDefinition><DefinitionText>Medicamento que se usa para tratar el cáncer medular de la tiroides que se diseminó hasta otras partes del cuerpo y no se puede tratar mediante cirugía.  También está en estudio para el tratamiento de otros tipos de cáncer.  ZD6474 evita la formación de vasos sanguíneos nuevos que los tumores necesitan para crecer. Además, bloquea las enzimas que las células necesitan para crecer y podría destruir células cancerosas.  Es un tipo de antiangiogénico y un tipo de inhibidor de la tirosina cinasa.   También se llama Caprelsa y vandetanib.</DefinitionText><Dictionary>Cancer.gov</Dictionary><Audience>Patient</Audience></SpanishTermDefinition><DateFirstPublished>2003-02-21</DateFirstPublished><DateLastModified>2011-04-29</DateLastModified><RelatedInformation><RelatedDrugSummaryRef href="CDR0000698680">Vandetanib</RelatedDrugSummaryRef></RelatedInformation></GlossaryTerm>
