<?xml version="1.0" encoding="utf-8"?>
<!DOCTYPE GlossaryTerm >
<GlossaryTerm id="CDR0000256569"><TermName>menorrhagia</TermName><TermPronunciation>(MEH-nuh-RAH-juh)</TermPronunciation><TermDefinition><DefinitionText>Abnormally heavy menstrual bleeding.</DefinitionText><Dictionary>Cancer.gov</Dictionary><Audience>Patient</Audience></TermDefinition><MediaLink ref="CDR0000731138" type="audio/mpeg" alt="Pronunciation of dictionary term &quot;menorrhagia&quot;" language="en" id="_3"/><MediaLink ref="CDR0000731139" type="audio/mpeg" alt="Pronunciation of dictionary term &quot;menorragia&quot;" language="es" id="_4"/><SpanishTermName>menorragia</SpanishTermName><SpanishTermDefinition><DefinitionText>Sangrado menstrual anormalmente abundante.</DefinitionText><Dictionary>Cancer.gov</Dictionary><Audience>Patient</Audience></SpanishTermDefinition><DateLastModified>2002-07-19</DateLastModified></GlossaryTerm>
