<?xml version="1.0" encoding="utf-8"?>
<!DOCTYPE GlossaryTerm >
<GlossaryTerm id="CDR0000256539"><TermName>microwave thermotherapy</TermName><TermPronunciation>(MY-kroh-WAYV THER-moh-THAYR-uh-pee)</TermPronunciation><TermDefinition><DefinitionText>A type of treatment in which body tissue is exposed to high temperatures to damage and kill cancer cells or to make cancer cells more sensitive to the effects of radiation and certain anticancer drugs. Also called microwave therapy.</DefinitionText><Dictionary>Cancer.gov</Dictionary><Audience>Patient</Audience></TermDefinition><MediaLink ref="CDR0000709815" type="audio/mpeg" alt="Pronunciation of dictionary term &quot;microwave thermotherapy&quot;" language="en" id="_3"/><MediaLink ref="CDR0000709816" type="audio/mpeg" alt="Pronunciation of dictionary term &quot;termoterapia con microonda&quot;" language="es" id="_4"/><SpanishTermName>termoterapia con microonda</SpanishTermName><SpanishTermDefinition><DefinitionText>Tipo de tratamiento en el que se expone el tejido del cuerpo a temperaturas altas para dañar o destruir células cancerosas o para que las células cancerosas se vuelvan más sensibles a los efectos de la radiación y a ciertos medicamentos contra el cáncer. También se llama terapia con microonda.</DefinitionText><Dictionary>Cancer.gov</Dictionary><Audience>Patient</Audience></SpanishTermDefinition><DateLastModified>2006-09-30</DateLastModified></GlossaryTerm>
