<?xml version="1.0" encoding="utf-8"?>
<!DOCTYPE GlossaryTerm >
<GlossaryTerm id="CDR0000285972"><TermName>intrapleural</TermName><TermPronunciation>(IN-truh-PLOOR-ul)</TermPronunciation><TermDefinition><DefinitionText>Within the pleural cavity.</DefinitionText><Dictionary>Cancer.gov</Dictionary><Audience>Patient</Audience></TermDefinition><MediaLink ref="CDR0000710124" type="audio/mpeg" alt="Pronunciation of dictionary term &quot;intrapleural&quot;" language="en" id="_3"/><MediaLink ref="CDR0000710123" type="audio/mpeg" alt="Pronunciation of dictionary term &quot;intrapleural&quot;" language="es" id="_4"/><SpanishTermName>intrapleural</SpanishTermName><SpanishTermDefinition><DefinitionText>Interior de la cavidad pleural.</DefinitionText><Dictionary>Cancer.gov</Dictionary><Audience>Patient</Audience></SpanishTermDefinition><DateFirstPublished>2003-02-21</DateFirstPublished></GlossaryTerm>
