<?xml version="1.0" encoding="utf-8"?>
<!DOCTYPE GlossaryTerm >
<GlossaryTerm id="CDR0000270856"><TermName>exocrine pancreas cell</TermName><TermPronunciation>(EK-soh-krin PAN-kree-us sel)</TermPronunciation><TermDefinition><DefinitionText>A pancreatic cell that produces enzymes that are secreted into the small intestine. These enzymes help digest food as it passes through the gastrointestinal tract.</DefinitionText><Dictionary>Cancer.gov</Dictionary><Audience>Patient</Audience></TermDefinition><MediaLink ref="CDR0000709790" type="audio/mpeg" alt="Pronunciation of dictionary term &quot;exocrine pancreas cell&quot;" language="en" id="_3"/><MediaLink ref="CDR0000709789" type="audio/mpeg" alt="Pronunciation of dictionary term &quot;célula exocrina del páncreas&quot;" language="es" id="_4"/><SpanishTermName>célula exocrina del páncreas</SpanishTermName><SpanishTermDefinition><DefinitionText>Célula pancreática que produce enzimas que se segregan al intestino delgado. Estas enzimas ayudan a digerir los alimentos a través del aparato digestivo.</DefinitionText><Dictionary>Cancer.gov</Dictionary><Audience>Patient</Audience></SpanishTermDefinition><DateFirstPublished>2003-01-26</DateFirstPublished></GlossaryTerm>
