<?xml version="1.0" encoding="utf-8"?>
<!DOCTYPE GlossaryTerm >
<GlossaryTerm id="CDR0000257519"><TermName>head and neck cancer</TermName><TermPronunciation>(... KAN-ser)</TermPronunciation><TermDefinition><DefinitionText>Cancer that arises in the head or neck region (in the nasal cavity, sinuses, lips, mouth, salivary glands, throat, or larynx [voice box]).</DefinitionText><Dictionary>Cancer.gov</Dictionary><Audience>Patient</Audience></TermDefinition><MediaLink ref="CDR0000710297" type="audio/mpeg" alt="Pronunciation of dictionary term &quot;head and neck cancer&quot;" language="en" id="_3"/><MediaLink ref="CDR0000710298" type="audio/mpeg" alt="Pronunciation of dictionary term &quot;cáncer de cabeza y cuello&quot;" language="es" id="_4"/><SpanishTermName>cáncer de cabeza y cuello</SpanishTermName><SpanishTermDefinition><DefinitionText>Cáncer que surge en la cabeza o en la región del cuello (en la cavidad nasal, los senos nasales, los labios, la boca, las glándulas salivales, la garganta o la laringe).</DefinitionText><Dictionary>Cancer.gov</Dictionary><Audience>Patient</Audience></SpanishTermDefinition><DateLastModified>2007-10-31</DateLastModified><RelatedInformation><RelatedExternalRef UseWith="en" xref="http://www.cancer.gov/types/head-and-neck">Head and Neck Cancer</RelatedExternalRef><RelatedExternalRef UseWith="es" xref="http://www.cancer.gov/espanol/tipos/cabeza-cuello">Cáncer de cabeza y cuello</RelatedExternalRef></RelatedInformation></GlossaryTerm>
