<?xml version="1.0" encoding="utf-8"?>
<!DOCTYPE GlossaryTerm >
<GlossaryTerm id="CDR0000270869"><TermName>mediastinal pleura</TermName><TermPronunciation>(MEE-dee-uh-STY-nul PLOOR-uh)</TermPronunciation><TermDefinition><DefinitionText>The thin membrane that lines the chest cavity in the area between the lungs.</DefinitionText><Dictionary>Cancer.gov</Dictionary><Audience>Patient</Audience></TermDefinition><MediaLink ref="CDR0000731113" type="audio/mpeg" alt="Pronunciation of dictionary term &quot;mediastinal pleura&quot;" language="en" id="_3"/><MediaLink ref="CDR0000731112" type="audio/mpeg" alt="Pronunciation of dictionary term &quot;pleura mediastínica&quot;" language="es" id="_4"/><SpanishTermName>pleura mediastínica</SpanishTermName><SpanishTermDefinition><DefinitionText>Membrana delgada que recubre la cavidad del pecho en el área ubicada entre los pulmones.</DefinitionText><Dictionary>Cancer.gov</Dictionary><Audience>Patient</Audience></SpanishTermDefinition><DateFirstPublished>2003-01-26</DateFirstPublished><DateLastModified>2003-08-05</DateLastModified></GlossaryTerm>
