<?xml version="1.0" encoding="utf-8"?>
<!DOCTYPE GlossaryTerm >
<GlossaryTerm id="CDR0000285637"><TermName>photopheresis</TermName><TermPronunciation>(FOH-toh-feh-REE-sis)</TermPronunciation><TermDefinition><DefinitionText>A procedure in which blood is removed from the body and treated with ultraviolet light and drugs that become active when exposed to light. The blood is then returned to the body. It is being studied in the treatment of some blood and bone marrow diseases and graft-vs-host disease (GVHD). Also called extracorporeal photopheresis.</DefinitionText><Dictionary>Cancer.gov</Dictionary><Audience>Patient</Audience></TermDefinition><MediaLink ref="CDR0000710279" type="audio/mpeg" alt="Pronunciation of dictionary term &quot;photopheresis&quot;" language="en" id="_3"/><MediaLink ref="CDR0000710280" type="audio/mpeg" alt="Pronunciation of dictionary term &quot;fotoféresis&quot;" language="es" id="_4"/><SpanishTermName>fotoféresis</SpanishTermName><SpanishTermDefinition><DefinitionText>Procedimiento mediante el cual se extrae sangre del cuerpo y se trata con luz ultravioleta y medicamentos que se activan con la exposición a la luz. Luego, la sangre se reinyecta en el cuerpo. Se encuentra en estudio para el tratamiento de algunas enfermedades de la sangre y la médula ósea, y de injerto contra huésped (GVHD, por sus siglas en inglés. También se llama fotoforesis extracorpórea.</DefinitionText><Dictionary>Cancer.gov</Dictionary><Audience>Patient</Audience></SpanishTermDefinition><DateFirstPublished>2003-02-21</DateFirstPublished><DateLastModified>2005-01-18</DateLastModified></GlossaryTerm>
