<?xml version="1.0" encoding="utf-8"?>
<!DOCTYPE GlossaryTerm >
<GlossaryTerm id="CDR0000285939"><TermName>mistletoe</TermName><TermPronunciation>(MIH-sul-toh)</TermPronunciation><TermDefinition><DefinitionText>A semiparasitic plant that grows on some types of trees. Mistletoe extracts are being studied as treatments for cancer.</DefinitionText><Dictionary>Cancer.gov</Dictionary><Audience>Patient</Audience></TermDefinition><MediaLink ref="CDR0000731550" type="audio/mpeg" alt="Pronunciation of dictionary term &quot;mistletoe&quot;" language="en" id="_3"/><MediaLink ref="CDR0000731551" type="audio/mpeg" alt="Pronunciation of dictionary term &quot;muérdago&quot;" language="es" id="_4"/><SpanishTermName>muérdago</SpanishTermName><SpanishTermDefinition><DefinitionText>Planta semiparasitaria que crece en algunos tipos de árboles. Los extractos de muérdago están en estudio para el tratamiento de cáncer.</DefinitionText><Dictionary>Cancer.gov</Dictionary><Audience>Patient</Audience></SpanishTermDefinition><DateFirstPublished>2003-02-21</DateFirstPublished><RelatedInformation><RelatedSummaryRef UseWith="en" href="CDR0000449678">Mistletoe Extracts</RelatedSummaryRef></RelatedInformation></GlossaryTerm>
