<?xml version="1.0" encoding="utf-8"?>
<!DOCTYPE GlossaryTerm >
<GlossaryTerm id="CDR0000270729"><TermName>mental health counselor</TermName><TermPronunciation>(MEN-tul helth KOWN-seh-ler)</TermPronunciation><TermDefinition><DefinitionText>A specialist who talks to patients and their families about emotional and personal matters, and can help them make decisions. Also called counselor.</DefinitionText><Dictionary>Cancer.gov</Dictionary><Audience>Patient</Audience></TermDefinition><MediaLink ref="CDR0000730977" type="audio/mpeg" alt="Pronunciation of dictionary term &quot;mental health counselor&quot;" language="en" id="_3"/><MediaLink ref="CDR0000730976" type="audio/mpeg" alt="Pronunciation of dictionary term &quot;consejero de salud mental&quot;" language="es" id="_4"/><SpanishTermName>consejero de salud mental</SpanishTermName><SpanishTermDefinition><DefinitionText>Especialista que habla con los pacientes y sus familias acerca de temas emocionales y personales, y los ayuda a tomar decisiones. También se llama consejero.</DefinitionText><Dictionary>Cancer.gov</Dictionary><Audience>Patient</Audience></SpanishTermDefinition><DateFirstPublished>2003-01-26</DateFirstPublished><DateLastModified>2011-08-25</DateLastModified></GlossaryTerm>
