<?xml version="1.0" encoding="utf-8"?>
<!DOCTYPE GlossaryTerm >
<GlossaryTerm id="CDR0000257517"><TermName>gastroesophageal reflux</TermName><TermPronunciation>(GAS-troh-ee-SAH-fuh-JEE-ul REE-flux)</TermPronunciation><TermDefinition><DefinitionText>The backward flow of stomach acid contents into the esophagus (the tube that connects the mouth to the stomach). Also called esophageal reflux and gastric reflux.</DefinitionText><Dictionary>Cancer.gov</Dictionary><Audience>Patient</Audience></TermDefinition><MediaLink ref="CDR0000710295" type="audio/mpeg" alt="Pronunciation of dictionary term &quot;gastroesophageal reflux&quot;" language="en" id="_3"/><MediaLink ref="CDR0000710296" type="audio/mpeg" alt="Pronunciation of dictionary term &quot;reflujo gastroesofágico&quot;" language="es" id="_4"/><SpanishTermName>reflujo gastroesofágico</SpanishTermName><SpanishTermDefinition><DefinitionText>Flujo hacia atrás de los contenidos ácidos del estómago al esófago (el tubo que conecta la boca con el estómago). También se llama reflujo esofágico y reflujo gástrico.</DefinitionText><Dictionary>Cancer.gov</Dictionary><Audience>Patient</Audience></SpanishTermDefinition><DateLastModified>2007-01-31</DateLastModified></GlossaryTerm>
