<?xml version="1.0" encoding="utf-8"?>
<!DOCTYPE GlossaryTerm >
<GlossaryTerm id="CDR0000277237"><TermName>syngeneic stem cell transplantation</TermName><TermPronunciation>(SIN-jeh-NAY-ik stem sel tranz-plan-TAY-shun)</TermPronunciation><TermDefinition><DefinitionText>A procedure in which a patient receives blood-forming stem cells (cells from which all blood cells develop) donated by his or her healthy identical twin.</DefinitionText><Dictionary>Cancer.gov</Dictionary><Audience>Patient</Audience></TermDefinition><MediaLink ref="CDR0000710106" type="audio/mpeg" alt="Pronunciation of dictionary term &quot;syngeneic stem cell transplantation&quot;" language="en" id="_3"/><SpanishTermName>isotrasplante de células madre</SpanishTermName><SpanishTermDefinition><DefinitionText>Procedimiento en el que el paciente recibe células madre formadoras de sangre (células de las que se originan todas las células sanguíneas) de su gemelo idéntico sano.</DefinitionText><Dictionary>Cancer.gov</Dictionary><Audience>Patient</Audience></SpanishTermDefinition><DateFirstPublished>2003-02-21</DateFirstPublished><DateLastModified>2008-05-06</DateLastModified></GlossaryTerm>
