<?xml version="1.0" encoding="utf-8"?>
<!DOCTYPE GlossaryTerm >
<GlossaryTerm id="CDR0000304688"><TermName>Klinefelter syndrome</TermName><TermPronunciation>(KLINE-fel-ter SIN-drome)</TermPronunciation><TermDefinition><DefinitionText>A genetic disorder in males caused by having one or more extra X chromosomes. Males with this disorder may have larger than normal breasts, a lack of facial and body hair, a rounded body type, and small testicles. They may learn to speak much later than other children and may have difficulty learning to read and write. Klinefelter syndrome increases the risk of developing extragonadal germ cell tumors and breast cancer.</DefinitionText><Dictionary>Cancer.gov</Dictionary><Audience>Patient</Audience></TermDefinition><MediaLink ref="CDR0000710090" type="audio/mpeg" alt="Pronunciation of dictionary term &quot;Klinefelter syndrome&quot;" language="en" id="_3"/><MediaLink ref="CDR0000710089" type="audio/mpeg" alt="Pronunciation of dictionary term &quot;síndrome de Klinefelter&quot;" language="es" id="_4"/><SpanishTermName>síndrome de Klinefelter</SpanishTermName><SpanishTermDefinition><DefinitionText>Trastorno genético en los varones producido por la presencia de uno o más cromosomas X extra. Los varones que padecen de este trastorno pueden tener mamas más grandes que las normales, falta de vello en la cara y el cuerpo, tipo corporal redondeado y testículos pequeños. Podrían aprender a hablar mucho después que otros niños y pueden tener problemas para leer y escribir. El síndrome de Klinefelter aumenta el riesgo de padecer de tumores de células germinales extragonadales y cáncer de seno (mama).</DefinitionText><Dictionary>Cancer.gov</Dictionary><Audience>Patient</Audience></SpanishTermDefinition><DateFirstPublished>2003-05-23</DateFirstPublished><DateLastModified>2007-09-21</DateLastModified></GlossaryTerm>
