<?xml version="1.0" encoding="utf-8"?>
<!DOCTYPE GlossaryTerm >
<GlossaryTerm id="CDR0000330176"><TermName>potentiation</TermName><TermPronunciation>(poh-TEN-shee-AY-shun)</TermPronunciation><TermDefinition><DefinitionText>In medicine, the effect of increasing the potency or effectiveness of a drug or other treatment.</DefinitionText><Dictionary>Cancer.gov</Dictionary><Audience>Patient</Audience></TermDefinition><MediaLink ref="CDR0000731024" type="audio/mpeg" alt="Pronunciation of dictionary term &quot;potentiation&quot;" language="en" id="_3"/><MediaLink ref="CDR0000731025" type="audio/mpeg" alt="Pronunciation of dictionary term &quot;potenciación&quot;" language="es" id="_4"/><SpanishTermName>potenciación</SpanishTermName><SpanishTermDefinition><DefinitionText>En medicina, es el resultado de aumentar la potencia o la eficacia de un medicamento u otro tratamiento.</DefinitionText><Dictionary>Cancer.gov</Dictionary><Audience>Patient</Audience></SpanishTermDefinition><DateFirstPublished>2003-08-24</DateFirstPublished></GlossaryTerm>
