<?xml version="1.0" encoding="utf-8"?>
<!DOCTYPE GlossaryTerm >
<GlossaryTerm id="CDR0000304750"><TermName>breast-sparing surgery</TermName><TermPronunciation>(brest-SPAYR-ing SER-juh-ree)</TermPronunciation><TermDefinition><DefinitionText>An operation to
          remove the cancer and some normal tissue around it, but not
          the breast itself. Some lymph nodes under the arm may be
          removed for biopsy. Part of the chest wall lining may also
          be removed if the cancer is near it.  Also called breast-conserving surgery, lumpectomy, partial mastectomy, quadrantectomy,  and segmental mastectomy.</DefinitionText><Dictionary>Cancer.gov</Dictionary><Audience>Patient</Audience></TermDefinition><MediaLink ref="CDR0000709820" type="audio/mpeg" alt="Pronunciation of dictionary term &quot;breast-sparing surgery&quot;" language="en" id="_3"/><MediaLink ref="CDR0000709819" type="audio/mpeg" alt="Pronunciation of dictionary term &quot;cirugía para preservar la mama&quot;" language="es" id="_4"/><MediaLink ref="CDR0000415521" type="image/jpeg" alt="Breast-conserving surgery; the drawing on the left shows removal of the tumor and some of the normal tissue around it. The drawing on the right shows removal of some of the lymph nodes under the arm and removal of the tumor and part of the chest wall lining near the tumor. Also shown, is fatty tissue." language="en" audience="Patients" thumb="Yes" id="_4"><Caption language="en">Breast-conserving surgery. The tumor and some normal tissue around it are removed, but not the breast itself. Some lymph nodes under the arm may be removed. Part of the chest wall lining may also be removed if the cancer is near it. </Caption></MediaLink><MediaLink ref="CDR0000722115" type="image/jpeg" alt="Cirugía para conservar la mama; el dibujo de la izquierda muestra la extirpación del tumor y algo del tejido normal a su alrededor. El dibujo de la derecha muestra la extirpación de algunos de los ganglios linfáticos debajo del brazo y la extracción del tumor y parte del revestimiento de la pared torácica cerca del tumor. También se muestra el tejido graso." language="es" audience="Patients" thumb="Yes" id="_5"><Caption language="es">Cirugía para conservar la mama. Se extirpan el tumor y parte del tejido normal que lo rodea, pero no se extirpa la mama misma. Se puede extirpar algunos ganglios linfático debajo del brazo. También se puede extirpar parte del revestimiento de la pared torácica si el cáncer esá cerca de este.</Caption></MediaLink><SpanishTermName>cirugía para preservar la mama</SpanishTermName><SpanishTermDefinition><DefinitionText>Operación quirúrgica para
extirpar el cáncer
y un poco del tejido que lo rodea, pero no la mama en sí. También  se pueden extraer algunos ganglios linfáticos debajo del brazo para hacerles una biopsia. Además, se podría extraer parte  de la pared del pecho si el cáncer está cerca de esta. También se llama cirugía para conservar la mama, cuadrantectomía, lumpectomía, lumpectomía, lumpectomía, mastectomía parcial, mastectomía segmentaria, tilectomía, tilectomía, tilectomía, tumorectomía, tumorectomía,  y tumorectomía.</DefinitionText><Dictionary>Cancer.gov</Dictionary><Audience>Patient</Audience></SpanishTermDefinition><DateFirstPublished>2003-05-23</DateFirstPublished><DateLastModified>2015-07-22</DateLastModified></GlossaryTerm>
