<?xml version="1.0" encoding="utf-8"?>
<!DOCTYPE GlossaryTerm >
<GlossaryTerm id="CDR0000302456"><TermName>family history</TermName><TermPronunciation>(FA-mih-lee HIH-stuh-ree)</TermPronunciation><TermDefinition><DefinitionText>A record of the relationships among family members along with their medical histories.  This includes current and past illnesses. A family history may show a pattern of certain diseases in a family. Also called family medical history.</DefinitionText><Dictionary>Cancer.gov</Dictionary><Audience>Patient</Audience></TermDefinition><TermDefinition><DefinitionText>The genetic relationships within a family combined with the medical history of individual family members. When represented in diagram form using standardized symbols and terminology, it is usually referred to as a pedigree or family tree. Also called family medical history.</DefinitionText><Dictionary>Genetics</Dictionary><Audience>Health professional</Audience></TermDefinition><MediaLink ref="CDR0000710088" type="audio/mpeg" alt="Pronunciation of dictionary term &quot;family history&quot;" language="en" id="_3"/><MediaLink ref="CDR0000710087" type="audio/mpeg" alt="Pronunciation of dictionary term &quot;antecedentes familiares&quot;" language="es" id="_4"/><SpanishTermName>antecedentes familiares</SpanishTermName><SpanishTermDefinition><DefinitionText>Registro de las relaciones entre los miembros de una familia junto con sus antecedentes médicos. Los antecedentes familiares pueden mostrar las características de ciertas enfermedades en una familia. También se llama antecedentes médicos familiares.</DefinitionText><Dictionary>Cancer.gov</Dictionary><Audience>Patient</Audience></SpanishTermDefinition><DateFirstPublished>2003-04-23</DateFirstPublished><DateLastModified>2009-05-19</DateLastModified><RelatedInformation><RelatedExternalRef UseWith="en" xref="http://www.genome.gov/Glossary/index.cfm?id=62">Family History</RelatedExternalRef><RelatedExternalRef UseWith="es" xref="http://www.genome.gov/GlossaryS/index.cfm?id=62">Historial familiar</RelatedExternalRef></RelatedInformation></GlossaryTerm>
