<?xml version="1.0" encoding="utf-8"?>
<!DOCTYPE GlossaryTerm >
<GlossaryTerm id="CDR0000321378"><TermName>levocarnitine</TermName><TermPronunciation>(LEE-voh-KAR-nih-teen)</TermPronunciation><TermDefinition><DefinitionText>A form of
          carnitine, which is a substance made in muscle and liver
          tissue and found in certain foods, such as meat, poultry,
          fish, and some dairy products.
          Levocarnitine is also a drug that is
          used to treat patients who do not make enough carnitine and
          is being studied as a way to prevent tissue damage caused
          by chemotherapy. Carnitine is a type of dietary
          supplement. Also called Carnitor and L-carnitine.</DefinitionText><Dictionary>Cancer.gov</Dictionary><Audience>Patient</Audience></TermDefinition><MediaLink ref="CDR0000711534" type="audio/mpeg" alt="Pronunciation of dictionary term &quot;levocarnitine&quot;" language="en" id="_3"/><MediaLink ref="CDR0000711533" type="audio/mpeg" alt="Pronunciation of dictionary term &quot;levocarnitina&quot;" language="es" id="_4"/><SpanishTermName>levocarnitina</SpanishTermName><SpanishTermDefinition><DefinitionText>Forma de carnitina, que es una
sustancia elaborada por los tejidos de los músculos y el
hígado y que se encuentra en
algunos alimentos como la carne vacuna, las de aves de
corral y los pescados, así como en algunos productos
lácteos. La levocarnitina es también un
medicamento que se usa para tratar a los pacientes que no
elaboran suficiente carnitina; asimismo, está en estudio
como una manera de prevenir el daño que la quimioterapia
causa a los tejidos. La carnitina es un tipo de suplemento
alimentario. También se llama Carnitor y L-carnitina.</DefinitionText><Dictionary>Cancer.gov</Dictionary><Audience>Patient</Audience></SpanishTermDefinition><DateFirstPublished>2003-07-26</DateFirstPublished><DateLastModified>2009-07-21</DateLastModified></GlossaryTerm>
