<?xml version="1.0" encoding="utf-8"?>
<!DOCTYPE GlossaryTerm >
<GlossaryTerm id="CDR0000306507"><TermName>magnetic resonance perfusion imaging</TermName><TermPronunciation>(mag-NEH-tik REH-zuh-nunts per-FYOO-zhun IH-muh-jing)</TermPronunciation><TermDefinition><DefinitionText>A special type of magnetic resonance imaging (MRI) that uses an injected dye in order to see blood flow through tissues. Also called perfusion magnetic resonance imaging.</DefinitionText><Dictionary>Cancer.gov</Dictionary><Audience>Patient</Audience></TermDefinition><MediaLink ref="CDR0000711494" type="audio/mpeg" alt="Pronunciation of dictionary term &quot;magnetic resonance perfusion imaging&quot;" language="en" id="_2"/><SpanishTermName>magnetic resonance perfusion imaging (en inglés)</SpanishTermName><SpanishTermDefinition><DefinitionText>Tipo especial de imaginología por resonancia magnética (IRM) que usa un tinte inyectado para observar el flujo sanguíneo por los tejidos. También se llama imaginología por resonancia magnética con perfusión.</DefinitionText><Dictionary>Cancer.gov</Dictionary><Audience>Patient</Audience></SpanishTermDefinition><DateFirstPublished>2003-05-23</DateFirstPublished><DateLastModified>2008-04-17</DateLastModified></GlossaryTerm>
