<?xml version="1.0" encoding="utf-8"?>
<!DOCTYPE GlossaryTerm >
<GlossaryTerm id="CDR0000306524"><TermName>proteomics</TermName><TermPronunciation>(proh-tee-OH-mix)</TermPronunciation><TermDefinition><DefinitionText>The study of the structure and function of proteins, including the way they work and interact with each other inside cells.</DefinitionText><Dictionary>Cancer.gov</Dictionary><Audience>Patient</Audience></TermDefinition><MediaLink ref="CDR0000711167" type="audio/mpeg" alt="Pronunciation of dictionary term &quot;proteomics&quot;" language="en" id="_3"/><MediaLink ref="CDR0000711168" type="audio/mpeg" alt="Pronunciation of dictionary term &quot;proteinómica&quot;" language="es" id="_4"/><SpanishTermName>proteinómica</SpanishTermName><SpanishTermDefinition><DefinitionText>Estudio de la estructura y la función de las proteínas, incluso de la manera en que trabajan e interactúan en el interior de las células.</DefinitionText><Dictionary>Cancer.gov</Dictionary><Audience>Patient</Audience></SpanishTermDefinition><DateFirstPublished>2003-05-23</DateFirstPublished><RelatedInformation><RelatedExternalRef UseWith="en" xref="http://proteomics.cancer.gov/whatisproteomics">What is Cancer Proteomics?</RelatedExternalRef></RelatedInformation></GlossaryTerm>
