<?xml version="1.0" encoding="utf-8"?>
<!DOCTYPE GlossaryTerm >
<GlossaryTerm id="CDR0000322885"><TermName>transperineal biopsy</TermName><TermPronunciation>(TRANZ-PAYR-ih-NEE-ul BY-op-see)</TermPronunciation><TermDefinition><DefinitionText>A procedure in which a sample of tissue is removed from the prostate for examination under a microscope. The sample is removed with a thin needle that is inserted through the skin between the scrotum and rectum and into the prostate.</DefinitionText><Dictionary>Cancer.gov</Dictionary><Audience>Patient</Audience></TermDefinition><MediaLink ref="CDR0000711485" type="audio/mpeg" alt="Pronunciation of dictionary term &quot;transperineal biopsy&quot;" language="en" id="_3"/><MediaLink ref="CDR0000711484" type="audio/mpeg" alt="Pronunciation of dictionary term &quot;biopsia transperineal&quot;" language="es" id="_4"/><SpanishTermName>biopsia transperineal</SpanishTermName><SpanishTermDefinition><DefinitionText>Procedimiento en el que se extirpa una muestra de tejido de la próstata para examinarla bajo un microscopio. La muestra se extrae con una aguja fina que se inserta en la próstata a través de la piel entre el escroto y el recto.</DefinitionText><Dictionary>Cancer.gov</Dictionary><Audience>Patient</Audience></SpanishTermDefinition><DateFirstPublished>2003-07-26</DateFirstPublished><DateLastModified>2006-05-04</DateLastModified></GlossaryTerm>
