<?xml version="1.0" encoding="utf-8"?>
<!DOCTYPE GlossaryTerm >
<GlossaryTerm id="CDR0000304736"><TermName>obese</TermName><TermPronunciation>(oh-BEES)</TermPronunciation><TermDefinition><DefinitionText>Having an abnormally high, unhealthy amount of body fat.</DefinitionText><Dictionary>Cancer.gov</Dictionary><Audience>Patient</Audience></TermDefinition><MediaLink ref="CDR0000731700" type="audio/mpeg" alt="Pronunciation of dictionary term &quot;obese&quot;" language="en" id="_3"/><MediaLink ref="CDR0000731701" type="audio/mpeg" alt="Pronunciation of dictionary term &quot;obeso&quot;" language="es" id="_4"/><SpanishTermName>obeso</SpanishTermName><SpanishTermDefinition><DefinitionText>Individuo con una cantidad elevada de grasa fuera de lo normal y no saludable.</DefinitionText><Dictionary>Cancer.gov</Dictionary><Audience>Patient</Audience></SpanishTermDefinition><DateFirstPublished>2003-05-23</DateFirstPublished><DateLastModified>2004-12-21</DateLastModified><RelatedInformation><RelatedExternalRef UseWith="en" xref="http://www.cancer.gov/about-cancer/causes-prevention/risk/obesity">Obesity</RelatedExternalRef><RelatedExternalRef UseWith="es" xref="http://www.cancer.gov/espanol/cancer/causas-prevencion/riesgo/obesidad">Obesidad</RelatedExternalRef></RelatedInformation></GlossaryTerm>
