<?xml version="1.0" encoding="utf-8"?>
<!DOCTYPE GlossaryTerm >
<GlossaryTerm id="CDR0000322231"><TermName>pixantrone</TermName><TermPronunciation>(PIK-san-trone)</TermPronunciation><TermDefinition><DefinitionText>A substance that is being studied in the treatment of cancer. It belongs to the family of drugs called antitumor antibiotics. Also called BBR 2778.</DefinitionText><Dictionary>Cancer.gov</Dictionary><Audience>Patient</Audience></TermDefinition><MediaLink ref="CDR0000711309" type="audio/mpeg" alt="Pronunciation of dictionary term &quot;pixantrone&quot;" language="en" id="_3"/><MediaLink ref="CDR0000711308" type="audio/mpeg" alt="Pronunciation of dictionary term &quot;pixantrone&quot;" language="es" id="_4"/><SpanishTermName>pixantrone</SpanishTermName><SpanishTermDefinition><DefinitionText>Sustancia en estudio para el tratamiento de cáncer. Es un tipo de antibiótico antitumoral. También se llama BBR 2778.</DefinitionText><Dictionary>Cancer.gov</Dictionary><Audience>Patient</Audience></SpanishTermDefinition><DateFirstPublished>2003-07-26</DateFirstPublished></GlossaryTerm>
