<?xml version="1.0" encoding="utf-8"?>
<!DOCTYPE GlossaryTerm >
<GlossaryTerm id="CDR0000322862"><TermName>rhinoscopy</TermName><TermPronunciation>(ry-NOS-koh-pee)</TermPronunciation><TermDefinition><DefinitionText>Examination of the inside of the nose using a rhinoscope. A rhinoscope is a thin, tube-like instrument with a light and a lens for viewing. It may also have a tool to remove tissue to be checked under a microscope for signs of disease. Also called nasoscopy.</DefinitionText><Dictionary>Cancer.gov</Dictionary><Audience>Patient</Audience></TermDefinition><MediaLink ref="CDR0000711442" type="audio/mpeg" alt="Pronunciation of dictionary term &quot;rhinoscopy&quot;" language="en" id="_3"/><MediaLink ref="CDR0000711443" type="audio/mpeg" alt="Pronunciation of dictionary term &quot;rinoscopia&quot;" language="es" id="_4"/><SpanishTermName>rinoscopia</SpanishTermName><SpanishTermDefinition><DefinitionText>Examen del interior de la nariz con un rinoscopio. Un rinoscopio es un instrumento con forma de tubo delgado con una luz y una lente para ver. Asimismo, puede tener una herramienta para extraer tejido y observarlo bajo un microscopio para determinar si hay signos de enfermedad. También se llama nasoscopia.</DefinitionText><Dictionary>Cancer.gov</Dictionary><Audience>Patient</Audience></SpanishTermDefinition><DateFirstPublished>2003-07-26</DateFirstPublished><DateLastModified>2007-06-29</DateLastModified></GlossaryTerm>
