<?xml version="1.0" encoding="utf-8"?>
<!DOCTYPE GlossaryTerm >
<GlossaryTerm id="CDR0000330184"><TermName>synergistic</TermName><TermPronunciation>(SIH-ner-JIS-tik)</TermPronunciation><TermDefinition><DefinitionText>In medicine, describes the interaction of two or more drugs when their combined effect is greater than the sum of the effects seen when each drug is given alone.</DefinitionText><Dictionary>Cancer.gov</Dictionary><Audience>Patient</Audience></TermDefinition><MediaLink ref="CDR0000711659" type="audio/mpeg" alt="Pronunciation of dictionary term &quot;synergistic&quot;" language="en" id="_3"/><MediaLink ref="CDR0000711658" type="audio/mpeg" alt="Pronunciation of dictionary term &quot;sinérgico&quot;" language="es" id="_4"/><SpanishTermName>sinérgico</SpanishTermName><SpanishTermDefinition><DefinitionText>En medicina, describe la interacción de dos o más medicamentos cuando sus efectos combinados son mayores que la suma de los efectos que se observan cuando se administra cada medicamento por separado.</DefinitionText><Dictionary>Cancer.gov</Dictionary><Audience>Patient</Audience></SpanishTermDefinition><DateFirstPublished>2003-08-24</DateFirstPublished><DateLastModified>2005-05-19</DateLastModified></GlossaryTerm>
