<?xml version="1.0" encoding="utf-8"?>
<!DOCTYPE GlossaryTerm >
<GlossaryTerm id="CDR0000318824"><TermName>protein kinase C</TermName><TermPronunciation>(PROH-teen KY-nays ...)</TermPronunciation><TermDefinition><DefinitionText>An enzyme found throughout the body's tissues and organs. Several forms of protein kinase C are involved in many cellular functions. Protein kinase C is being studied in the treatment of cancer. Also called PKC.</DefinitionText><Dictionary>Cancer.gov</Dictionary><Audience>Patient</Audience></TermDefinition><MediaLink ref="CDR0000711545" type="audio/mpeg" alt="Pronunciation of dictionary term &quot;protein kinase C&quot;" language="en" id="_3"/><MediaLink ref="CDR0000711546" type="audio/mpeg" alt="Pronunciation of dictionary term &quot;proteína cinasa C&quot;" language="es" id="_4"/><SpanishTermName>proteína cinasa C</SpanishTermName><SpanishTermDefinition><DefinitionText>Enzima que se encuentra en todos los tejidos y órganos del cuerpo. Varias formas de proteína cinasa C participan en muchas funciones celulares. La proteína cinasa C está en estudio para el tratamiento de cáncer. También se llama PCC.</DefinitionText><Dictionary>Cancer.gov</Dictionary><Audience>Patient</Audience></SpanishTermDefinition><DateFirstPublished>2003-07-26</DateFirstPublished><DateLastModified>2013-06-25</DateLastModified></GlossaryTerm>
