<?xml version="1.0" encoding="utf-8"?>
<!DOCTYPE GlossaryTerm >
<GlossaryTerm id="CDR0000302474"><TermName>syringe</TermName><TermPronunciation>(suh-RINJ)</TermPronunciation><TermDefinition><DefinitionText>A small hollow tube used for injecting or withdrawing liquids. It may be attached to a needle in order to withdraw fluid from the body or inject drugs into the body.</DefinitionText><Dictionary>Cancer.gov</Dictionary><Audience>Patient</Audience></TermDefinition><MediaLink ref="CDR0000731638" type="audio/mpeg" alt="Pronunciation of dictionary term &quot;syringe&quot;" language="en" id="_3"/><MediaLink ref="CDR0000731639" type="audio/mpeg" alt="Pronunciation of dictionary term &quot;jeringa&quot;" language="es" id="_4"/><SpanishTermName>jeringa</SpanishTermName><SpanishTermDefinition><DefinitionText>Tubo pequeño y hueco para inyectar o extraer líquidos. Puede tener conectada una aguja para extraer líquido del cuerpo o inyectar medicamentos en el cuerpo.</DefinitionText><Dictionary>Cancer.gov</Dictionary><Audience>Patient</Audience></SpanishTermDefinition><DateFirstPublished>2003-04-23</DateFirstPublished></GlossaryTerm>
