<?xml version="1.0" encoding="utf-8"?>
<!DOCTYPE GlossaryTerm >
<GlossaryTerm id="CDR0000322856"><TermName>endometrial biopsy</TermName><TermPronunciation>(EN-doh-MEE-tree-ul BY-op-see)</TermPronunciation><TermDefinition><DefinitionText>A procedure in which a sample of tissue is taken from the endometrium (inner lining of the uterus) for examination under a microscope. A thin tube is inserted through the cervix into the uterus, and gentle scraping and suction are used to remove the sample.</DefinitionText><Dictionary>Cancer.gov</Dictionary><Audience>Patient</Audience></TermDefinition><MediaLink ref="CDR0000711434" type="audio/mpeg" alt="Pronunciation of dictionary term &quot;endometrial biopsy&quot;" language="en" id="_3"/><MediaLink ref="CDR0000711435" type="audio/mpeg" alt="Pronunciation of dictionary term &quot;biopsia del endometrio&quot;" language="es" id="_4"/><SpanishTermName>biopsia del endometrio</SpanishTermName><SpanishTermDefinition><DefinitionText>Procedimiento en el que se toma una muestra de tejido del endometrio (revestimiento interno del útero) para examinarla bajo un microscopio. Se inserta un tubo delgado a través del cuello del útero hasta el útero y se usa un raspado suave y succión para extraer la muestra.</DefinitionText><Dictionary>Cancer.gov</Dictionary><Audience>Patient</Audience></SpanishTermDefinition><DateFirstPublished>2003-07-26</DateFirstPublished></GlossaryTerm>
