<?xml version="1.0" encoding="utf-8"?>
<!DOCTYPE GlossaryTerm >
<GlossaryTerm id="CDR0000302469"><TermName>tropisetron</TermName><TermPronunciation>(troh-PIH-seh-tron)</TermPronunciation><TermDefinition><DefinitionText>A drug used to prevent nausea and vomiting caused by cancer treatment. It is also used to prevent nausea and vomiting after surgery. Tropisetron blocks the action of the chemical serotonin, which binds to certain nerves and may trigger nausea and vomiting. Blocking serotonin may help lessen nausea and vomiting. It is a type of serotonin receptor antagonist and a type of antiemetic. It is not available in the United States.</DefinitionText><Dictionary>Cancer.gov</Dictionary><Audience>Patient</Audience></TermDefinition><MediaLink ref="CDR0000710223" type="audio/mpeg" alt="Pronunciation of dictionary term &quot;tropisetron&quot;" language="en" id="_3"/><MediaLink ref="CDR0000710224" type="audio/mpeg" alt="Pronunciation of dictionary term &quot;tropisetrón&quot;" language="es" id="_4"/><SpanishTermName>tropisetrón</SpanishTermName><SpanishTermDefinition><DefinitionText>Medicamento que se usa para prevenir las náuseas y los vómitos producidos por el tratamiento de cáncer. También se usa para prevenir las náuseas y los vómitos después de una cirugía. El tropisetrón impide la acción de la sustancia química serotonina, la cual se adhiere a ciertos nervios y puede producir náuseas y vómitos. Impedir la acción de la serotonina puede ayudar a disminuir las náuseas y los vómitos. Es un tipo de antagonista del receptor de serotonina y un tipo de antiemético. Este medicamento no está disponible en los Estados Unidos.</DefinitionText><Dictionary>Cancer.gov</Dictionary><Audience>Patient</Audience></SpanishTermDefinition><DateFirstPublished>2003-04-23</DateFirstPublished><DateLastModified>2013-06-20</DateLastModified></GlossaryTerm>
