<?xml version="1.0" encoding="utf-8"?>
<!DOCTYPE GlossaryTerm >
<GlossaryTerm id="CDR0000304716"><TermName>diagnostic mammogram</TermName><TermPronunciation>(DY-ug-NAH-stik MA-muh-gram)</TermPronunciation><TermDefinition><DefinitionText>X-ray of the breasts used to check for breast cancer after a lump or other sign or symptom of breast cancer has been found.</DefinitionText><Dictionary>Cancer.gov</Dictionary><Audience>Patient</Audience></TermDefinition><MediaLink ref="CDR0000731709" type="audio/mpeg" alt="Pronunciation of dictionary term &quot;diagnostic mammogram&quot;" language="en" id="_3"/><MediaLink ref="CDR0000731708" type="audio/mpeg" alt="Pronunciation of dictionary term &quot;mamografía de diagnóstico&quot;" language="es" id="_4"/><SpanishTermName>mamografía de diagnóstico</SpanishTermName><SpanishTermDefinition><DefinitionText>Radiografía de las mamas que se utiliza para verificar la presencia de cáncer de mama después de que se encuentra un nódulo u otro signo o síntoma de cáncer.</DefinitionText><Dictionary>Cancer.gov</Dictionary><Audience>Patient</Audience></SpanishTermDefinition><DateFirstPublished>2003-05-23</DateFirstPublished></GlossaryTerm>
