<?xml version="1.0" encoding="utf-8"?>
<!DOCTYPE GlossaryTerm >
<GlossaryTerm id="CDR0000330159"><TermName>aloe-emodin</TermName><TermPronunciation>(A-loh-EH-muh-din)</TermPronunciation><TermDefinition><DefinitionText>A substance found in certain plants, including aloe vera. It belongs to a family of compounds called anthraquinones, which have shown anti-inflammatory and anticancer effects.</DefinitionText><Dictionary>Cancer.gov</Dictionary><Audience>Patient</Audience></TermDefinition><MediaLink ref="CDR0000711630" type="audio/mpeg" alt="Pronunciation of dictionary term &quot;aloe-emodin&quot;" language="en" id="_3"/><MediaLink ref="CDR0000711631" type="audio/mpeg" alt="Pronunciation of dictionary term &quot;áloe-emodina&quot;" language="es" id="_4"/><SpanishTermName>áloe-emodina</SpanishTermName><SpanishTermDefinition><DefinitionText>Sustancia que se encuentra en ciertas plantas, inclusive el áloe vera. Es un tipo de compuesto llamado antraquinona, que ha mostrado efectos antiinflamatorios y anticancerígenos.</DefinitionText><Dictionary>Cancer.gov</Dictionary><Audience>Patient</Audience></SpanishTermDefinition><DateFirstPublished>2003-08-24</DateFirstPublished></GlossaryTerm>
