<?xml version="1.0" encoding="utf-8"?>
<!DOCTYPE GlossaryTerm >
<GlossaryTerm id="CDR0000330108"><TermName>stage I childhood non-Hodgkin lymphoma</TermName><TermPronunciation>(... non-HOJ-kin lim-FOH-muh)</TermPronunciation><TermDefinition><DefinitionText>Cancer is found (1) in one group of lymph nodes; or (2) in one area outside the lymph nodes. No cancer is found in the abdomen or mediastinum (area between the lungs).</DefinitionText><Dictionary>Cancer.gov</Dictionary><Audience>Patient</Audience></TermDefinition><MediaLink ref="CDR0000703917" type="audio/mpeg" alt="Pronunciation of dictionary term &quot;stage I childhood non-Hodgkin lymphoma&quot;" language="en" id="_3"/><MediaLink ref="CDR0000703918" type="audio/mpeg" alt="Pronunciation of dictionary term &quot;linfoma no Hodgkin infantil en estadio I&quot;" language="es" id="_4"/><MediaLink ref="CDR0000614610" type="image/jpeg" alt="Stage I childhood non-Hodgkin lymphoma; drawing shows cancer in one group of lymph nodes. An inset shows a lymph node with a lymph vessel, an artery, and a vein. Lymphoma cells containing cancer are shown in the lymph node." language="en" audience="Patients" thumb="Yes" id="_3"><Caption language="en">Stage I childhood non-Hodgkin lymphoma. Cancer is found in one group of lymph nodes or one area outside the lymph nodes, but no cancer is found in the abdomen or mediastinum (area between the lungs).</Caption></MediaLink><MediaLink ref="CDR0000650474" type="image/jpeg" alt="Linfoma no Hodgkin infantil en estadio I; la imagen muestra el cáncer en un grupo de ganglios linfáticos. En el recuadro se observa un ganglio linfático con un vaso linfático, una arteria y una vena. En el ganglio linfático se observan las células de linfoma (cancerosas)." language="es" audience="Patients" thumb="Yes" id="_4"><Caption language="es">Linfoma no Hodgkin infantil en estadio I. El cáncer se encuentra en un grupo de ganglios linfáticos o en un área fuera de los ganglios linfáticos, pero no  en el abdomen o el mediastino (área entre los pulmones).</Caption></MediaLink><SpanishTermName>linfoma no Hodgkin infantil en estadio I</SpanishTermName><SpanishTermDefinition><DefinitionText>El cáncer se encuentra: 1) en un grupo de ganglios linfáticos o 2) en un área fuera de los ganglios linfáticos. No se encuentra cáncer en el abdomen ni en el mediastino (área entre los pulmones). 
</DefinitionText><Dictionary>Cancer.gov</Dictionary><Audience>Patient</Audience></SpanishTermDefinition><DateFirstPublished>2003-08-24</DateFirstPublished><DateLastModified>2009-08-06</DateLastModified></GlossaryTerm>
