<?xml version="1.0" encoding="utf-8"?>
<!DOCTYPE GlossaryTerm >
<GlossaryTerm id="CDR0000304744"><TermName>screening mammogram</TermName><TermPronunciation>(SKREE-ning MA-muh-gram)</TermPronunciation><TermDefinition><DefinitionText>X-rays of the breasts taken to check for breast cancer in the absence of signs or symptoms.</DefinitionText><Dictionary>Cancer.gov</Dictionary><Audience>Patient</Audience></TermDefinition><MediaLink ref="CDR0000731731" type="audio/mpeg" alt="Pronunciation of dictionary term &quot;screening mammogram&quot;" language="en" id="_3"/><MediaLink ref="CDR0000731730" type="audio/mpeg" alt="Pronunciation of dictionary term &quot;mamografía de detección&quot;" language="es" id="_4"/><SpanishTermName>mamografía de detección</SpanishTermName><SpanishTermDefinition><DefinitionText>Radiografía de las mamas que se toman para verificar la presencia de cáncer de mama en ausencia de signos o síntomas.</DefinitionText><Dictionary>Cancer.gov</Dictionary><Audience>Patient</Audience></SpanishTermDefinition><DateFirstPublished>2003-05-23</DateFirstPublished><RelatedInformation><RelatedExternalRef UseWith="en" xref="http://www.cancer.gov/types/breast">Breast Cancer</RelatedExternalRef><RelatedExternalRef UseWith="es" xref="http://www.cancer.gov/espanol/tipos/seno">Cáncer de seno (mama)</RelatedExternalRef></RelatedInformation></GlossaryTerm>
