<?xml version="1.0" encoding="utf-8"?>
<!DOCTYPE GlossaryTerm >
<GlossaryTerm id="CDR0000327738"><TermName>Adderall</TermName><TermPronunciation>(A-deh-rawl)</TermPronunciation><TermDefinition><DefinitionText>A combination of drugs used as a treatment for attention deficit hyperactivity disorder (ADHD) and narcolepsy (a sleep disorder). It is a type of stimulant. Also called dextroamphetamine-amphetamine.</DefinitionText><Dictionary>Cancer.gov</Dictionary><Audience>Patient</Audience></TermDefinition><MediaLink ref="CDR0000730771" type="audio/mpeg" alt="Pronunciation of dictionary term &quot;Adderall&quot;" language="en" id="_3"/><MediaLink ref="CDR0000730770" type="audio/mpeg" alt="Pronunciation of dictionary term &quot;Adderall&quot;" language="es" id="_4"/><SpanishTermName>Adderall</SpanishTermName><SpanishTermDefinition><DefinitionText>Combinación de medicamentos que se usan  para tratar el trastorno por déficit de atención con hiperactividad (TDAH) y la narcolepsia (un trastorno del sueño). Es un tipo de estimulante. También se llama dextroanfetamina-anfetamina.</DefinitionText><Dictionary>Cancer.gov</Dictionary><Audience>Patient</Audience></SpanishTermDefinition><DateFirstPublished>2003-08-24</DateFirstPublished><DateLastModified>2007-07-17</DateLastModified></GlossaryTerm>
