<?xml version="1.0" encoding="utf-8"?>
<!DOCTYPE GlossaryTerm >
<GlossaryTerm id="CDR0000321382"><TermName>oligoastrocytoma</TermName><TermPronunciation>(AH-lih-goh-AS-troh-sy-TOH-muh)</TermPronunciation><TermDefinition><DefinitionText>A brain tumor that forms from both oligodendrocytes and astrocytes, which are types of glial cells (cells that cover and protect nerve cells in the brain and spinal cord and help them work the way they should). An oligoastrocytoma is a type of mixed glioma.</DefinitionText><Dictionary>Cancer.gov</Dictionary><Audience>Patient</Audience></TermDefinition><MediaLink ref="CDR0000711541" type="audio/mpeg" alt="Pronunciation of dictionary term &quot;oligoastrocytoma&quot;" language="en" id="_3"/><MediaLink ref="CDR0000711542" type="audio/mpeg" alt="Pronunciation of dictionary term &quot;oligoastrocitoma&quot;" language="es" id="_4"/><SpanishTermName>oligoastrocitoma</SpanishTermName><SpanishTermDefinition><DefinitionText>Tumor de cerebro que se forma con oligodendrocitos y astrocitos, que son tipos de células gliales (células que cubren y protegen las células nerviosas en el cerebro y la médula espinal, y las ayudan a funcionar como deben). Un oligoastrocitoma es un tipo de glioma mixto.</DefinitionText><Dictionary>Cancer.gov</Dictionary><Audience>Patient</Audience></SpanishTermDefinition><DateFirstPublished>2003-07-26</DateFirstPublished><DateLastModified>2008-01-30</DateLastModified></GlossaryTerm>
