<?xml version="1.0" encoding="utf-8"?>
<!DOCTYPE GlossaryTerm >
<GlossaryTerm id="CDR0000330183"><TermName>subjective improvement</TermName><TermPronunciation>(sub-JEK-tiv im-PROOV-ment)</TermPronunciation><TermDefinition><DefinitionText>An improvement that is reported by the patient, but cannot be measured by the healthcare provider (for example, "I feel better").</DefinitionText><Dictionary>Cancer.gov</Dictionary><Audience>Patient</Audience></TermDefinition><MediaLink ref="CDR0000731036" type="audio/mpeg" alt="Pronunciation of dictionary term &quot;subjective improvement&quot;" language="en" id="_3"/><MediaLink ref="CDR0000731037" type="audio/mpeg" alt="Pronunciation of dictionary term &quot;mejoría subjetiva&quot;" language="es" id="_4"/><SpanishTermName>mejoría subjetiva</SpanishTermName><SpanishTermDefinition><DefinitionText>Mejoría expresada por el paciente, pero que el profesional de la salud no puede medir (por ejemplo, "Me siento mejor").</DefinitionText><Dictionary>Cancer.gov</Dictionary><Audience>Patient</Audience></SpanishTermDefinition><DateFirstPublished>2003-08-24</DateFirstPublished></GlossaryTerm>
