<?xml version="1.0" encoding="utf-8"?>
<!DOCTYPE GlossaryTerm >
<GlossaryTerm id="CDR0000321368"><TermName>dextroamphetamine-amphetamine</TermName><TermPronunciation>(DEK-stroh-am-FEH-tuh-meen-am-FEH-tuh-meen)</TermPronunciation><TermDefinition><DefinitionText>A combination of drugs used as a treatment for attention deficit hyperactivity disorder (ADHD) and narcolepsy (a sleep disorder). It is a type of stimulant. Also called Adderall.</DefinitionText><Dictionary>Cancer.gov</Dictionary><Audience>Patient</Audience></TermDefinition><MediaLink ref="CDR0000731808" type="audio/mpeg" alt="Pronunciation of dictionary term &quot;dextroamphetamine-amphetamine&quot;" language="en" id="_3"/><MediaLink ref="CDR0000731809" type="audio/mpeg" alt="Pronunciation of dictionary term &quot;dextroanfetamina-anfetamina&quot;" language="es" id="_4"/><SpanishTermName>dextroanfetamina-anfetamina</SpanishTermName><SpanishTermDefinition><DefinitionText>Combinación de medicamentos que se usan  para tratar el trastorno por déficit de atención con hiperactividad (TDAH) y la narcolepsia (un trastorno del sueño). Es un tipo de estimulante. También se llama Adderall.</DefinitionText><Dictionary>Cancer.gov</Dictionary><Audience>Patient</Audience></SpanishTermDefinition><DateFirstPublished>2003-07-26</DateFirstPublished><DateLastModified>2007-07-17</DateLastModified></GlossaryTerm>
