<?xml version="1.0" encoding="utf-8"?>
<!DOCTYPE GlossaryTerm >
<GlossaryTerm id="CDR0000330204"><TermName>sweet elm</TermName><TermPronunciation>(sweet elm)</TermPronunciation><TermDefinition><DefinitionText>The inner bark of this plant has been used in some cultures to treat certain medical problems. It may have antioxidant effects. Also called gray elm, Indian elm, red elm, slippery elm, Ulmus fulva,  and Ulmus rubra.</DefinitionText><Dictionary>Cancer.gov</Dictionary><Audience>Patient</Audience></TermDefinition><MediaLink ref="CDR0000731064" type="audio/mpeg" alt="Pronunciation of dictionary term &quot;sweet elm&quot;" language="en" id="_3"/><MediaLink ref="CDR0000731065" type="audio/mpeg" alt="Pronunciation of dictionary term &quot;olmo dulce&quot;" language="es" id="_4"/><SpanishTermName>olmo dulce</SpanishTermName><SpanishTermDefinition><DefinitionText>La corteza interna de esta planta se ha usado en algunas culturas para tratar ciertos problemas médicos. Podría tener efectos antioxidantes. También se llama olmo de la India, olmo gris, olmo resbaladizo, olmo rojo, Ulmus fulva,  y Ulmus rubra.</DefinitionText><Dictionary>Cancer.gov</Dictionary><Audience>Patient</Audience></SpanishTermDefinition><DateFirstPublished>2003-08-24</DateFirstPublished><DateLastModified>2007-06-05</DateLastModified></GlossaryTerm>
