<?xml version="1.0" encoding="utf-8"?>
<!DOCTYPE GlossaryTerm >
<GlossaryTerm id="CDR0000335075"><TermName>lacrimal gland</TermName><TermPronunciation>(LA-krih-mul ...)</TermPronunciation><TermDefinition><DefinitionText>A gland that secretes tears. The lacrimal glands are found in the upper, outer part of each eye socket.</DefinitionText><Dictionary>Cancer.gov</Dictionary><Audience>Patient</Audience></TermDefinition><MediaLink ref="CDR0000711367" type="audio/mpeg" alt="Pronunciation of dictionary term &quot;lacrimal gland&quot;" language="en" id="_3"/><MediaLink ref="CDR0000711366" type="audio/mpeg" alt="Pronunciation of dictionary term &quot;glándula lagrimal&quot;" language="es" id="_4"/><SpanishTermName>glándula lagrimal</SpanishTermName><SpanishTermDefinition><DefinitionText>Glándula que segrega lágrimas. Las glándulas lagrimales se encuentran en la parte superior y exterior de cada cuenca del ojo.</DefinitionText><Dictionary>Cancer.gov</Dictionary><Audience>Patient</Audience></SpanishTermDefinition><DateFirstPublished>2003-09-24</DateFirstPublished></GlossaryTerm>
