<?xml version="1.0" encoding="utf-8"?>
<!DOCTYPE GlossaryTerm >
<GlossaryTerm id="CDR0000301626"><TermName>systemic chemotherapy</TermName><TermPronunciation>(sis-TEH-mik KEE-moh-THAYR-uh-pee)</TermPronunciation><TermDefinition><DefinitionText>Treatment with anticancer drugs that travel through the blood to cells all over the body.</DefinitionText><Dictionary>Cancer.gov</Dictionary><Audience>Patient</Audience></TermDefinition><MediaLink ref="CDR0000710195" type="audio/mpeg" alt="Pronunciation of dictionary term &quot;systemic chemotherapy&quot;" language="en" id="_3"/><MediaLink ref="CDR0000710196" type="audio/mpeg" alt="Pronunciation of dictionary term &quot;quimioterapia sistémica&quot;" language="es" id="_4"/><SpanishTermName>quimioterapia sistémica</SpanishTermName><SpanishTermDefinition><DefinitionText>Tratamiento con medicamentos contra el cáncer que viajan por la sangre hasta las células de todo el cuerpo.</DefinitionText><Dictionary>Cancer.gov</Dictionary><Audience>Patient</Audience></SpanishTermDefinition><DateFirstPublished>2003-04-23</DateFirstPublished><DateLastModified>2006-10-01</DateLastModified></GlossaryTerm>
