<?xml version="1.0" encoding="utf-8"?>
<!DOCTYPE GlossaryTerm >
<GlossaryTerm id="CDR0000322893"><TermName>tumor board review</TermName><TermPronunciation>(TOO-mer bord reh-VYOO)</TermPronunciation><TermDefinition><DefinitionText>A treatment planning approach in which a number of doctors who are experts in different specialties (disciplines) review and discuss the medical condition and treatment options of a patient. In cancer treatment, a tumor board review may include that of a medical oncologist (who provides cancer treatment with drugs), a surgical oncologist (who provides cancer treatment with surgery), and a radiation oncologist (who provides cancer treatment with radiation). Also called multidisciplinary opinion.</DefinitionText><Dictionary>Cancer.gov</Dictionary><Audience>Patient</Audience></TermDefinition><MediaLink ref="CDR0000731831" type="audio/mpeg" alt="Pronunciation of dictionary term &quot;tumor board review&quot;" language="en" id="_3"/><MediaLink ref="CDR0000731830" type="audio/mpeg" alt="Pronunciation of dictionary term &quot;revisión del comité de tumores&quot;" language="es" id="_4"/><SpanishTermName>revisión del comité de tumores</SpanishTermName><SpanishTermDefinition><DefinitionText>Enfoque de planificación del tratamiento en el que varios médicos que son expertos en diferentes especialidades (disciplinas) examinan y discuten la enfermedad y las opciones de tratamiento de un paciente. En el tratamiento de cáncer, una revisión del comité de tumores puede incluir la de un oncólogo (que trata el cáncer con medicamentos), un oncólogo quirúrgico (trata el cáncer con cirugía) y un radiooncólogo (que trata el cáncer con radiación). También se llama opinión multidisciplinaria.</DefinitionText><Dictionary>Cancer.gov</Dictionary><Audience>Patient</Audience></SpanishTermDefinition><DateFirstPublished>2003-07-26</DateFirstPublished><DateLastModified>2003-07-31</DateLastModified></GlossaryTerm>
