<?xml version="1.0" encoding="utf-8"?>
<!DOCTYPE GlossaryTerm >
<GlossaryTerm id="CDR0000322874"><TermName>pelvic exenteration</TermName><TermPronunciation>(PEL-vik eg-ZEN-teh-RAY-shun)</TermPronunciation><TermDefinition><DefinitionText>Surgery to remove the lower colon, rectum, and bladder, and create stomata (openings) through which urine and stool are passed out of the body. In women, the cervix, vagina, ovaries, and nearby lymph nodes are also removed.</DefinitionText><Dictionary>Cancer.gov</Dictionary><Audience>Patient</Audience></TermDefinition><MediaLink ref="CDR0000731810" type="audio/mpeg" alt="Pronunciation of dictionary term &quot;pelvic exenteration&quot;" language="en" id="_3"/><MediaLink ref="CDR0000731811" type="audio/mpeg" alt="Pronunciation of dictionary term &quot;exenteración pélvica&quot;" language="es" id="_4"/><SpanishTermName>exenteración pélvica</SpanishTermName><SpanishTermDefinition><DefinitionText>Cirugía para extraer el colon inferior, el recto y la vejiga urinaria, y crear estomas (aberturas) a través de las que salen del cuerpo la orina y las heces. En las mujeres, también se extrae el cuello uterino, la vagina, los ovarios y ganglios linfáticos cercanos.</DefinitionText><Dictionary>Cancer.gov</Dictionary><Audience>Patient</Audience></SpanishTermDefinition><DateFirstPublished>2003-07-26</DateFirstPublished><DateLastModified>2005-02-11</DateLastModified></GlossaryTerm>
