<?xml version="1.0" encoding="utf-8"?>
<!DOCTYPE GlossaryTerm >
<GlossaryTerm id="CDR0000335065"><TermName>enucleation</TermName><TermPronunciation>(ee-NOO-klee-AY-shun)</TermPronunciation><TermDefinition><DefinitionText>In medicine, the removal of an organ or tumor in such a way that it comes out clean and whole, like a nut from its shell.</DefinitionText><Dictionary>Cancer.gov</Dictionary><Audience>Patient</Audience></TermDefinition><MediaLink ref="CDR0000731526" type="audio/mpeg" alt="Pronunciation of dictionary term &quot;enucleation&quot;" language="en" id="_3"/><MediaLink ref="CDR0000731527" type="audio/mpeg" alt="Pronunciation of dictionary term &quot;enucleación&quot;" language="es" id="_4"/><SpanishTermName>enucleación</SpanishTermName><SpanishTermDefinition><DefinitionText>En el campo de la medicina, la extirpación de un órgano o tumor de manera que salga entero, como una nuez de la cáscara.</DefinitionText><Dictionary>Cancer.gov</Dictionary><Audience>Patient</Audience></SpanishTermDefinition><DateFirstPublished>2003-09-24</DateFirstPublished></GlossaryTerm>
