<?xml version="1.0" encoding="utf-8"?>
<!DOCTYPE GlossaryTerm >
<GlossaryTerm id="CDR0000318819"><TermName>neuroradiologist</TermName><TermPronunciation>(NOOR-oh-RAY-dee-AH-loh-jist)</TermPronunciation><TermDefinition><DefinitionText>A doctor trained in radiology who specializes in creating and interpreting pictures of the nervous system. The pictures are produced using forms of radiation, such as x-rays, sound waves, or other types of energy.</DefinitionText><Dictionary>Cancer.gov</Dictionary><Audience>Patient</Audience></TermDefinition><MediaLink ref="CDR0000711535" type="audio/mpeg" alt="Pronunciation of dictionary term &quot;neuroradiologist&quot;" language="en" id="_3"/><MediaLink ref="CDR0000711536" type="audio/mpeg" alt="Pronunciation of dictionary term &quot;neurorradiólogo&quot;" language="es" id="_4"/><SpanishTermName>neurorradiólogo</SpanishTermName><SpanishTermDefinition><DefinitionText>Médico capacitado en radiología y especializado en crear e interpretar imágenes del sistema nervioso. Las imágenes se producen usando formas de radiación como las radiografías, ondas de sonido y otros tipos de energía.</DefinitionText><Dictionary>Cancer.gov</Dictionary><Audience>Patient</Audience></SpanishTermDefinition><DateFirstPublished>2003-07-26</DateFirstPublished><DateLastModified>2007-03-29</DateLastModified></GlossaryTerm>
