<?xml version="1.0" encoding="utf-8"?>
<!DOCTYPE GlossaryTerm >
<GlossaryTerm id="CDR0000322860"><TermName>multidisciplinary opinion</TermName><TermPronunciation>(MUL-tee-DIH-sih-plih-NAYR-ee uh-PIN-yun)</TermPronunciation><TermDefinition><DefinitionText>A treatment planning approach in which a number of doctors who are experts in different specialties (disciplines) review and discuss the medical condition and treatment options of a patient. In cancer treatment, a multidisciplinary opinion may include that of a medical oncologist (who provides cancer treatment with drugs), a surgical oncologist (who provides cancer treatment with surgery), and a radiation oncologist (who provides cancer treatment with radiation). Also called tumor board review.</DefinitionText><Dictionary>Cancer.gov</Dictionary><Audience>Patient</Audience></TermDefinition><MediaLink ref="CDR0000731592" type="audio/mpeg" alt="Pronunciation of dictionary term &quot;multidisciplinary opinion&quot;" language="en" id="_3"/><MediaLink ref="CDR0000731593" type="audio/mpeg" alt="Pronunciation of dictionary term &quot;opinión multidisciplinaria&quot;" language="es" id="_4"/><SpanishTermName>opinión multidisciplinaria</SpanishTermName><SpanishTermDefinition><DefinitionText>Enfoque de planificación del tratamiento en el que varios médicos que son expertos en diferentes especialidades (disciplinas) examinan y discuten la enfermedad y las opciones de tratamiento de un paciente. En el tratamiento de cáncer, una opinión multidisciplinaria puede incluir la de un oncólogo (que trata el cáncer con medicamentos), un oncólogo quirúrgico (trata el cáncer con cirugía) y un radiooncólogo (que trata el cáncer con radiación). También se llama revisión del comité de tumores.</DefinitionText><Dictionary>Cancer.gov</Dictionary><Audience>Patient</Audience></SpanishTermDefinition><DateFirstPublished>2003-07-26</DateFirstPublished><DateLastModified>2003-07-31</DateLastModified></GlossaryTerm>
