<?xml version="1.0" encoding="utf-8"?>
<!DOCTYPE GlossaryTerm >
<GlossaryTerm id="CDR0000330167"><TermName>emodin</TermName><TermPronunciation>(EH-moh-din)</TermPronunciation><TermDefinition><DefinitionText>A substance found in certain plants, including rhubarb. It belongs to a family of compounds called anthraquinones, which have shown anti-inflammatory and anticancer effects.</DefinitionText><Dictionary>Cancer.gov</Dictionary><Audience>Patient</Audience></TermDefinition><MediaLink ref="CDR0000731015" type="audio/mpeg" alt="Pronunciation of dictionary term &quot;emodin&quot;" language="en" id="_3"/><MediaLink ref="CDR0000731014" type="audio/mpeg" alt="Pronunciation of dictionary term &quot;emodina&quot;" language="es" id="_4"/><SpanishTermName>emodina</SpanishTermName><SpanishTermDefinition><DefinitionText>Sustancia que se encuentra en ciertas plantas, como el ruibarbo. Es un tipo de los compuestos llamados antraquinonas, que han mostrado tener efectos antiinflamatorios y anticancerosos.</DefinitionText><Dictionary>Cancer.gov</Dictionary><Audience>Patient</Audience></SpanishTermDefinition><DateFirstPublished>2003-08-24</DateFirstPublished></GlossaryTerm>
