<?xml version="1.0" encoding="utf-8"?>
<!DOCTYPE GlossaryTerm >
<GlossaryTerm id="CDR0000304718"><TermName>digital mammography</TermName><TermPronunciation>(DIH-jih-tul ma-MAH-gruh-fee)</TermPronunciation><TermDefinition><DefinitionText>The use of a computer, rather than x-ray film, to create a picture of the breast.</DefinitionText><Dictionary>Cancer.gov</Dictionary><Audience>Patient</Audience></TermDefinition><MediaLink ref="CDR0000710288" type="audio/mpeg" alt="Pronunciation of dictionary term &quot;digital mammography&quot;" language="en" id="_3"/><MediaLink ref="CDR0000710287" type="audio/mpeg" alt="Pronunciation of dictionary term &quot;mamografía digital&quot;" language="es" id="_4"/><SpanishTermName>mamografía digital</SpanishTermName><SpanishTermDefinition><DefinitionText>Uso de una computadora, en lugar de una radiografía para crear una imagen de la mama.</DefinitionText><Dictionary>Cancer.gov</Dictionary><Audience>Patient</Audience></SpanishTermDefinition><DateFirstPublished>2003-05-23</DateFirstPublished><DateLastModified>2009-05-21</DateLastModified></GlossaryTerm>
