<?xml version="1.0" encoding="utf-8"?>
<!DOCTYPE GlossaryTerm >
<GlossaryTerm id="CDR0000305993"><TermName>milk thistle</TermName><TermPronunciation>(milk THIH-sul)</TermPronunciation><TermDefinition><DefinitionText>A plant that has been used in some cultures to treat certain medical problems, including stomach, liver, and gallbladder disorders. The active extract of milk thistle seeds is called silymarin. It is being studied in the prevention of liver damage caused by some cancer treatments. Also called Silybum marianum.</DefinitionText><Dictionary>Cancer.gov</Dictionary><Audience>Patient</Audience></TermDefinition><MediaLink ref="CDR0000731277" type="audio/mpeg" alt="Pronunciation of dictionary term &quot;milk thistle&quot;" language="en" id="_3"/><MediaLink ref="CDR0000731276" type="audio/mpeg" alt="Pronunciation of dictionary term &quot;cardo lechero&quot;" language="es" id="_4"/><SpanishTermName>cardo lechero</SpanishTermName><SpanishTermDefinition><DefinitionText>Planta que se ha usado en algunas culturas para tratar ciertos problemas médicos, como trastornos del estómago, el hígado y la vesícula biliar. El extracto activo de las semillas de cardo lechero se llama silimarin. Está en estudio para prevenir el daño hepático (hígado) que causan algunos tratamientos de cáncer. También se llama Silybum marianum.</DefinitionText><Dictionary>Cancer.gov</Dictionary><Audience>Patient</Audience></SpanishTermDefinition><DateFirstPublished>2003-05-23</DateFirstPublished><DateLastModified>2004-05-25</DateLastModified><RelatedInformation><RelatedSummaryRef UseWith="en" href="CDR0000466216">Milk Thistle</RelatedSummaryRef></RelatedInformation></GlossaryTerm>
