<?xml version="1.0" encoding="utf-8"?>
<!DOCTYPE GlossaryTerm >
<GlossaryTerm id="CDR0000335066"><TermName>flow cytometry</TermName><TermPronunciation>(floh sy-TAH-meh-tree)</TermPronunciation><TermDefinition><DefinitionText>A method of measuring the number of cells in a sample, the percentage of live cells in a sample, and certain characteristics of cells, such as size, shape, and the presence of tumor markers on the cell surface. The cells are stained with a light-sensitive dye, placed in a fluid, and passed in a stream before a laser or other type of light. The measurements are based on how the light-sensitive dye reacts to the light.</DefinitionText><Dictionary>Cancer.gov</Dictionary><Audience>Patient</Audience></TermDefinition><MediaLink ref="CDR0000731528" type="audio/mpeg" alt="Pronunciation of dictionary term &quot;flow cytometry&quot;" language="en" id="_3"/><MediaLink ref="CDR0000731529" type="audio/mpeg" alt="Pronunciation of dictionary term &quot;citometría de flujo&quot;" language="es" id="_4"/><SpanishTermName>citometría de flujo</SpanishTermName><SpanishTermDefinition><DefinitionText>Método para medir el número de células de una muestra, el porcentaje de células vivas de una muestra y ciertas características de las células, como el tamaño, el formato y la presencia de marcadores tumorales en la superficie celular. Las células se manchan con un tinte sensible a la luz, se colocan en un líquido y se pasan en un flujo ante un láser u otro tipo de luz. Las mediciones se basan en la manera en que el tinte fotosensible reacciona a la luz.</DefinitionText><Dictionary>Cancer.gov</Dictionary><Audience>Patient</Audience></SpanishTermDefinition><DateFirstPublished>2003-09-24</DateFirstPublished></GlossaryTerm>
