<?xml version="1.0" encoding="utf-8"?>
<!DOCTYPE GlossaryTerm >
<GlossaryTerm id="CDR0000318822"><TermName>pediatric hematologist</TermName><TermPronunciation>(PEE-dee-A-trik HEE-muh-TAH-loh-jist)</TermPronunciation><TermDefinition><DefinitionText>A doctor who specializes in treating blood disorders in children.</DefinitionText><Dictionary>Cancer.gov</Dictionary><Audience>Patient</Audience></TermDefinition><MediaLink ref="CDR0000711220" type="audio/mpeg" alt="Pronunciation of dictionary term &quot;pediatric hematologist&quot;" language="en" id="_3"/><MediaLink ref="CDR0000711221" type="audio/mpeg" alt="Pronunciation of dictionary term &quot;hematólogo pediatra&quot;" language="es" id="_4"/><SpanishTermName>hematólogo pediatra</SpanishTermName><SpanishTermDefinition><DefinitionText>Médico que se especializa en el tratamiento de los trastornos de la sangre en los niños.</DefinitionText><Dictionary>Cancer.gov</Dictionary><Audience>Patient</Audience></SpanishTermDefinition><DateFirstPublished>2003-07-26</DateFirstPublished><DateLastModified>2007-04-12</DateLastModified></GlossaryTerm>
