<?xml version="1.0" encoding="utf-8"?>
<!DOCTYPE GlossaryTerm >
<GlossaryTerm id="CDR0000306497"><TermName>EP-2101</TermName><TermDefinition><DefinitionText>A substance that is being studied as a treatment for cancer. It belongs to the family of drugs called cancer vaccines.</DefinitionText><Dictionary>Cancer.gov</Dictionary><Audience>Patient</Audience></TermDefinition><SpanishTermName>EP-2101</SpanishTermName><SpanishTermDefinition><DefinitionText>Sustancia en estudio para el tratamiento del cáncer. Es un tipo de vacuna contra el cáncer.</DefinitionText><Dictionary>Cancer.gov</Dictionary><Audience>Patient</Audience></SpanishTermDefinition><DateFirstPublished>2003-05-23</DateFirstPublished></GlossaryTerm>
