<?xml version="1.0" encoding="utf-8"?>
<!DOCTYPE GlossaryTerm >
<GlossaryTerm id="CDR0000306526"><TermName>antimicrotubule agent</TermName><TermPronunciation>(AN-tee-MY-kroh-TOO-byool AY-jent)</TermPronunciation><TermDefinition><DefinitionText>A type of drug that blocks cell growth by stopping mitosis (cell division). Antimicrotubule agents interfere with microtubules (cellular structures that help move chromosomes during mitosis). They are used to treat cancer.</DefinitionText><Dictionary>Cancer.gov</Dictionary><Audience>Patient</Audience></TermDefinition><MediaLink ref="CDR0000711525" type="audio/mpeg" alt="Pronunciation of dictionary term &quot;antimicrotubule agent&quot;" language="en" id="_3"/><MediaLink ref="CDR0000711526" type="audio/mpeg" alt="Pronunciation of dictionary term &quot;antimicrotúbulo&quot;" language="es" id="_4"/><SpanishTermName>antimicrotúbulo</SpanishTermName><SpanishTermDefinition><DefinitionText>Tipo de medicamento que bloquea el crecimiento celular al impedir la mitosis (división celular). Los antimicrotúbulos interfieren en los microtúbulos (estructuras celulares que ayudan a mover los cromosomas durante la mitosis). Se usan para tratar el cáncer.</DefinitionText><Dictionary>Cancer.gov</Dictionary><Audience>Patient</Audience></SpanishTermDefinition><DateFirstPublished>2003-05-23</DateFirstPublished><DateLastModified>2007-05-08</DateLastModified></GlossaryTerm>
