<?xml version="1.0" encoding="utf-8"?>
<!DOCTYPE GlossaryTerm >
<GlossaryTerm id="CDR0000304719"><TermName>fertile</TermName><TermPronunciation>(FER-til)</TermPronunciation><TermDefinition><DefinitionText>Able to produce children.</DefinitionText><Dictionary>Cancer.gov</Dictionary><Audience>Patient</Audience></TermDefinition><MediaLink ref="CDR0000709904" type="audio/mpeg" alt="Pronunciation of dictionary term &quot;fertile&quot;" language="en" id="_3"/><MediaLink ref="CDR0000709903" type="audio/mpeg" alt="Pronunciation of dictionary term &quot;fértil&quot;" language="es" id="_4"/><SpanishTermName>fértil</SpanishTermName><SpanishTermDefinition><DefinitionText>Capaz de tener hijos.</DefinitionText><Dictionary>Cancer.gov</Dictionary><Audience>Patient</Audience></SpanishTermDefinition><DateFirstPublished>2003-05-23</DateFirstPublished></GlossaryTerm>
