<?xml version="1.0" encoding="utf-8"?>
<!DOCTYPE GlossaryTerm >
<GlossaryTerm id="CDR0000321361"><TermName>bone-seeking radioisotope</TermName><TermPronunciation>(bone-SEE-king RAY-dee-oh-I-soh-tope)</TermPronunciation><TermDefinition><DefinitionText>A radioactive substance that is given through a vein, and collects in bone cells and in tumor cells that have spread to the bone. It kills cancer cells by giving off low-level radiation.</DefinitionText><Dictionary>Cancer.gov</Dictionary><Audience>Patient</Audience></TermDefinition><MediaLink ref="CDR0000711688" type="audio/mpeg" alt="Pronunciation of dictionary term &quot;bone-seeking radioisotope&quot;" language="en" id="_3"/><MediaLink ref="CDR0000711689" type="audio/mpeg" alt="Pronunciation of dictionary term &quot;radioisótopo osteófilo&quot;" language="es" id="_4"/><SpanishTermName>radioisótopo osteófilo</SpanishTermName><SpanishTermDefinition><DefinitionText>Sustancia radiactiva que se inyecta en una vena y se deposita en las células óseas y en las células tumorales que se propagaron al hueso. Esta sustancia destruye las células cancerosas cuando se administra una concentración baja de radiación.</DefinitionText><Dictionary>Cancer.gov</Dictionary><Audience>Patient</Audience></SpanishTermDefinition><DateFirstPublished>2003-07-26</DateFirstPublished></GlossaryTerm>
