<?xml version="1.0" encoding="utf-8"?>
<!DOCTYPE GlossaryTerm >
<GlossaryTerm id="CDR0000335079"><TermName>multidisciplinary</TermName><TermPronunciation>(MUL-tee-DIH-sih-plih-NAYR-ee)</TermPronunciation><TermDefinition><DefinitionText>In medicine, a term used to describe a treatment planning approach or team that includes a number of doctors and other health care professionals who are experts in different specialties (disciplines). In cancer treatment, the primary disciplines are medical oncology (treatment with drugs), surgical oncology (treatment with surgery), and radiation oncology (treatment with radiation).</DefinitionText><Dictionary>Cancer.gov</Dictionary><Audience>Patient</Audience></TermDefinition><MediaLink ref="CDR0000731542" type="audio/mpeg" alt="Pronunciation of dictionary term &quot;multidisciplinary&quot;" language="en" id="_3"/><MediaLink ref="CDR0000731543" type="audio/mpeg" alt="Pronunciation of dictionary term &quot;multidisciplinario&quot;" language="es" id="_4"/><SpanishTermName>multidisciplinario</SpanishTermName><SpanishTermDefinition><DefinitionText>En medicina, este término se utiliza para describir el enfoque de la planificación del tratamiento que incluye una cantidad de médicos y otros profesionales de la atención de la salud, que son expertos en distintas especialidades (disciplinas). En el caso del tratamiento del cáncer, las disciplinas principales son la oncología médica (tratamiento con medicamentos), la oncología quirúrgica (tratamiento con cirugía) y la radiooncología (tratamiento con radiación).</DefinitionText><Dictionary>Cancer.gov</Dictionary><Audience>Patient</Audience></SpanishTermDefinition><DateFirstPublished>2003-09-24</DateFirstPublished></GlossaryTerm>
