<?xml version="1.0" encoding="utf-8"?>
<!DOCTYPE GlossaryTerm >
<GlossaryTerm id="CDR0000322852"><TermName>bilateral salpingo-oophorectomy</TermName><TermPronunciation>(by-LA-teh-rul sal-PIN-goh-oh-oh-foh-REK-toh-mee)</TermPronunciation><TermDefinition><DefinitionText>Surgery to remove both ovaries and both fallopian tubes.</DefinitionText><Dictionary>Cancer.gov</Dictionary><Audience>Patient</Audience></TermDefinition><MediaLink ref="CDR0000711427" type="audio/mpeg" alt="Pronunciation of dictionary term &quot;bilateral salpingo-oophorectomy&quot;" language="en" id="_3"/><MediaLink ref="CDR0000711426" type="audio/mpeg" alt="Pronunciation of dictionary term &quot;salpingooforectomía bilateral&quot;" language="es" id="_4"/><MediaLink ref="CDR0000612116" type="image/jpeg" alt="Hysterectomy; drawing shows the female reproductive anatomy, including the ovaries, uterus, vagina, fallopian tubes, and cervix. Dotted lines show which organs and tissues are removed in a total hysterectomy, a total hysterectomy with salpingo-oophorectomy, and a radical hysterectomy. An inset shows the location of two possible incisions on the abdomen: a low transverse incision is just above the pubic area and a vertical incision is between the navel and the pubic area." language="en" audience="Patients" thumb="Yes" id="_3"><Caption language="en">Hysterectomy. The uterus is surgically removed with or without other organs or tissues. In a total hysterectomy, the uterus and cervix are removed. In a total hysterectomy with salpingo-oophorectomy, (a) the uterus plus one (unilateral) ovary and fallopian tube are removed; or (b) the uterus plus both (bilateral) ovaries and fallopian tubes are removed. In a radical hysterectomy, the uterus, cervix, both ovaries, both fallopian tubes, and nearby tissue are removed. These procedures are done using a low transverse incision or a vertical incision.</Caption></MediaLink><MediaLink ref="CDR0000650451" type="image/jpeg" alt="Histerectomía; la imagen muestra la anatomía del aparato reproductor femenino, la cual incluye los ovarios, el útero, la vagina, las trompas de Falopio y el cuello uterino. La línea de puntos indica los órganos y tejidos que se extirpan en una histerectomía total, una histerectomía total con salpingooforectomía y una histerectomía radical. En un recuadro se observa la ubicación de las dos incisiones posibles en el abdomen: una incisión transversal baja encima del área púbica y una incisión vertical entre el ombligo y el área púbica." language="es" audience="Patients" thumb="Yes" id="_4"><Caption language="es">Histerectomía. Se extirpa quirúrgicamente el útero, con otros órganos o tejidos o sin estos. En una histerectomía total, se extirpan el útero y el cuello uterino. En una histerectomía total con salpingooforectomía, se extirpan a) el útero más uno de los ovarios y una de las trompas de Falopio (unilateral), o b) el útero, ambos ovarios y ambas trompas de Falopio (bilateral). En una histerectomía radical, se extirpan el útero, el cuello uterino, ambos ovarios, ambas trompas de Falopio y el tejido circundante. Estos procedimientos se realizan mediante una incisión transversal baja o una incisión vertical.</Caption></MediaLink><SpanishTermName>salpingooforectomía bilateral</SpanishTermName><SpanishTermDefinition><DefinitionText>Operación quirúrgica mediante la que se extirpan ambos ovarios y ambas trompas de Falopio.</DefinitionText><Dictionary>Cancer.gov</Dictionary><Audience>Patient</Audience></SpanishTermDefinition><DateFirstPublished>2003-07-26</DateFirstPublished><DateLastModified>2009-10-13</DateLastModified></GlossaryTerm>
