<?xml version="1.0" encoding="utf-8"?>
<!DOCTYPE GlossaryTerm >
<GlossaryTerm id="CDR0000330189"><TermName>spotted thistle</TermName><TermPronunciation>(... THIH-sul)</TermPronunciation><TermDefinition><DefinitionText>A plant whose leaves, stems, and flowers have been used in some cultures to treat certain medical problems. Spotted thistle may have anti-inflammatory and anticancer effects. The scientific name is <ScientificName>Cnicus benedictus</ScientificName>. Also called blessed thistle, cardin, holy thistle,  and St. Benedict's thistle.</DefinitionText><Dictionary>Cancer.gov</Dictionary><Audience>Patient</Audience></TermDefinition><MediaLink ref="CDR0000711669" type="audio/mpeg" alt="Pronunciation of dictionary term &quot;spotted thistle&quot;" language="en" id="_3"/><MediaLink ref="CDR0000711668" type="audio/mpeg" alt="Pronunciation of dictionary term &quot;cardo manchado&quot;" language="es" id="_4"/><SpanishTermName>cardo manchado</SpanishTermName><SpanishTermDefinition><DefinitionText>Planta cuyas hojas, tallos y flores se han usado en algunas culturas para tratar ciertos problemas médicos. El cardo manchado podría tener efectos antiinflamatorios y anticancerosos. El nombre científico es <ScientificName>Cnicus benedictus</ScientificName>. También se llama cardín, cardo bendito, cardo de San Benito,  y cardo santo.</DefinitionText><Dictionary>Cancer.gov</Dictionary><Audience>Patient</Audience></SpanishTermDefinition><DateFirstPublished>2003-08-24</DateFirstPublished><DateLastModified>2007-11-08</DateLastModified></GlossaryTerm>
