<?xml version="1.0" encoding="utf-8"?>
<!DOCTYPE GlossaryTerm >
<GlossaryTerm id="CDR0000305989"><TermName>CP-724,714</TermName><TermDefinition><DefinitionText>A substance that is being studied in the treatment of cancer. It belongs to the family of drugs called ErbB receptor tyrosine kinase inhibitors.</DefinitionText><Dictionary>Cancer.gov</Dictionary><Audience>Patient</Audience></TermDefinition><SpanishTermName>CP-724,714</SpanishTermName><SpanishTermDefinition><DefinitionText>Sustancia en estudio para el tratamiento de cáncer. Es un tipo de inhibidor del receptor ErbB de la tirosina cinasa.</DefinitionText><Dictionary>Cancer.gov</Dictionary><Audience>Patient</Audience></SpanishTermDefinition><DateFirstPublished>2003-05-23</DateFirstPublished><DateLastModified>2003-10-15</DateLastModified></GlossaryTerm>
