<?xml version="1.0" encoding="utf-8"?>
<!DOCTYPE GlossaryTerm >
<GlossaryTerm id="CDR0000306499"><TermName>gonadotropin-releasing hormone</TermName><TermPronunciation>(goh-NA-doh-TROH-pin-reh-LEE-sing HOR-mone)</TermPronunciation><TermDefinition><DefinitionText>A hormone made by a part of the brain called the hypothalamus. Gonadotropin-releasing hormone causes the pituitary gland in the brain to make and secrete the hormones luteinizing hormone (LH) and follicle-stimulating hormone (FSH). In men, these hormones cause the testicles to make testosterone. In women, they cause the ovaries to make estrogen and progesterone. Also called GnRH, LH-RH, LHRH,  and luteinizing hormone-releasing hormone.</DefinitionText><Dictionary>Cancer.gov</Dictionary><Audience>Patient</Audience></TermDefinition><MediaLink ref="CDR0000711481" type="audio/mpeg" alt="Pronunciation of dictionary term &quot;gonadotropin-releasing hormone&quot;" language="en" id="_3"/><MediaLink ref="CDR0000711480" type="audio/mpeg" alt="Pronunciation of dictionary term &quot;hormona liberadora de gonadotropina&quot;" language="es" id="_4"/><SpanishTermName>hormona liberadora de gonadotropina</SpanishTermName><SpanishTermDefinition><DefinitionText>Hormona elaborada por una parte del cerebro que se llama hipotálamo. La hormona liberadora de gonadotropina hace que la hipófisis cerebral elabore y segregue las siguientes hormonas: hormona luteinizante  (HL) y hormona folículoestimulante (HFE). En los hombres, estas hormonas hacen que los testículos produzcan testosterona. En las mujeres, hacen que los ovarios produzcan estrógeno y progesterona. También se llama HL-HL, HLGn, HLHL,  y hormona liberadora de hormona luteinizante.</DefinitionText><Dictionary>Cancer.gov</Dictionary><Audience>Patient</Audience></SpanishTermDefinition><DateFirstPublished>2003-05-23</DateFirstPublished><DateLastModified>2014-03-13</DateLastModified></GlossaryTerm>
