<?xml version="1.0" encoding="utf-8"?>
<!DOCTYPE GlossaryTerm >
<GlossaryTerm id="CDR0000322878"><TermName>prostate-specific antigen test</TermName><TermPronunciation>(PROS-tayt-speh-SIH-fik AN-tih-jen ...)</TermPronunciation><TermDefinition><DefinitionText>A blood test that measures the level of prostate-specific antigen (PSA), a substance produced by the prostate and some other tissues in the body. Increased levels of PSA may be a sign of prostate cancer.</DefinitionText><Dictionary>Cancer.gov</Dictionary><Audience>Patient</Audience></TermDefinition><MediaLink ref="CDR0000711471" type="audio/mpeg" alt="Pronunciation of dictionary term &quot;prostate-specific antigen test&quot;" language="en" id="_3"/><MediaLink ref="CDR0000711470" type="audio/mpeg" alt="Pronunciation of dictionary term &quot;prueba del antígeno prostático específico&quot;" language="es" id="_4"/><SpanishTermName>prueba del antígeno prostático específico</SpanishTermName><SpanishTermDefinition><DefinitionText>Examen de sangre que mide la concentración del antígeno prostático específico (APE), que es una sustancia que produce la próstata y algunos otros tejidos del cuerpo. Concentraciones elevadas del APE pueden ser un signo de cáncer de próstata.</DefinitionText><Dictionary>Cancer.gov</Dictionary><Audience>Patient</Audience></SpanishTermDefinition><DateFirstPublished>2003-07-26</DateFirstPublished><RelatedInformation><RelatedExternalRef UseWith="en" xref="http://www.cancer.gov/types/prostate/psa-fact-sheet">Prostate-Specific Antigen (PSA) Test</RelatedExternalRef><RelatedExternalRef UseWith="es" xref="http://www.cancer.gov/espanol/tipos/prostata/hoja-informativa-psa">Análisis del antígeno prostático específico (PSA)</RelatedExternalRef></RelatedInformation></GlossaryTerm>
