<?xml version="1.0" encoding="utf-8"?>
<!DOCTYPE GlossaryTerm >
<GlossaryTerm id="CDR0000330172"><TermName>lignan</TermName><TermPronunciation>(LIG-nun)</TermPronunciation><TermDefinition><DefinitionText>A member of a group of substances found in plants that have shown estrogenic and anticancer effects. Lignans have been used in some cultures to treat certain medical problems.</DefinitionText><Dictionary>Cancer.gov</Dictionary><Audience>Patient</Audience></TermDefinition><MediaLink ref="CDR0000711646" type="audio/mpeg" alt="Pronunciation of dictionary term &quot;lignan&quot;" language="en" id="_3"/><MediaLink ref="CDR0000711647" type="audio/mpeg" alt="Pronunciation of dictionary term &quot;lignano&quot;" language="es" id="_4"/><SpanishTermName>lignano</SpanishTermName><SpanishTermDefinition><DefinitionText>Miembro de un grupo de sustancias que se encuentran en las plantas y que han mostrado tener efectos estrogénicos y contra el cáncer. Los lignanos han sido utilizados en algunas culturas para tratar ciertos problemas médicos.</DefinitionText><Dictionary>Cancer.gov</Dictionary><Audience>Patient</Audience></SpanishTermDefinition><DateFirstPublished>2003-08-24</DateFirstPublished><DateLastModified>2008-01-10</DateLastModified></GlossaryTerm>
