<?xml version="1.0" encoding="utf-8"?>
<!DOCTYPE GlossaryTerm >
<GlossaryTerm id="CDR0000304724"><TermName>bilateral prophylactic mastectomy</TermName><TermPronunciation>(by-LA-teh-rul PROH-fih-LAK-tik ma-STEK-toh-mee)</TermPronunciation><TermDefinition><DefinitionText>Surgery to remove both breasts in order to reduce the risk of developing breast cancer.</DefinitionText><Dictionary>Cancer.gov</Dictionary><Audience>Patient</Audience></TermDefinition><MediaLink ref="CDR0000709912" type="audio/mpeg" alt="Pronunciation of dictionary term &quot;bilateral prophylactic mastectomy&quot;" language="en" id="_3"/><MediaLink ref="CDR0000709911" type="audio/mpeg" alt="Pronunciation of dictionary term &quot;mastectomía profiláctica bilateral&quot;" language="es" id="_4"/><SpanishTermName>mastectomía profiláctica bilateral</SpanishTermName><SpanishTermDefinition><DefinitionText>Cirugía para extraer ambas mamas con el fin de reducir el riesgo de contraer cáncer de mama (seno).</DefinitionText><Dictionary>Cancer.gov</Dictionary><Audience>Patient</Audience></SpanishTermDefinition><DateFirstPublished>2003-05-23</DateFirstPublished><DateLastModified>2007-03-09</DateLastModified></GlossaryTerm>
