<?xml version="1.0" encoding="utf-8"?>
<!DOCTYPE GlossaryTerm >
<GlossaryTerm id="CDR0000330164"><TermName>burdock</TermName><TermPronunciation>(BUR-dok)</TermPronunciation><TermDefinition><DefinitionText>A plant whose seeds and root have been used in some cultures to treat certain medical problems. It may have antioxidant effects. The scientific name is <ScientificName>Arctium lappa</ScientificName>. Also called happy major and lappa.</DefinitionText><Dictionary>Cancer.gov</Dictionary><Audience>Patient</Audience></TermDefinition><MediaLink ref="CDR0000711638" type="audio/mpeg" alt="Pronunciation of dictionary term &quot;burdock&quot;" language="en" id="_3"/><MediaLink ref="CDR0000711639" type="audio/mpeg" alt="Pronunciation of dictionary term &quot;bardana&quot;" language="es" id="_4"/><SpanishTermName>bardana</SpanishTermName><SpanishTermDefinition><DefinitionText>Planta cuyas semillas y raices se han usado en algunas culturas para tratar ciertos problemas médicos. Podría tener efectos antioxidantes. El nombre científico es <ScientificName>Arctium lappa</ScientificName>. También se llama hierba de los tiñosos y lampazo.</DefinitionText><Dictionary>Cancer.gov</Dictionary><Audience>Patient</Audience></SpanishTermDefinition><DateFirstPublished>2003-08-24</DateFirstPublished><DateLastModified>2008-06-04</DateLastModified></GlossaryTerm>
