<?xml version="1.0" encoding="utf-8"?>
<!DOCTYPE GlossaryTerm >
<GlossaryTerm id="CDR0000318816"><TermName>DNA intercalating agent</TermName><TermPronunciation>(…in-TER-kuh-LAY-ting AY-jent)</TermPronunciation><TermDefinition><DefinitionText>A substance that inserts itself into the DNA structure of a cell and binds to the DNA. This causes DNA damage. In cancer treatment, DNA intercalating agents may kill cancer cells by damaging their DNA and stopping them from dividing.</DefinitionText><Dictionary>Cancer.gov</Dictionary><Audience>Patient</Audience></TermDefinition><MediaLink ref="CDR0000711529" type="audio/mpeg" alt="Pronunciation of dictionary term &quot;DNA intercalating agent&quot;" language="en" id="_5"/><SpanishTermName>intercalador de ADN</SpanishTermName><SpanishTermDefinition><DefinitionText>Sustancia que se introduce a si misma en la estructura del ADN  de una célula, y se une a esta. Esto ocasiona daños al ADN. En los tratamientos de cáncer, los intercaladores de ADN pueden eliminar las células cancerosas dañando su ADN e impediendo su multiplicación.</DefinitionText><Dictionary>Cancer.gov</Dictionary><Audience>Patient</Audience></SpanishTermDefinition><DateFirstPublished>2003-07-26</DateFirstPublished><DateLastModified>2015-04-16</DateLastModified></GlossaryTerm>
