<?xml version="1.0" encoding="utf-8"?>
<!DOCTYPE GlossaryTerm >
<GlossaryTerm id="CDR0000302468"><TermName>TNFerade</TermName><TermDefinition><DefinitionText>A gene therapy product that is being studied in combination with radiation therapy in the treatment of cancer.</DefinitionText><Dictionary>Cancer.gov</Dictionary><Audience>Patient</Audience></TermDefinition><MediaLink ref="CDR0000734674" type="audio/mpeg" alt="Pronunciation of dictionary term &quot;TNFerade&quot;" language="en" id="_3"/><SpanishTermName>TNFerade</SpanishTermName><SpanishTermDefinition><DefinitionText>Producto de la terapia genética que, en combinación con la radioterapia, está en estudio para el tratamiento del cáncer.</DefinitionText><Dictionary>Cancer.gov</Dictionary><Audience>Patient</Audience></SpanishTermDefinition><DateFirstPublished>2003-04-23</DateFirstPublished><DateLastModified>2005-03-24</DateLastModified></GlossaryTerm>
