<?xml version="1.0" encoding="utf-8"?>
<!DOCTYPE GlossaryTerm >
<GlossaryTerm id="CDR0000306525"><TermName>antimitotic agent</TermName><TermPronunciation>(AN-tee-my-TAH-tik AY-jent)</TermPronunciation><TermDefinition><DefinitionText>A type of drug that blocks cell growth by stopping mitosis (cell division). They are used to treat cancer. Also called mitotic inhibitor.</DefinitionText><Dictionary>Cancer.gov</Dictionary><Audience>Patient</Audience></TermDefinition><MediaLink ref="CDR0000711523" type="audio/mpeg" alt="Pronunciation of dictionary term &quot;antimitotic agent&quot;" language="en" id="_3"/><MediaLink ref="CDR0000711524" type="audio/mpeg" alt="Pronunciation of dictionary term &quot;antimitótico&quot;" language="es" id="_4"/><SpanishTermName>antimitótico</SpanishTermName><SpanishTermDefinition><DefinitionText>Tipo de medicamento que bloquea el crecimiento celular al impedir la mitosis (división celular). Los antimitóticos se usan para tratar el cáncer. También se llama inhibidor mitótico.</DefinitionText><Dictionary>Cancer.gov</Dictionary><Audience>Patient</Audience></SpanishTermDefinition><DateFirstPublished>2003-05-23</DateFirstPublished><DateLastModified>2007-05-08</DateLastModified></GlossaryTerm>
