<?xml version="1.0" encoding="utf-8"?>
<!DOCTYPE GlossaryTerm >
<GlossaryTerm id="CDR0000322877"><TermName>pheochromocytoma</TermName><TermPronunciation>(FEE-oh-KROH-moh-sy-TOH-muh)</TermPronunciation><TermDefinition><DefinitionText>Tumor that forms in the center of the adrenal gland (gland located above the kidney) that causes it to make too much adrenaline. Pheochromocytomas are usually benign (not cancer) but can cause high blood pressure, pounding headaches, heart palpitations, flushing of the face, nausea, and vomiting.</DefinitionText><Dictionary>Cancer.gov</Dictionary><Audience>Patient</Audience></TermDefinition><MediaLink ref="CDR0000711468" type="audio/mpeg" alt="Pronunciation of dictionary term &quot;pheochromocytoma&quot;" language="en" id="_3"/><MediaLink ref="CDR0000711469" type="audio/mpeg" alt="Pronunciation of dictionary term &quot;feocromocitoma&quot;" language="es" id="_4"/><SpanishTermName>feocromocitoma</SpanishTermName><SpanishTermDefinition><DefinitionText>Tumor que se forma en el centro de la glándula suprarrenal (glándula ubicada por encima del riñón) que hace que el cuerpo produzca demasiada adrenalina. Por lo general, los feocromocitomas son benignos (no cancerosos), pero pueden causar presión arterial alta, dolores de cabeza martilleantes, palpitaciones del corazón, enrojecimiento de la cara, náuseas y vómitos.</DefinitionText><Dictionary>Cancer.gov</Dictionary><Audience>Patient</Audience></SpanishTermDefinition><DateFirstPublished>2003-07-26</DateFirstPublished><DateLastModified>2009-03-20</DateLastModified></GlossaryTerm>
