<?xml version="1.0" encoding="utf-8"?>
<!DOCTYPE GlossaryTerm >
<GlossaryTerm id="CDR0000321376"><TermName>impotence</TermName><TermPronunciation>(IM-puh-tents)</TermPronunciation><TermDefinition><DefinitionText>In medicine, refers to the inability to have an erection of the penis adequate for sexual intercourse. Also called erectile dysfunction.</DefinitionText><Dictionary>Cancer.gov</Dictionary><Audience>Patient</Audience></TermDefinition><MediaLink ref="CDR0000731815" type="audio/mpeg" alt="Pronunciation of dictionary term &quot;impotence&quot;" language="en" id="_3"/><MediaLink ref="CDR0000731814" type="audio/mpeg" alt="Pronunciation of dictionary term &quot;impotencia&quot;" language="es" id="_4"/><SpanishTermName>impotencia</SpanishTermName><SpanishTermDefinition><DefinitionText>Incapacidad de lograr una erección del pene adecuada para el acto sexual. También se llama disfunción eréctil.</DefinitionText><Dictionary>Cancer.gov</Dictionary><Audience>Patient</Audience></SpanishTermDefinition><DateFirstPublished>2003-07-26</DateFirstPublished><DateLastModified>2003-09-12</DateLastModified></GlossaryTerm>
