<?xml version="1.0" encoding="utf-8"?>
<!DOCTYPE GlossaryTerm >
<GlossaryTerm id="CDR0000330199"><TermName>dock</TermName><TermPronunciation>(dok)</TermPronunciation><TermDefinition><DefinitionText>A plant that has been used in some cultures to treat certain medical problems. It may have anticancer effects. The scientific name is <ScientificName>Rumex acetosella</ScientificName>. Also called sheep sorrel and sorrel.</DefinitionText><Dictionary>Cancer.gov</Dictionary><Audience>Patient</Audience></TermDefinition><MediaLink ref="CDR0000731054" type="audio/mpeg" alt="Pronunciation of dictionary term &quot;dock&quot;" language="en" id="_3"/><MediaLink ref="CDR0000731055" type="audio/mpeg" alt="Pronunciation of dictionary term &quot;acederilla&quot;" language="es" id="_4"/><SpanishTermName>acederilla</SpanishTermName><SpanishTermDefinition><DefinitionText>Planta que se ha usado en algunas culturas para tratar ciertos problemas médicos. Podría tener efectos contra el cáncer. El nombre científico es <ScientificName>Rumex acetosella</ScientificName>. También se llama acedera de las ovejas y sorrel.</DefinitionText><Dictionary>Cancer.gov</Dictionary><Audience>Patient</Audience></SpanishTermDefinition><DateFirstPublished>2003-08-24</DateFirstPublished><DateLastModified>2008-01-10</DateLastModified></GlossaryTerm>
