<?xml version="1.0" encoding="utf-8"?>
<!DOCTYPE GlossaryTerm >
<GlossaryTerm id="CDR0000302452"><TermName>buspirone</TermName><TermPronunciation>(byoo-SPY-rone)</TermPronunciation><TermDefinition><DefinitionText>A drug that is used to treat certain anxiety disorders. It belongs to the family of drugs called antianxiety agents.</DefinitionText><Dictionary>Cancer.gov</Dictionary><Audience>Patient</Audience></TermDefinition><MediaLink ref="CDR0000710211" type="audio/mpeg" alt="Pronunciation of dictionary term &quot;buspirone&quot;" language="en" id="_3"/><MediaLink ref="CDR0000710212" type="audio/mpeg" alt="Pronunciation of dictionary term &quot;buspirona&quot;" language="es" id="_4"/><SpanishTermName>buspirona</SpanishTermName><SpanishTermDefinition><DefinitionText>Medicamento que se usa para tratar ciertos trastornos por ansiedad. Es un tipo de ansiolítico.</DefinitionText><Dictionary>Cancer.gov</Dictionary><Audience>Patient</Audience></SpanishTermDefinition><DateFirstPublished>2003-04-23</DateFirstPublished></GlossaryTerm>
