<?xml version="1.0" encoding="utf-8"?>
<!DOCTYPE GlossaryTerm >
<GlossaryTerm id="CDR0000322234"><TermName>ursodiol</TermName><TermPronunciation>(ur-soh-DY-ol)</TermPronunciation><TermDefinition><DefinitionText>A drug that is used to dissolve gallstones in people who can’t have surgery to remove them. It is also being studied in the prevention of colorectal cancer. Ursodiol belongs to the family of drugs called anticholelithics.</DefinitionText><Dictionary>Cancer.gov</Dictionary><Audience>Patient</Audience></TermDefinition><MediaLink ref="CDR0000711315" type="audio/mpeg" alt="Pronunciation of dictionary term &quot;ursodiol&quot;" language="en" id="_3"/><MediaLink ref="CDR0000711314" type="audio/mpeg" alt="Pronunciation of dictionary term &quot;ursodiol&quot;" language="es" id="_4"/><SpanishTermName>ursodiol</SpanishTermName><SpanishTermDefinition><DefinitionText>Medicamento usado para disolver los cálculos de la vesícula biliar de las personas que no pueden someterse a cirugía para sacarlos. También está en estudio para la prevención del cáncer colorrectal. Es un tipo de anticolelítico.</DefinitionText><Dictionary>Cancer.gov</Dictionary><Audience>Patient</Audience></SpanishTermDefinition><DateFirstPublished>2003-07-26</DateFirstPublished></GlossaryTerm>
