<?xml version="1.0" encoding="utf-8"?>
<!DOCTYPE GlossaryTerm >
<GlossaryTerm id="CDR0000304735"><TermName>nipple</TermName><TermPronunciation>(NIH-pul)</TermPronunciation><TermDefinition><DefinitionText>In anatomy, the small raised area in the center of the breast through which milk can flow to the outside.</DefinitionText><Dictionary>Cancer.gov</Dictionary><Audience>Patient</Audience></TermDefinition><MediaLink ref="CDR0000731720" type="audio/mpeg" alt="Pronunciation of dictionary term &quot;nipple&quot;" language="en" id="_3"/><MediaLink ref="CDR0000731721" type="audio/mpeg" alt="Pronunciation of dictionary term &quot;pezón&quot;" language="es" id="_4"/><MediaLink ref="CDR0000415520" type="image/jpeg" alt="Drawing of female breast anatomy showing  the lymph nodes, nipple, areola, chest wall, ribs, muscle, fatty tissue, lobe, ducts, and lobules." language="en" audience="Patients" thumb="Yes" id="_3"><Caption language="en">Anatomy of the female breast. The nipple and areola are shown on the outside of the breast. The lymph nodes, lobes, lobules, ducts, and other parts of the inside of the breast are also shown.</Caption></MediaLink><MediaLink ref="CDR0000694414" type="image/jpeg" alt="Anatomy of the male breast; drawing shows the nipple, areola, fatty tissue, ducts, nearby lymph nodes, ribs, and muscle." language="en" audience="Patients" thumb="Yes" id="_4"><Caption language="en">Male breast anatomy:  Anatomy of the male breast showing the nipple, areola, fatty tissue, and ducts.  Nearby lymph nodes, ribs, and muscle are also shown.</Caption></MediaLink><MediaLink ref="CDR0000710874" type="image/jpeg" alt="Dibujo de la anatomía de la mama femenina en el que se muestran los ganglios linfáticos, el pezón, la aréola, la pared torácica, las costillas, el músculo, el tejido graso, el lóbulo, los conductos y los lobulillos." language="es" audience="Patients" thumb="Yes" id="_5"><Caption language="es">Anatomía de la mama femenina. Se muestran el pezón y la aréola en la parte externa de la mama. También se muestran los ganglios linfáticos, los lóbulos, los lobulillos, los conductos y otras partes internas de la mama.</Caption></MediaLink><MediaLink ref="CDR0000710875" type="image/jpeg" alt="Anatomía de la mama masculina; el dibujo muestra el pezón, la aréola, el tejido graso, los conductos, los ganglios linfáticos cercanos, las costillas y el músculo." language="es" audience="Patients" thumb="Yes" id="_6"><Caption language="es">Anatomía de la mama masculina: anatomía de la mama masculina que muestra el pezón, la aréola, el tejido graso y los conductos. También se muestran los ganglios linfáticos cercanos, las costillas y el músculo.</Caption></MediaLink><SpanishTermName>pezón</SpanishTermName><SpanishTermDefinition><DefinitionText>En el campo de la anatomía, área levantada pequeña en el centro de la mama por la cual la leche puede fluir al exterior.</DefinitionText><Dictionary>Cancer.gov</Dictionary><Audience>Patient</Audience></SpanishTermDefinition><DateFirstPublished>2003-05-23</DateFirstPublished><DateLastModified>2014-10-28</DateLastModified></GlossaryTerm>
