<?xml version="1.0" encoding="utf-8"?>
<!DOCTYPE GlossaryTerm >
<GlossaryTerm id="CDR0000330110"><TermName>stage III childhood non-Hodgkin lymphoma</TermName><TermPronunciation>(... non-HOJ-kin lim-FOH-muh)</TermPronunciation><TermDefinition><DefinitionText>Cancer is found (1) in at least one area above the diaphragm (the thin muscle below the lungs that helps with breathing and separates the chest from the abdomen) and in at least one area below the diaphragm; or (2) to have started in the chest; or (3) to have started in the abdomen and spread throughout the abdomen, and cannot be completely removed by surgery; or (4) in the area around the spine.</DefinitionText><Dictionary>Cancer.gov</Dictionary><Audience>Patient</Audience></TermDefinition><MediaLink ref="CDR0000711576" type="audio/mpeg" alt="Pronunciation of dictionary term &quot;stage III childhood non-Hodgkin lymphoma&quot;" language="en" id="_3"/><MediaLink ref="CDR0000711577" type="audio/mpeg" alt="Pronunciation of dictionary term &quot;linfoma no Hodgkin infantil en estadio III&quot;" language="es" id="_4"/><MediaLink ref="CDR0000633819" type="image/jpeg" alt="Stage III childhood non-Hodgkin lymphoma; drawing shows cancer in lymph node groups above and below the diaphragm, in the chest, and throughout the abdomen in the liver, spleen, small intestines, and appendix. The colon is also shown. An inset shows a lymph node with a lymph vessel, an artery, and a vein. Lymphoma cells containing cancer are shown in the lymph node." language="en" audience="Patients" thumb="Yes" id="_3"><Caption language="en">Stage III childhood non-Hodgkin lymphoma. Cancer is found in at least one area above and below the diaphragm (a); or cancer started in the chest (b); or cancer started in the abdomen and spread throughout the abdomen (c); or in the area around the spine (not shown).</Caption></MediaLink><MediaLink ref="CDR0000650477" type="image/jpeg" alt="Linfoma no Hodgkin infantil en estadio III; la imagen muestra el cáncer en grupos de ganglios linfáticos por encima y debajo del diafragma, en el pecho y, por todo el abdomen, en el hígado, el bazo, el intestino delgado y el apéndice. También se observa el colon. En el recuadro se observa un ganglio linfático con un vaso linfático, una arteria y una vena. En el ganglio linfático se observan las células de linfoma (cancerosas)." language="es" audience="Patients" thumb="Yes" id="_4"><Caption language="es">Linfoma no Hodgkin infantil en estadio III. El cáncer se encuentra en por lo menos un área por encima y debajo del diafragma (a); o el cáncer empezó en el pecho (b); o el cáncer empezó en el abdomen y se diseminó por todo el abdomen (c); o está en el área alrededor del espinazo (que no se muestra).</Caption></MediaLink><SpanishTermName>linfoma no Hodgkin infantil en estadio III</SpanishTermName><SpanishTermDefinition><DefinitionText>En el estadio III, el cáncer se encuentra

en: 1) por lo menos un área por encima del diafragma (el músculo delgado debajo de los pulmones que ayuda a respirar y separa el tórax del abdomen) y en por lo menos un área debajo del diafragma; o 
2) comenzó en el pecho; o 
3) comenzó en el abdomen y se diseminó por todo el abdomen, y no se puede extirpar completamente mediante cirugía; o 
4) el área que rodea la columna vertebral. 
</DefinitionText><Dictionary>Cancer.gov</Dictionary><Audience>Patient</Audience></SpanishTermDefinition><DateFirstPublished>2003-08-24</DateFirstPublished><DateLastModified>2009-08-06</DateLastModified></GlossaryTerm>
