<?xml version="1.0" encoding="utf-8"?>
<!DOCTYPE GlossaryTerm >
<GlossaryTerm id="CDR0000335101"><TermName>objective improvement</TermName><TermPronunciation>(ub-JEK-tiv im-PROOV-ment)</TermPronunciation><TermDefinition><DefinitionText>An improvement that can be measured by the health care provider (for example, when a tumor shrinks or there are fewer cancer cells in the blood).</DefinitionText><Dictionary>Cancer.gov</Dictionary><Audience>Patient</Audience></TermDefinition><MediaLink ref="CDR0000731557" type="audio/mpeg" alt="Pronunciation of dictionary term &quot;objective improvement&quot;" language="en" id="_3"/><MediaLink ref="CDR0000731556" type="audio/mpeg" alt="Pronunciation of dictionary term &quot;mejoría objetiva&quot;" language="es" id="_4"/><SpanishTermName>mejoría objetiva</SpanishTermName><SpanishTermDefinition><DefinitionText>Mejoría que un profesional médico puede medir (por ejemplo, cuando un tumor se hace más chico o cuando hay menos células cancerosas en la sangre).</DefinitionText><Dictionary>Cancer.gov</Dictionary><Audience>Patient</Audience></SpanishTermDefinition><DateFirstPublished>2003-09-24</DateFirstPublished><DateLastModified>2005-01-18</DateLastModified></GlossaryTerm>
