<?xml version="1.0" encoding="utf-8"?>
<!DOCTYPE GlossaryTerm >
<GlossaryTerm id="CDR0000335074"><TermName>Klatskin tumor</TermName><TermPronunciation>(KLAT-skin TOO-mer)</TermPronunciation><TermDefinition><DefinitionText>Cancer that develops in cells that line the bile ducts in the liver, where the right and left ducts meet. It is a type of cholangiocarcinoma.</DefinitionText><Dictionary>Cancer.gov</Dictionary><Audience>Patient</Audience></TermDefinition><MediaLink ref="CDR0000731538" type="audio/mpeg" alt="Pronunciation of dictionary term &quot;Klatskin tumor&quot;" language="en" id="_3"/><MediaLink ref="CDR0000731539" type="audio/mpeg" alt="Pronunciation of dictionary term &quot;tumor de Klatskin&quot;" language="es" id="_4"/><MediaLink ref="CDR0000742477" type="image/jpeg" alt="Klatskin tumor; drawing shows cancer in the common hepatic duct, the area where the right and left hepatic duct meet. Also shown are the liver and gallbladder." language="en" audience="Patients" thumb="Yes" id="_3"><Caption language="en">Klatskin tumor. A tumor that forms in the common hepatic duct, the area where the right and left hepatic duct meet. </Caption></MediaLink><MediaLink ref="CDR0000751404" type="image/jpeg" alt="Tumor de Klatskin; el dibujo muestra cáncer en el conducto hepático común, el área donde el conducto hepático derecho e izquierdo se unen. También se muestran el hígado y la vesícula biliar." language="es" audience="Patients" thumb="Yes" id="_4"><Caption language="es">Tumor de Klatskin. Un tumor que se forma en el conducto hepático común, el área donde el conducto hepático derecho e izquierdo se unen. </Caption></MediaLink><SpanishTermName>tumor de Klatskin</SpanishTermName><SpanishTermDefinition><DefinitionText>Cáncer que se presenta en las células que revisten los conductos colédocos del hígado, en el punto de unión de los conductos derecho e izquierdo. Es un tipo de colangiocarcinoma.</DefinitionText><Dictionary>Cancer.gov</Dictionary><Audience>Patient</Audience></SpanishTermDefinition><DateFirstPublished>2003-09-24</DateFirstPublished><DateLastModified>2013-08-08</DateLastModified></GlossaryTerm>
