<?xml version="1.0" encoding="utf-8"?>
<!DOCTYPE GlossaryTerm >
<GlossaryTerm id="CDR0000322881"><TermName>randomization</TermName><TermPronunciation>(RAN-duh-mih-ZAY-shun)</TermPronunciation><TermDefinition><DefinitionText>When referring to an experiment or clinical trial, the process by which animal or human subjects are assigned by chance to separate groups that compare different treatments or other interventions. Randomization gives each participant an equal chance of being assigned to any of the groups.</DefinitionText><Dictionary>Cancer.gov</Dictionary><Audience>Patient</Audience></TermDefinition><MediaLink ref="CDR0000711476" type="audio/mpeg" alt="Pronunciation of dictionary term &quot;randomization&quot;" language="en" id="_3"/><MediaLink ref="CDR0000711477" type="audio/mpeg" alt="Pronunciation of dictionary term &quot;distribución al azar&quot;" language="es" id="_4"/><SpanishTermName>distribución al azar</SpanishTermName><SpanishTermDefinition><DefinitionText>Cuando se refiere a un experimento o estudio clínico, es el proceso mediante el que se asigna al azar a distintos grupos, a los sujetos animales o humanos para comparar distintos tratamientos u otras intervenciones. La distribución al azar le da a cada participante la misma probabilidad de ser asignado a cualquiera de los grupos.</DefinitionText><Dictionary>Cancer.gov</Dictionary><Audience>Patient</Audience></SpanishTermDefinition><DateFirstPublished>2003-07-26</DateFirstPublished><DateLastModified>2004-06-02</DateLastModified></GlossaryTerm>
