<?xml version="1.0" encoding="utf-8"?>
<!DOCTYPE GlossaryTerm >
<GlossaryTerm id="CDR0000302462"><TermName>OGX-011</TermName><TermDefinition><DefinitionText>A substance being studied in the treatment of cancer. It blocks the production of a protein called clusterin, which helps cells live longer. This may kill cancer cells that need clusterin to grow. It may also make cells more sensitive to anticancer drugs. It is a type of antisense oligonucleotide,  and a type of chemosensitizing agent.  Also called custirsen sodium.</DefinitionText><Dictionary>Cancer.gov</Dictionary><Audience>Patient</Audience></TermDefinition><SpanishTermName>OGX-011</SpanishTermName><SpanishTermDefinition><DefinitionText>Sustancia en estudio para el tratamiento de cáncer. Bloquea la producción de una proteína que se llama  clusterina y que ayuda a que las células vivan más tiempo.   Podría destruir las células cancerosas que necesitan la clusterina para crecer.   También puede hacer que las células sean más sensible a los medicamentos contra el cáncer.   Es un tipo de oligonucleótido antisentido y un tipo de quimiosensibilizador. También se llama custirsén sódico.</DefinitionText><Dictionary>Cancer.gov</Dictionary><Audience>Patient</Audience></SpanishTermDefinition><DateFirstPublished>2003-04-23</DateFirstPublished><DateLastModified>2009-11-20</DateLastModified></GlossaryTerm>
