<?xml version="1.0" encoding="utf-8"?>
<!DOCTYPE GlossaryTerm >
<GlossaryTerm id="CDR0000330160"><TermName>arctigenin</TermName><TermPronunciation>(ARK-tih-JEH-nin)</TermPronunciation><TermDefinition><DefinitionText>A substance found in certain plants, including burdock. It has shown antiviral and anticancer effects. Arctigenin belongs to a group of substances called lignans.</DefinitionText><Dictionary>Cancer.gov</Dictionary><Audience>Patient</Audience></TermDefinition><MediaLink ref="CDR0000731006" type="audio/mpeg" alt="Pronunciation of dictionary term &quot;arctigenin&quot;" language="en" id="_3"/><MediaLink ref="CDR0000731007" type="audio/mpeg" alt="Pronunciation of dictionary term &quot;arctigenina&quot;" language="es" id="_4"/><SpanishTermName>arctigenina</SpanishTermName><SpanishTermDefinition><DefinitionText>Sustancia que se encuentra en ciertas plantas, incluso la bardana. Ha mostrado tener efectos contra los virus y contra el cáncer. La arctigenina es un tipo de lignano.</DefinitionText><Dictionary>Cancer.gov</Dictionary><Audience>Patient</Audience></SpanishTermDefinition><DateFirstPublished>2003-08-24</DateFirstPublished></GlossaryTerm>
