<?xml version="1.0" encoding="utf-8"?>
<!DOCTYPE GlossaryTerm >
<GlossaryTerm id="CDR0000304745"><TermName>ultrasound-guided biopsy</TermName><TermPronunciation>(UL-truh-sownd-GY-ded BY-op-see)</TermPronunciation><TermDefinition><DefinitionText>A biopsy procedure that uses an ultrasound imaging device to find an abnormal area of tissue and guide its removal for examination under a microscope.</DefinitionText><Dictionary>Cancer.gov</Dictionary><Audience>Patient</Audience></TermDefinition><MediaLink ref="CDR0000710227" type="audio/mpeg" alt="Pronunciation of dictionary term &quot;ultrasound-guided biopsy&quot;" language="en" id="_3"/><MediaLink ref="CDR0000710228" type="audio/mpeg" alt="Pronunciation of dictionary term &quot;biopsia guiada por ecografía&quot;" language="es" id="_4"/><SpanishTermName>biopsia guiada por ecografía</SpanishTermName><SpanishTermDefinition><DefinitionText>Procedimiento para hacer una biopsia en el que se usa un aparato de imaginología ecográfica para encontrar un área de tejido y guiar su extracción para examinarlo bajo un microscopio.</DefinitionText><Dictionary>Cancer.gov</Dictionary><Audience>Patient</Audience></SpanishTermDefinition><DateFirstPublished>2003-05-23</DateFirstPublished></GlossaryTerm>
