<?xml version="1.0" encoding="utf-8"?>
<!DOCTYPE GlossaryTerm >
<GlossaryTerm id="CDR0000322872"><TermName>partial oophorectomy</TermName><TermPronunciation>(PAR-shul oh-oh-foh-REK-toh-mee)</TermPronunciation><TermDefinition><DefinitionText>Surgery to remove part of one ovary or part of both ovaries.</DefinitionText><Dictionary>Cancer.gov</Dictionary><Audience>Patient</Audience></TermDefinition><MediaLink ref="CDR0000711458" type="audio/mpeg" alt="Pronunciation of dictionary term &quot;partial oophorectomy&quot;" language="en" id="_3"/><MediaLink ref="CDR0000711459" type="audio/mpeg" alt="Pronunciation of dictionary term &quot;ooforectomía parcial&quot;" language="es" id="_4"/><SpanishTermName>ooforectomía parcial</SpanishTermName><SpanishTermDefinition><DefinitionText>Cirugía para extraer parte de un ovario o parte de ambos ovarios.</DefinitionText><Dictionary>Cancer.gov</Dictionary><Audience>Patient</Audience></SpanishTermDefinition><DateFirstPublished>2003-07-26</DateFirstPublished><DateLastModified>2006-10-01</DateLastModified></GlossaryTerm>
