<?xml version="1.0" encoding="utf-8"?>
<!DOCTYPE GlossaryTerm >
<GlossaryTerm id="CDR0000321358"><TermName>rattlesnake root</TermName><TermPronunciation>(RA-til-SNAYK root)</TermPronunciation><TermDefinition><DefinitionText>An eastern North American perennial herb. A substance obtained from the root of the plant has been used in some cultures to treat a number of medical problems. It is being studied in the treatment of hot flashes and other symptoms of menopause. The scientific name is <ScientificName>Cimicifuga racemosa.</ScientificName> Also called black cohosh, black snakeroot, bugbane,  and bugwort.</DefinitionText><Dictionary>Cancer.gov</Dictionary><Audience>Patient</Audience></TermDefinition><MediaLink ref="CDR0000731805" type="audio/mpeg" alt="Pronunciation of dictionary term &quot;rattlesnake root&quot;" language="en" id="_3"/><MediaLink ref="CDR0000731804" type="audio/mpeg" alt="Pronunciation of dictionary term &quot;raíz de serpiente de cascabel&quot;" language="es" id="_4"/><SpanishTermName>raíz de serpiente de cascabel</SpanishTermName><SpanishTermDefinition><DefinitionText>Hierba perenne del este de América del Norte. Una sustancia obtenida de la raíz de la planta se ha usado en algunas culturas para tratar una cantidad de problemas médicos. Está en estudio para el tratamiento de los sofocos y otros síntomas de la menopausia. El nombre científico es <ScientificName>Cimicifuga racemosa</ScientificName>. También se llama bugane, bugbane, hierba sonajero,  y serpentaria negra.</DefinitionText><Dictionary>Cancer.gov</Dictionary><Audience>Patient</Audience></SpanishTermDefinition><DateFirstPublished>2003-07-26</DateFirstPublished><DateLastModified>2008-01-10</DateLastModified></GlossaryTerm>
