<?xml version="1.0" encoding="utf-8"?>
<!DOCTYPE GlossaryTerm >
<GlossaryTerm id="CDR0000302458"><TermName>gastroesophageal junction</TermName><TermPronunciation>(GAS-troh-ee-SAH-fuh-JEE-ul JUNK-shun)</TermPronunciation><TermDefinition><DefinitionText>The place where the esophagus is connected to the stomach.</DefinitionText><Dictionary>Cancer.gov</Dictionary><Audience>Patient</Audience></TermDefinition><MediaLink ref="CDR0000731633" type="audio/mpeg" alt="Pronunciation of dictionary term &quot;gastroesophageal junction&quot;" language="en" id="_3"/><MediaLink ref="CDR0000731632" type="audio/mpeg" alt="Pronunciation of dictionary term &quot;unión gastroesofágica&quot;" language="es" id="_4"/><SpanishTermName>unión gastroesofágica</SpanishTermName><SpanishTermDefinition><DefinitionText>Lugar donde el esófago se conecta con el estómago.</DefinitionText><Dictionary>Cancer.gov</Dictionary><Audience>Patient</Audience></SpanishTermDefinition><DateFirstPublished>2003-04-23</DateFirstPublished></GlossaryTerm>
