<?xml version="1.0" encoding="utf-8"?>
<!DOCTYPE GlossaryTerm >
<GlossaryTerm id="CDR0000322859"><TermName>loop electrosurgical excision procedure</TermName><TermPronunciation>(loop ee-LEK-troh-SER-jih-kul ek-SIH-zhun proh-SEE-jer)</TermPronunciation><TermDefinition><DefinitionText>A technique that uses electric current passed through a thin wire loop to remove abnormal tissue. Also called LEEP and loop excision.</DefinitionText><Dictionary>Cancer.gov</Dictionary><Audience>Patient</Audience></TermDefinition><MediaLink ref="CDR0000711439" type="audio/mpeg" alt="Pronunciation of dictionary term &quot;loop electrosurgical excision procedure&quot;" language="en" id="_3"/><MediaLink ref="CDR0000711438" type="audio/mpeg" alt="Pronunciation of dictionary term &quot;procedimiento de escisión electroquirúrgica con asa&quot;" language="es" id="_4"/><SpanishTermName>procedimiento de escisión electroquirúrgica con asa</SpanishTermName><SpanishTermDefinition><DefinitionText>Técnica para la que se usa una corriente eléctrica que pasa por un alambre delgado en forma de bucle para extirpar tejido anormal. También se llama escisión con asa y PEEA.</DefinitionText><Dictionary>Cancer.gov</Dictionary><Audience>Patient</Audience></SpanishTermDefinition><DateFirstPublished>2003-07-26</DateFirstPublished><DateLastModified>2007-02-01</DateLastModified></GlossaryTerm>
