<?xml version="1.0" encoding="utf-8"?>
<!DOCTYPE GlossaryTerm >
<GlossaryTerm id="CDR0000335081"><TermName>cytology</TermName><TermPronunciation>(sy-TAH-loh-jee)</TermPronunciation><TermDefinition><DefinitionText>The study of cells using a microscope.</DefinitionText><Dictionary>Cancer.gov</Dictionary><Audience>Patient</Audience></TermDefinition><MediaLink ref="CDR0000711375" type="audio/mpeg" alt="Pronunciation of dictionary term &quot;cytology&quot;" language="en" id="_3"/><MediaLink ref="CDR0000711374" type="audio/mpeg" alt="Pronunciation of dictionary term &quot;citología&quot;" language="es" id="_4"/><SpanishTermName>citología</SpanishTermName><SpanishTermDefinition><DefinitionText>Estudio de las células mediante un microscopio.</DefinitionText><Dictionary>Cancer.gov</Dictionary><Audience>Patient</Audience></SpanishTermDefinition><DateFirstPublished>2003-09-24</DateFirstPublished><DateLastModified>2007-03-15</DateLastModified></GlossaryTerm>
