<?xml version="1.0" encoding="utf-8"?>
<!DOCTYPE GlossaryTerm >
<GlossaryTerm id="CDR0000335072"><TermName>immunoassay</TermName><TermPronunciation>(IH-myoo-noh-A-say)</TermPronunciation><TermDefinition><DefinitionText>A test that uses the binding of antibodies to antigens to identify and measure certain substances. Immunoassays may be used to diagnose disease. Also, test results can provide information about a disease that may help in planning treatment (for example, when estrogen receptors are measured in breast cancer).</DefinitionText><Dictionary>Cancer.gov</Dictionary><Audience>Patient</Audience></TermDefinition><MediaLink ref="CDR0000711362" type="audio/mpeg" alt="Pronunciation of dictionary term &quot;immunoassay&quot;" language="en" id="_3"/><MediaLink ref="CDR0000711363" type="audio/mpeg" alt="Pronunciation of dictionary term &quot;inmunoensayo&quot;" language="es" id="_4"/><SpanishTermName>inmunoensayo</SpanishTermName><SpanishTermDefinition><DefinitionText>Prueba que usa la unión de los anticuerpos a los antígenos para identificar y medir ciertas sustancias. Los inmunoensayos se pueden usar para diagnosticar una enfermedad. Asimismo, los resultados de la prueba pueden dar información acerca de una enfermedad y ayudar a planificar el tratamiento (por ejemplo, cuando se miden los receptores del estrógeno en el caso de cáncer de la mama [seno]).</DefinitionText><Dictionary>Cancer.gov</Dictionary><Audience>Patient</Audience></SpanishTermDefinition><DateFirstPublished>2003-09-24</DateFirstPublished></GlossaryTerm>
