<?xml version="1.0" encoding="utf-8"?>
<!DOCTYPE GlossaryTerm >
<GlossaryTerm id="CDR0000306495"><TermName>chemoradiation</TermName><TermPronunciation>(KEE-moh-RAY-dee-AY-shun)</TermPronunciation><TermDefinition><DefinitionText>Treatment that combines chemotherapy with radiation therapy. Also called chemoradiotherapy.</DefinitionText><Dictionary>Cancer.gov</Dictionary><Audience>Patient</Audience></TermDefinition><MediaLink ref="CDR0000710217" type="audio/mpeg" alt="Pronunciation of dictionary term &quot;chemoradiation&quot;" language="en" id="_3"/><MediaLink ref="CDR0000710218" type="audio/mpeg" alt="Pronunciation of dictionary term &quot;quimiorradiación&quot;" language="es" id="_4"/><SpanishTermName>quimiorradiación</SpanishTermName><SpanishTermDefinition><DefinitionText>Tratamiento que combina la quimioterapia con la radioterapia. También se llama quimiorradioterapia.</DefinitionText><Dictionary>Cancer.gov</Dictionary><Audience>Patient</Audience></SpanishTermDefinition><DateFirstPublished>2003-05-23</DateFirstPublished><DateLastModified>2006-09-28</DateLastModified></GlossaryTerm>
