<?xml version="1.0" encoding="utf-8"?>
<!DOCTYPE GlossaryTerm >
<GlossaryTerm id="CDR0000321367"><TermName>desmoplastic melanoma</TermName><TermPronunciation>(DES-moh-PLAS-tik MEH-luh-NOH-muh)</TermPronunciation><TermDefinition><DefinitionText>A rare form of malignant melanoma marked by nonpigmented lesions on sun-exposed areas of the body, most commonly on the head and neck.</DefinitionText><Dictionary>Cancer.gov</Dictionary><Audience>Patient</Audience></TermDefinition><MediaLink ref="CDR0000711513" type="audio/mpeg" alt="Pronunciation of dictionary term &quot;desmoplastic melanoma&quot;" language="en" id="_3"/><MediaLink ref="CDR0000711514" type="audio/mpeg" alt="Pronunciation of dictionary term &quot;melanoma desmoplásico&quot;" language="es" id="_4"/><SpanishTermName>melanoma desmoplásico</SpanishTermName><SpanishTermDefinition><DefinitionText>Forma poco frecuente de melanoma maligno caracterizado por lesiones sin pigmentos en las áreas del cuerpo expuestas al sol; con mayor frecuencia en la cabeza y el cuello.</DefinitionText><Dictionary>Cancer.gov</Dictionary><Audience>Patient</Audience></SpanishTermDefinition><DateFirstPublished>2003-07-26</DateFirstPublished></GlossaryTerm>
