<?xml version="1.0" encoding="utf-8"?>
<!DOCTYPE GlossaryTerm >
<GlossaryTerm id="CDR0000304689"><TermName>Beckwith-Wiedemann syndrome</TermName><TermPronunciation>(BEK-with-VEE-deh-mahn SIN-drome)</TermPronunciation><TermDefinition><DefinitionText>A rare, overgrowth disorder in which babies are large at birth and may develop low blood sugar. Other common symptoms are a large tongue, large internal organs, and defects of the abdominal wall near the navel. Beckwith-Wiedemann syndrome increases the risk of developing certain cancers, especially Wilms tumor.</DefinitionText><Dictionary>Cancer.gov</Dictionary><Audience>Patient</Audience></TermDefinition><MediaLink ref="CDR0000710302" type="audio/mpeg" alt="Pronunciation of dictionary term &quot;Beckwith-Wiedemann syndrome&quot;" language="en" id="_3"/><MediaLink ref="CDR0000710301" type="audio/mpeg" alt="Pronunciation of dictionary term &quot;síndrome de Beckwith-Wiedemann&quot;" language="es" id="_4"/><SpanishTermName>síndrome de Beckwith-Wiedemann</SpanishTermName><SpanishTermDefinition><DefinitionText>Trastorno poco común del crecimiento por el cual los bebés son grandes al nacer y pueden desarrollar una disminución del azúcar en la sangre. Otros síntomas comunes son una lengua grande, órganos internos grandes y defectos de la pared abdominal cerca del ombligo. El síndrome de Beckwith-Wiedemann aumenta el riesgo de padecer de ciertos cánceres, especialmente el tumor de Wilms.</DefinitionText><Dictionary>Cancer.gov</Dictionary><Audience>Patient</Audience></SpanishTermDefinition><DateFirstPublished>2003-05-23</DateFirstPublished><DateLastModified>2007-10-18</DateLastModified></GlossaryTerm>
