<?xml version="1.0" encoding="utf-8"?>
<!DOCTYPE GlossaryTerm >
<GlossaryTerm id="CDR0000306534"><TermName>SPECT</TermName><TermDefinition><DefinitionText>A special type of computed tomography (CT) scan in which a small amount of a radioactive drug is injected into a vein and a scanner is used to make detailed images of areas inside the body where the radioactive material is taken up by the cells. SPECT can give information about blood flow to tissues and chemical reactions (metabolism) in the body. Also called single-photon emission computed tomography.</DefinitionText><Dictionary>Cancer.gov</Dictionary><Audience>Patient</Audience></TermDefinition><MediaLink ref="CDR0000734659" type="audio/mpeg" alt="Pronunciation of dictionary term &quot;SPECT&quot;" language="en" id="_3"/><SpanishTermName>TCEFU</SpanishTermName><SpanishTermDefinition><DefinitionText>Tipo especial de tomografía computarizada (TC) para la que se inyecta una cantidad pequeña de un medicamento radiactivo en una vena y luego se usa un escáner para obtener imágenes detalladas de la áreas donde las células absorbieron el material radiactivo. La TCEFU puede proporcionar información sobre el flujo de la sangre a los tejidos y sobre las reacciones químicas (metabolismo) del cuerpo. También se llama tomografía computarizada por emisión de fotón único.</DefinitionText><Dictionary>Cancer.gov</Dictionary><Audience>Patient</Audience></SpanishTermDefinition><DateFirstPublished>2003-05-23</DateFirstPublished><DateLastModified>2008-01-16</DateLastModified></GlossaryTerm>
