<?xml version="1.0" encoding="utf-8"?>
<!DOCTYPE GlossaryTerm >
<GlossaryTerm id="CDR0000306514"><TermName>retrovirus</TermName><TermPronunciation>(REH-troh-VY-rus)</TermPronunciation><TermDefinition><DefinitionText>A type of virus that has RNA instead of DNA as its genetic material. It uses an enzyme called reverse transcriptase to become part of the host cells’ DNA. This allows many copies of the virus to be made in the host cells. The virus that causes AIDS, the human immunodeficiency virus (HIV), is a type of retrovirus.</DefinitionText><Dictionary>Cancer.gov</Dictionary><Audience>Patient</Audience></TermDefinition><MediaLink ref="CDR0000711506" type="audio/mpeg" alt="Pronunciation of dictionary term &quot;retrovirus&quot;" language="en" id="_3"/><MediaLink ref="CDR0000711505" type="audio/mpeg" alt="Pronunciation of dictionary term &quot;retrovirus&quot;" language="es" id="_4"/><SpanishTermName>retrovirus</SpanishTermName><SpanishTermDefinition><DefinitionText>Tipo de virus que contiene ARN en lugar de ADN como material genético. Usa una enzima llamada transcriptasa inversa para convertirse en parte del ADN de las células anfitrionas. Esto permite que se hagan muchas copias del virus en las células anfitrionas. El virus que causa el SIDA, virus de la inmunodeficiencia humana (VIH), es un tipo de retrovirus.</DefinitionText><Dictionary>Cancer.gov</Dictionary><Audience>Patient</Audience></SpanishTermDefinition><DateFirstPublished>2003-05-23</DateFirstPublished><DateLastModified>2007-03-08</DateLastModified></GlossaryTerm>
