<?xml version="1.0" encoding="utf-8"?>
<!DOCTYPE GlossaryTerm >
<GlossaryTerm id="CDR0000321357"><TermName>black snakeroot</TermName><TermPronunciation>(blak SNAYK-root)</TermPronunciation><TermDefinition><DefinitionText>An eastern North American perennial herb. A substance obtained from the root of the plant has been used in some cultures to treat a number of medical problems. It is being studied in the treatment of hot flashes and other symptoms of menopause. The scientific name is <ScientificName>Cimicifuga racemosa.</ScientificName> Also called black cohosh, bugbane, bugwort,  and rattlesnake root.</DefinitionText><Dictionary>Cancer.gov</Dictionary><Audience>Patient</Audience></TermDefinition><MediaLink ref="CDR0000731803" type="audio/mpeg" alt="Pronunciation of dictionary term &quot;black snakeroot&quot;" language="en" id="_3"/><MediaLink ref="CDR0000731802" type="audio/mpeg" alt="Pronunciation of dictionary term &quot;serpentaria negra&quot;" language="es" id="_4"/><SpanishTermName>serpentaria negra</SpanishTermName><SpanishTermDefinition><DefinitionText>Hierba perenne del este de América del Norte. Una sustancia obtenida de la raíz de la planta se ha usado en algunas culturas para tratar una cantidad de problemas médicos. Está en estudio para el tratamiento de los sofocos y otros síntomas de la menopausia. El nombre científico es <ScientificName>Cimicifuga racemosa</ScientificName>. También se llama bugane, bugbane, hierba sonajero,  y raíz de serpiente de cascabel.</DefinitionText><Dictionary>Cancer.gov</Dictionary><Audience>Patient</Audience></SpanishTermDefinition><DateFirstPublished>2003-07-26</DateFirstPublished><DateLastModified>2008-01-10</DateLastModified></GlossaryTerm>
