<?xml version="1.0" encoding="utf-8"?>
<!DOCTYPE GlossaryTerm >
<GlossaryTerm id="CDR0000318820"><TermName>orchidectomy</TermName><TermPronunciation>(or-kih-DEK-toh-mee)</TermPronunciation><TermDefinition><DefinitionText>Surgery to remove one or both testicles. Also called orchiectomy.</DefinitionText><Dictionary>Cancer.gov</Dictionary><Audience>Patient</Audience></TermDefinition><MediaLink ref="CDR0000711538" type="audio/mpeg" alt="Pronunciation of dictionary term &quot;orchidectomy&quot;" language="en" id="_3"/><MediaLink ref="CDR0000711537" type="audio/mpeg" alt="Pronunciation of dictionary term &quot;orquidectomía&quot;" language="es" id="_4"/><SpanishTermName>orquidectomía</SpanishTermName><SpanishTermDefinition><DefinitionText>Cirugía para extraer un testículo o ambos. También se llama orquiectomía.</DefinitionText><Dictionary>Cancer.gov</Dictionary><Audience>Patient</Audience></SpanishTermDefinition><DateFirstPublished>2003-07-26</DateFirstPublished><DateLastModified>2006-10-03</DateLastModified></GlossaryTerm>
