<?xml version="1.0" encoding="utf-8"?>
<!DOCTYPE GlossaryTerm >
<GlossaryTerm id="CDR0000321386"><TermName>pomegranate</TermName><TermPronunciation>(PAH-meh-GRA-nut)</TermPronunciation><TermDefinition><DefinitionText>A subtropical shrub or tree. Juice from the fruit may contain substances that decrease or slow the rise of prostate-specific antigen (PSA) levels. It is being studied for its ability to delay or prevent recurrent prostate cancer. The scientific name is <ScientificName>Punica granatum</ScientificName>.</DefinitionText><Dictionary>Cancer.gov</Dictionary><Audience>Patient</Audience></TermDefinition><MediaLink ref="CDR0000731822" type="audio/mpeg" alt="Pronunciation of dictionary term &quot;pomegranate&quot;" language="en" id="_3"/><MediaLink ref="CDR0000731823" type="audio/mpeg" alt="Pronunciation of dictionary term &quot;granada&quot;" language="es" id="_4"/><SpanishTermName>granada</SpanishTermName><SpanishTermDefinition><DefinitionText>Arbusto o árbol subtropical. El jugo de la fruta podría contener sustancias que disminuyen o demoran el aumento de la concentración del antígeno prostático específico (PSA, por sus siglas en inglés). Está en estudio por su capacidad de demorar o prevenir el cáncer de próstata recurrente. El nombre científico es <ScientificName>Punica granatum</ScientificName>.</DefinitionText><Dictionary>Cancer.gov</Dictionary><Audience>Patient</Audience></SpanishTermDefinition><DateFirstPublished>2003-07-26</DateFirstPublished><DateLastModified>2008-01-10</DateLastModified></GlossaryTerm>
