<?xml version="1.0" encoding="utf-8"?>
<!DOCTYPE GlossaryTerm >
<GlossaryTerm id="CDR0000330188"><TermName>holy thistle</TermName><TermPronunciation>(... THIH-sul)</TermPronunciation><TermDefinition><DefinitionText>A plant whose leaves, stems, and flowers have been used in some cultures to treat certain medical problems. Holy thistle may have anti-inflammatory and anticancer effects. The scientific name is <ScientificName>Cnicus benedictus</ScientificName>. Also called blessed thistle, cardin, spotted thistle,  and St. Benedict's thistle.</DefinitionText><Dictionary>Cancer.gov</Dictionary><Audience>Patient</Audience></TermDefinition><MediaLink ref="CDR0000711666" type="audio/mpeg" alt="Pronunciation of dictionary term &quot;holy thistle&quot;" language="en" id="_3"/><MediaLink ref="CDR0000711667" type="audio/mpeg" alt="Pronunciation of dictionary term &quot;cardo santo&quot;" language="es" id="_4"/><SpanishTermName>cardo santo</SpanishTermName><SpanishTermDefinition><DefinitionText>Planta cuyas hojas, tallos y flores se han usado en algunas culturas para tratar ciertos problemas médicos. El cardo santo podría tener efectos antiinflamatorios y anticancerosos. El nombre científico es <ScientificName>Cnicus benedictus</ScientificName>. También se llama cardín, cardo bendito, cardo de San Benito,  y cardo manchado.</DefinitionText><Dictionary>Cancer.gov</Dictionary><Audience>Patient</Audience></SpanishTermDefinition><DateFirstPublished>2003-08-24</DateFirstPublished><DateLastModified>2007-11-08</DateLastModified></GlossaryTerm>
