<?xml version="1.0" encoding="utf-8"?>
<!DOCTYPE GlossaryTerm >
<GlossaryTerm id="CDR0000305990"><TermName>estradiol</TermName><TermPronunciation>(es-truh-DY-ol)</TermPronunciation><TermDefinition><DefinitionText>A form of the hormone estrogen.</DefinitionText><Dictionary>Cancer.gov</Dictionary><Audience>Patient</Audience></TermDefinition><MediaLink ref="CDR0000710178" type="audio/mpeg" alt="Pronunciation of dictionary term &quot;estradiol&quot;" language="en" id="_3"/><MediaLink ref="CDR0000710177" type="audio/mpeg" alt="Pronunciation of dictionary term &quot;estradiol&quot;" language="es" id="_4"/><SpanishTermName>estradiol</SpanishTermName><SpanishTermDefinition><DefinitionText>Forma del estrógeno hormonal.</DefinitionText><Dictionary>Cancer.gov</Dictionary><Audience>Patient</Audience></SpanishTermDefinition><DateFirstPublished>2003-05-23</DateFirstPublished><DateLastModified>2007-03-12</DateLastModified></GlossaryTerm>
