<?xml version="1.0" encoding="utf-8"?>
<!DOCTYPE GlossaryTerm >
<GlossaryTerm id="CDR0000321380"><TermName>Morinda citrifolia</TermName><TermPronunciation>(moh-RIN-duh sih-trih-FOH-lee-uh)</TermPronunciation><TermDefinition><DefinitionText>A tropical shrub. An extract from the fruit is being studied as a treatment for cancer, and extracts from the fruit, leaves, or roots have been used in some cultures to treat other diseases. Also called noni.</DefinitionText><Dictionary>Cancer.gov</Dictionary><Audience>Patient</Audience></TermDefinition><MediaLink ref="CDR0000731817" type="audio/mpeg" alt="Pronunciation of dictionary term &quot;Morinda citrifolia&quot;" language="en" id="_3"/><MediaLink ref="CDR0000731816" type="audio/mpeg" alt="Pronunciation of dictionary term &quot;Morinda citrifolia&quot;" language="es" id="_4"/><SpanishTermName>Morinda citrifolia</SpanishTermName><SpanishTermDefinition><DefinitionText>Arbusto tropical. Un extracto de su fruto está en estudio para el tratamiento de cáncer; asimismo, los extractos del fruto, la hojas o las raíces se han usado en algunas culturas para tratar otras enfermedades. También se llama noni.</DefinitionText><Dictionary>Cancer.gov</Dictionary><Audience>Patient</Audience></SpanishTermDefinition><DateFirstPublished>2003-07-26</DateFirstPublished><DateLastModified>2007-02-01</DateLastModified></GlossaryTerm>
