<?xml version="1.0" encoding="utf-8"?>
<!DOCTYPE GlossaryTerm >
<GlossaryTerm id="CDR0000330196"><TermName>purple clover</TermName><TermPronunciation>(PER-pul KLOH-ver)</TermPronunciation><TermDefinition><DefinitionText>Trifolium pratense. A plant with flowers that has been used in some cultures to treat certain medical problems. It is being studied in the relief of menopausal symptoms and may have anticancer effects. Also called red clover, Trifolium pratense,  and wild clover.</DefinitionText><Dictionary>Cancer.gov</Dictionary><Audience>Patient</Audience></TermDefinition><MediaLink ref="CDR0000731797" type="audio/mpeg" alt="Pronunciation of dictionary term &quot;purple clover&quot;" language="en" id="_3"/><MediaLink ref="CDR0000731796" type="audio/mpeg" alt="Pronunciation of dictionary term &quot;trébol púrpura&quot;" language="es" id="_4"/><SpanishTermName>trébol púrpura</SpanishTermName><SpanishTermDefinition><DefinitionText>Trifolium pratense. Planta cuyas flores se han usado en algunas culturas para tratar ciertos problemas médicos. Está en estudio para aliviar los síntomas de la menopausia y podría tener efectos contra el cáncer. También se llama trébol rojo, trébol silvestre,  y Trifolium pratense.</DefinitionText><Dictionary>Cancer.gov</Dictionary><Audience>Patient</Audience></SpanishTermDefinition><DateFirstPublished>2003-08-24</DateFirstPublished><DateLastModified>2007-02-20</DateLastModified></GlossaryTerm>
