<?xml version="1.0" encoding="utf-8"?>
<!DOCTYPE GlossaryTerm >
<GlossaryTerm id="CDR0000321374"><TermName>fatigue</TermName><TermPronunciation>(fuh-TEEG)</TermPronunciation><TermDefinition><DefinitionText>A condition marked by extreme tiredness and inability to function due lack of energy. Fatigue may be acute or chronic.</DefinitionText><Dictionary>Cancer.gov</Dictionary><Audience>Patient</Audience></TermDefinition><MediaLink ref="CDR0000731813" type="audio/mpeg" alt="Pronunciation of dictionary term &quot;fatigue&quot;" language="en" id="_3"/><MediaLink ref="CDR0000731812" type="audio/mpeg" alt="Pronunciation of dictionary term &quot;fatiga&quot;" language="es" id="_4"/><SpanishTermName>fatiga</SpanishTermName><SpanishTermDefinition><DefinitionText>Trastorno caracterizado por cansancio extremo e incapacidad para funcionar debido a la falta de energía. La fatiga puede ser aguda o crónica.</DefinitionText><Dictionary>Cancer.gov</Dictionary><Audience>Patient</Audience></SpanishTermDefinition><DateFirstPublished>2003-07-26</DateFirstPublished><RelatedInformation><RelatedSummaryRef UseWith="en" href="CDR0000062811">Fatigue</RelatedSummaryRef><RelatedSummaryRef UseWith="es" href="CDR0000256650">Fatiga</RelatedSummaryRef></RelatedInformation></GlossaryTerm>
