<?xml version="1.0" encoding="utf-8"?>
<!DOCTYPE GlossaryTerm >
<GlossaryTerm id="CDR0000330173"><TermName>lymphocytic leukemia</TermName><TermPronunciation>(LIM-foh-SIH-tik loo-KEE-mee-uh)</TermPronunciation><TermDefinition><DefinitionText>A type of cancer in which the bone marrow makes too many lymphocytes (white blood cells).</DefinitionText><Dictionary>Cancer.gov</Dictionary><Audience>Patient</Audience></TermDefinition><MediaLink ref="CDR0000731020" type="audio/mpeg" alt="Pronunciation of dictionary term &quot;lymphocytic leukemia&quot;" language="en" id="_3"/><MediaLink ref="CDR0000731021" type="audio/mpeg" alt="Pronunciation of dictionary term &quot;leucemia linfocítica&quot;" language="es" id="_4"/><SpanishTermName>leucemia linfocítica</SpanishTermName><SpanishTermDefinition><DefinitionText>Tipo de cáncer en el que la médula ósea produce demasiados linfocitos (glóbulos blancos).</DefinitionText><Dictionary>Cancer.gov</Dictionary><Audience>Patient</Audience></SpanishTermDefinition><DateFirstPublished>2003-08-24</DateFirstPublished></GlossaryTerm>
