<?xml version="1.0" encoding="utf-8"?>
<!DOCTYPE GlossaryTerm >
<GlossaryTerm id="CDR0000306511"><TermName>polifeprosan 20 carmustine implant</TermName><TermPronunciation>(PAH-lee-FEH-proh-san … kar-MUS-teen IM-plant)</TermPronunciation><TermDefinition><DefinitionText>A biodegradable wafer that is used to deliver the anticancer drug carmustine directly into a brain tumor site after the tumor has been removed by surgery. Also called carmustine implant and Gliadel Wafer.</DefinitionText><Dictionary>Cancer.gov</Dictionary><Audience>Patient</Audience></TermDefinition><MediaLink ref="CDR0000731610" type="audio/mpeg" alt="Pronunciation of dictionary term &quot;polifeprosan 20 carmustine implant&quot;" language="en" id="_3"/><MediaLink ref="CDR0000731611" type="audio/mpeg" alt="Pronunciation of dictionary term &quot;polifeprosán 20 con implante de carmustina&quot;" language="es" id="_4"/><SpanishTermName>polifeprosán 20 con implante de carmustina</SpanishTermName><SpanishTermDefinition><DefinitionText>Oblea biodegradable que se usa para administrar un medicamento contra el cáncer que se llama carmustina directamente en un sitio tumoral en el cerebro, después de que se extirpa el tumor mediante una cirugía. También se llama implante de carmustina y oblea Gliadel.</DefinitionText><Dictionary>Cancer.gov</Dictionary><Audience>Patient</Audience></SpanishTermDefinition><DateFirstPublished>2003-05-23</DateFirstPublished><DateLastModified>2005-02-15</DateLastModified><RelatedInformation><RelatedDrugSummaryRef href="CDR0000762277">Carmustine Implant</RelatedDrugSummaryRef></RelatedInformation></GlossaryTerm>
