<?xml version="1.0" encoding="utf-8"?>
<!DOCTYPE GlossaryTerm >
<GlossaryTerm id="CDR0000330161"><TermName>arctiin</TermName><TermPronunciation>(ARK-tine)</TermPronunciation><TermDefinition><DefinitionText>A substance found in certain plants, including burdock. It has shown anticancer effects. Arctiin belongs to a group of substances called lignans.</DefinitionText><Dictionary>Cancer.gov</Dictionary><Audience>Patient</Audience></TermDefinition><MediaLink ref="CDR0000731008" type="audio/mpeg" alt="Pronunciation of dictionary term &quot;arctiin&quot;" language="en" id="_3"/><MediaLink ref="CDR0000731009" type="audio/mpeg" alt="Pronunciation of dictionary term &quot;arctiina&quot;" language="es" id="_4"/><SpanishTermName>arctiina</SpanishTermName><SpanishTermDefinition><DefinitionText>Sustancia que se encuentra en ciertas plantas, incluso la bardana. Ha mostrado tener efectos contra el cáncer. La arctiina es un tipo de lignano.</DefinitionText><Dictionary>Cancer.gov</Dictionary><Audience>Patient</Audience></SpanishTermDefinition><DateFirstPublished>2003-08-24</DateFirstPublished></GlossaryTerm>
