<?xml version="1.0" encoding="utf-8"?>
<!DOCTYPE GlossaryTerm >
<GlossaryTerm id="CDR0000306501"><TermName>GTI-2040</TermName><TermDefinition><DefinitionText>A substance being studied in the treatment of cancer. It blocks the production of a protein called ribonucleotide reductase, which helps cells make DNA. This may kill cancer cells that need ribonucleotide reductase to grow. It may also make cells more sensitive to anticancer drugs. It is a type of antisense oligonucleotide,  and a type of ribonucleotide reductase inhibitor.</DefinitionText><Dictionary>Cancer.gov</Dictionary><Audience>Patient</Audience></TermDefinition><SpanishTermName>GTI-2040</SpanishTermName><SpanishTermDefinition><DefinitionText>Sustancia en estudio para el tratamiento de cáncer. Bloquea la producción de una proteína que se llama ribonucleótido reductasa, que ayuda a las células a elaborar el ADN.   Podría destruir las células cancerosas que necesitan ribonucleótido reductasa para crecer.   También puede hacer que las células sean más sensibles a los medicamentos contra el cáncer.   Es un tipo de oligonucleótido antisentido y un tipo de inhibidor de la ribonucleótido reductasa.</DefinitionText><Dictionary>Cancer.gov</Dictionary><Audience>Patient</Audience></SpanishTermDefinition><DateFirstPublished>2003-05-23</DateFirstPublished><DateLastModified>2009-11-20</DateLastModified></GlossaryTerm>
