<?xml version="1.0" encoding="utf-8"?>
<!DOCTYPE GlossaryTerm >
<GlossaryTerm id="CDR0000330181"><TermName>watercress</TermName><TermPronunciation>(WAH-ter-kres)</TermPronunciation><TermDefinition><DefinitionText>Parts of the flowering plant have been used in some cultures to treat certain medical problems. It may have anticancer effects. The scientific name is <ScientificName>Nasturtium officinale</ScientificName>. Also called Indian cress.</DefinitionText><Dictionary>Cancer.gov</Dictionary><Audience>Patient</Audience></TermDefinition><MediaLink ref="CDR0000731192" type="audio/mpeg" alt="Pronunciation of dictionary term &quot;watercress&quot;" language="en" id="_3"/><MediaLink ref="CDR0000731193" type="audio/mpeg" alt="Pronunciation of dictionary term &quot;berro&quot;" language="es" id="_4"/><SpanishTermName>berro</SpanishTermName><SpanishTermDefinition><DefinitionText>Partes de esta planta en flor se ha usado en algunas culturas para tratar ciertos problemas médicos. Podría tener efectos anticancerosos. El nombre científico es <ScientificName>Nasturtium officinale</ScientificName>. También se llama berro de la India.</DefinitionText><Dictionary>Cancer.gov</Dictionary><Audience>Patient</Audience></SpanishTermDefinition><DateFirstPublished>2003-08-24</DateFirstPublished><DateLastModified>2008-01-10</DateLastModified></GlossaryTerm>
