<?xml version="1.0" encoding="utf-8"?>
<!DOCTYPE GlossaryTerm >
<GlossaryTerm id="CDR0000330174"><TermName>ounce</TermName><TermPronunciation>(ownts)</TermPronunciation><TermDefinition><DefinitionText>A measure of weight (one-sixteenth pound) and volume (one-eighth cup).</DefinitionText><Dictionary>Cancer.gov</Dictionary><Audience>Patient</Audience></TermDefinition><MediaLink ref="CDR0000731022" type="audio/mpeg" alt="Pronunciation of dictionary term &quot;ounce&quot;" language="en" id="_3"/><MediaLink ref="CDR0000731023" type="audio/mpeg" alt="Pronunciation of dictionary term &quot;onza&quot;" language="es" id="_4"/><SpanishTermName>onza</SpanishTermName><SpanishTermDefinition><DefinitionText>Medida de peso (un dieciseisavo de libra) y volumen (un octavo de taza).</DefinitionText><Dictionary>Cancer.gov</Dictionary><Audience>Patient</Audience></SpanishTermDefinition><DateFirstPublished>2003-08-24</DateFirstPublished></GlossaryTerm>
