<?xml version="1.0" encoding="utf-8"?>
<!DOCTYPE GlossaryTerm >
<GlossaryTerm id="CDR0000330168"><TermName>flavonoid</TermName><TermPronunciation>(FLAY-vuh-noyd)</TermPronunciation><TermDefinition><DefinitionText>A member of a group of substances found in many plants and plant-based foods. Flavonoids have shown antioxidant effects.</DefinitionText><Dictionary>Cancer.gov</Dictionary><Audience>Patient</Audience></TermDefinition><MediaLink ref="CDR0000731158" type="audio/mpeg" alt="Pronunciation of dictionary term &quot;flavonoid&quot;" language="en" id="_3"/><MediaLink ref="CDR0000731159" type="audio/mpeg" alt="Pronunciation of dictionary term &quot;flavonoide&quot;" language="es" id="_4"/><SpanishTermName>flavonoide</SpanishTermName><SpanishTermDefinition><DefinitionText>Miembro de un grupo de sustancias que se encuentran en muchas plantas y alimentos basados en plantas. Los flavonoides han demostrado tener efectos antioxidantes.</DefinitionText><Dictionary>Cancer.gov</Dictionary><Audience>Patient</Audience></SpanishTermDefinition><DateFirstPublished>2003-08-24</DateFirstPublished></GlossaryTerm>
