<?xml version="1.0" encoding="utf-8"?>
<!DOCTYPE GlossaryTerm >
<GlossaryTerm id="CDR0000306518"><TermName>Viagra</TermName><TermPronunciation>(vy-A-gruh)</TermPronunciation><TermDefinition><DefinitionText>A drug used to treat erectile dysfunction. Viagra relaxes the smooth muscle of the penis to allow increased blood flow and erection. It is a type of phosphodiesterase inhibitor. Also called sildenafil.</DefinitionText><Dictionary>Cancer.gov</Dictionary><Audience>Patient</Audience></TermDefinition><MediaLink ref="CDR0000711512" type="audio/mpeg" alt="Pronunciation of dictionary term &quot;Viagra&quot;" language="en" id="_3"/><MediaLink ref="CDR0000711511" type="audio/mpeg" alt="Pronunciation of dictionary term &quot;Viagra&quot;" language="es" id="_4"/><SpanishTermName>Viagra</SpanishTermName><SpanishTermDefinition><DefinitionText>Sustancia usada para tratar la disfunción eréctil. Viagra relaja el músculo liso del pene para permitir mayor flujo sanguíneo y erección. Es un tipo de inhibidor de la fosfodiesterasa. También se llama sildenafilo.</DefinitionText><Dictionary>Cancer.gov</Dictionary><Audience>Patient</Audience></SpanishTermDefinition><DateFirstPublished>2003-05-23</DateFirstPublished><DateLastModified>2007-01-29</DateLastModified></GlossaryTerm>
