<?xml version="1.0" encoding="utf-8"?>
<!DOCTYPE GlossaryTerm >
<GlossaryTerm id="CDR0000335080"><TermName>sputum cytology</TermName><TermPronunciation>(SPYOO-tum sy-TAH-loh-jee)</TermPronunciation><TermDefinition><DefinitionText>Examination under a microscope of cells found in sputum (mucus and other matter brought up from the lungs by coughing). The test checks for abnormal cells, such as lung cancer cells.</DefinitionText><Dictionary>Cancer.gov</Dictionary><Audience>Patient</Audience></TermDefinition><MediaLink ref="CDR0000711372" type="audio/mpeg" alt="Pronunciation of dictionary term &quot;sputum cytology&quot;" language="en" id="_3"/><MediaLink ref="CDR0000711373" type="audio/mpeg" alt="Pronunciation of dictionary term &quot;citología de esputo&quot;" language="es" id="_4"/><SpanishTermName>citología de esputo</SpanishTermName><SpanishTermDefinition><DefinitionText>Examen bajo un microscopio de las células del pulmón que se encuentran en el esputo (moco y otras materias expulsadas desde los pulmones al toser) para determinar si hay cáncer.</DefinitionText><Dictionary>Cancer.gov</Dictionary><Audience>Patient</Audience></SpanishTermDefinition><DateFirstPublished>2003-09-24</DateFirstPublished><DateLastModified>2007-03-05</DateLastModified></GlossaryTerm>
