<?xml version="1.0" encoding="utf-8"?>
<!DOCTYPE GlossaryTerm >
<GlossaryTerm id="CDR0000322806"><TermName>Gorlin syndrome</TermName><TermPronunciation>(GOR-lin SIN-drome)</TermPronunciation><TermDefinition><DefinitionText>A genetic condition that causes unusual facial features and disorders of the skin, bones, nervous system, eyes, and endocrine glands. People with this syndrome have a higher risk of basal cell carcinoma. Also called basal cell nevus syndrome and nevoid basal cell carcinoma syndrome.</DefinitionText><Dictionary>Cancer.gov</Dictionary><Audience>Patient</Audience></TermDefinition><MediaLink ref="CDR0000731552" type="audio/mpeg" alt="Pronunciation of dictionary term &quot;Gorlin syndrome&quot;" language="en" id="_3"/><MediaLink ref="CDR0000731553" type="audio/mpeg" alt="Pronunciation of dictionary term &quot;síndrome de Gorlin&quot;" language="es" id="_4"/><SpanishTermName>síndrome de Gorlin</SpanishTermName><SpanishTermDefinition><DefinitionText>Enfermedad genética que causa una apariencia facial extraña y trastornos de la piel, los huesos, el sistema nervioso, los ojos y las glándulas endocrinas. Las personas con este síndrome tienen un riesgo más alto de padecer de carcinoma de células basales. También se llama síndrome del carcinoma nevoide de células basales y síndrome del nevo de células basales.</DefinitionText><Dictionary>Cancer.gov</Dictionary><Audience>Patient</Audience></SpanishTermDefinition><DateFirstPublished>2003-07-26</DateFirstPublished><DateLastModified>2007-03-12</DateLastModified></GlossaryTerm>
