<?xml version="1.0" encoding="utf-8"?>
<!DOCTYPE GlossaryTerm >
<GlossaryTerm id="CDR0000304715"><TermName>clinical breast exam</TermName><TermPronunciation>(KLIH-nih-kul brest eg-ZAM)</TermPronunciation><TermDefinition><DefinitionText>A physical exam of the breast performed by a health care provider to check for lumps or other changes. Also called CBE.</DefinitionText><Dictionary>Cancer.gov</Dictionary><Audience>Patient</Audience></TermDefinition><MediaLink ref="CDR0000709784" type="audio/mpeg" alt="Pronunciation of dictionary term &quot;clinical breast exam&quot;" language="en" id="_3"/><MediaLink ref="CDR0000709783" type="audio/mpeg" alt="Pronunciation of dictionary term &quot;examen clínico de la mama&quot;" language="es" id="_4"/><SpanishTermName>examen clínico de la mama</SpanishTermName><SpanishTermDefinition><DefinitionText>Examen físico de la mama realizada por un proveedor de atención de la salud para verificar la presencia de nódulos u otros cambios. También se llama ECM.</DefinitionText><Dictionary>Cancer.gov</Dictionary><Audience>Patient</Audience></SpanishTermDefinition><DateFirstPublished>2003-05-23</DateFirstPublished><DateLastModified>2009-03-12</DateLastModified></GlossaryTerm>
