<?xml version="1.0" encoding="utf-8"?>
<!DOCTYPE GlossaryTerm >
<GlossaryTerm id="CDR0000335068"><TermName>Gerota's capsule</TermName><TermPronunciation>(gay-ROH-tuz KAP-sul)</TermPronunciation><TermDefinition><DefinitionText>A fibrous envelope of tissue that surrounds the kidney. Also called Gerota's fascia and renal fascia.</DefinitionText><Dictionary>Cancer.gov</Dictionary><Audience>Patient</Audience></TermDefinition><MediaLink ref="CDR0000711357" type="audio/mpeg" alt="Pronunciation of dictionary term &quot;Gerota's capsule&quot;" language="en" id="_3"/><MediaLink ref="CDR0000711356" type="audio/mpeg" alt="Pronunciation of dictionary term &quot;cápsula de Gerota&quot;" language="es" id="_4"/><SpanishTermName>cápsula de Gerota</SpanishTermName><SpanishTermDefinition><DefinitionText>Recubrimiento fibroso de tejido que rodea el riñón. También se llama fascia de Gerota y fascia renal.</DefinitionText><Dictionary>Cancer.gov</Dictionary><Audience>Patient</Audience></SpanishTermDefinition><DateFirstPublished>2003-09-24</DateFirstPublished><DateLastModified>2007-11-01</DateLastModified></GlossaryTerm>
