<?xml version="1.0" encoding="utf-8"?>
<!DOCTYPE GlossaryTerm >
<GlossaryTerm id="CDR0000330165"><TermName>cnicin</TermName><TermPronunciation>(NIH-sin)</TermPronunciation><TermDefinition><DefinitionText>A substance found in certain plants, including blessed thistle. It has been used in some cultures to treat certain medical problems. It may have anti-inflammatory and anticancer effects. Cnicin is a type of sesquiterpene lactone.</DefinitionText><Dictionary>Cancer.gov</Dictionary><Audience>Patient</Audience></TermDefinition><MediaLink ref="CDR0000711641" type="audio/mpeg" alt="Pronunciation of dictionary term &quot;cnicin&quot;" language="en" id="_3"/><MediaLink ref="CDR0000711640" type="audio/mpeg" alt="Pronunciation of dictionary term &quot;cnicina&quot;" language="es" id="_4"/><SpanishTermName>cnicina</SpanishTermName><SpanishTermDefinition><DefinitionText>Sustancia que se encuentra en ciertas plantas, incluso el cardo bendito. Se ha usado en algunas culturas para tratar ciertos problemas médicos. Puede tener efectos antiinflamatorios y anticancerosos. La cnicina es un tipo de lactona sesquiterpénica.</DefinitionText><Dictionary>Cancer.gov</Dictionary><Audience>Patient</Audience></SpanishTermDefinition><DateFirstPublished>2003-08-24</DateFirstPublished><DateLastModified>2007-06-19</DateLastModified></GlossaryTerm>
