<?xml version="1.0" encoding="utf-8"?>
<!DOCTYPE GlossaryTerm >
<GlossaryTerm id="CDR0000322133"><TermName>boronophenylalanine-fructose complex</TermName><TermPronunciation>(BOR-on-oh-feh-nil-A-luh-neen-FROOK-tose KOM-plex)</TermPronunciation><TermDefinition><DefinitionText>A substance used in a type of radiation therapy called boron neutron capture therapy. Boronophenylalanine-fructose complex is injected into a blood vessel and collects in tumor cells. The patient then receives radiation therapy with atomic particles called neutrons. The neutrons react with the boron in boronophenylalanine-fructose complex, producing radioactive particles that kill the tumor cells without harming normal cells. Also called BPA-F.</DefinitionText><Dictionary>Cancer.gov</Dictionary><Audience>Patient</Audience></TermDefinition><MediaLink ref="CDR0000711203" type="audio/mpeg" alt="Pronunciation of dictionary term &quot;boronophenylalanine-fructose complex&quot;" language="en" id="_3"/><MediaLink ref="CDR0000711202" type="audio/mpeg" alt="Pronunciation of dictionary term &quot;complejo boronofenilalanina-fructosa&quot;" language="es" id="_4"/><SpanishTermName>complejo boronofenilalanina-fructosa</SpanishTermName><SpanishTermDefinition><DefinitionText>Sustancia que se usa para un tipo de radioterapia que se llama terapia por captura neutrónica en boro. El complejo boronofenilalanina-fructosa se inyecta en un vaso sanguíneo y se acumula en las células tumorales. Luego el paciente recibe radioterapia con partículas atómicas que se llaman neutrones. Los neutrones reaccionan con el boro que contiene el complejo boronofenilalanina-fructosa y emiten partículas radiactivas que destruyen las células tumorales sin dañar las células normales. También se llama BPA-F.</DefinitionText><Dictionary>Cancer.gov</Dictionary><Audience>Patient</Audience></SpanishTermDefinition><DateFirstPublished>2003-07-26</DateFirstPublished><DateLastModified>2011-02-10</DateLastModified></GlossaryTerm>
