<?xml version="1.0" encoding="utf-8"?>
<!DOCTYPE GlossaryTerm >
<GlossaryTerm id="CDR0000330175"><TermName>phytoestrogen</TermName><TermPronunciation>(FY-toh-ES-truh-jin)</TermPronunciation><TermDefinition><DefinitionText>An estrogen-like substance found in some plants and plant products. Phytoestrogens may have anticancer effects.</DefinitionText><Dictionary>Cancer.gov</Dictionary><Audience>Patient</Audience></TermDefinition><MediaLink ref="CDR0000711649" type="audio/mpeg" alt="Pronunciation of dictionary term &quot;phytoestrogen&quot;" language="en" id="_3"/><MediaLink ref="CDR0000711648" type="audio/mpeg" alt="Pronunciation of dictionary term &quot;fitoestrógeno&quot;" language="es" id="_4"/><SpanishTermName>fitoestrógeno</SpanishTermName><SpanishTermDefinition><DefinitionText>Sustancia parecida al estrógeno que se encuentra en ciertos vegetales y en ciertos productos elaborados con vegetales. Los fitoestrógenos pueden tener efectos contra el cáncer.</DefinitionText><Dictionary>Cancer.gov</Dictionary><Audience>Patient</Audience></SpanishTermDefinition><DateFirstPublished>2003-08-24</DateFirstPublished></GlossaryTerm>
