<?xml version="1.0" encoding="utf-8"?>
<!DOCTYPE GlossaryTerm >
<GlossaryTerm id="CDR0000305995"><TermName>photoactivity</TermName><TermPronunciation>(FOH-toh-ak-TIH-vih-tee)</TermPronunciation><TermDefinition><DefinitionText>The effect produced when certain substances are exposed to light. In cancer treatment, some drugs become active when exposed to light and are then able to kill tumor cells.</DefinitionText><Dictionary>Cancer.gov</Dictionary><Audience>Patient</Audience></TermDefinition><MediaLink ref="CDR0000710314" type="audio/mpeg" alt="Pronunciation of dictionary term &quot;photoactivity&quot;" language="en" id="_3"/><MediaLink ref="CDR0000710313" type="audio/mpeg" alt="Pronunciation of dictionary term &quot;fotoactividad&quot;" language="es" id="_4"/><SpanishTermName>fotoactividad</SpanishTermName><SpanishTermDefinition><DefinitionText>Efecto que se produce cuando ciertas sustancias se exponen a la luz. En el caso del tratamiento del cáncer, algunos medicamentos se vuelven activos cuando se exponen a la luz y entonces son capaces de destruir las células tumorales.</DefinitionText><Dictionary>Cancer.gov</Dictionary><Audience>Patient</Audience></SpanishTermDefinition><DateFirstPublished>2003-05-23</DateFirstPublished></GlossaryTerm>
