<?xml version="1.0" encoding="utf-8"?>
<!DOCTYPE GlossaryTerm >
<GlossaryTerm id="CDR0000322882"><TermName>seminal vesicle biopsy</TermName><TermPronunciation>(SEH-mih-nul VEH-sih-kul BY-op-see)</TermPronunciation><TermDefinition><DefinitionText>The removal of fluid or tissue with a needle from the seminal vesicles for examination under a microscope. The seminal vesicles are glands in the male reproductive tract that produce a part of semen.</DefinitionText><Dictionary>Cancer.gov</Dictionary><Audience>Patient</Audience></TermDefinition><MediaLink ref="CDR0000711478" type="audio/mpeg" alt="Pronunciation of dictionary term &quot;seminal vesicle biopsy&quot;" language="en" id="_3"/><MediaLink ref="CDR0000711479" type="audio/mpeg" alt="Pronunciation of dictionary term &quot;biopsia de la vesícula seminal&quot;" language="es" id="_4"/><SpanishTermName>biopsia de la vesícula seminal</SpanishTermName><SpanishTermDefinition><DefinitionText>Extracción de líquido o tejido de las vesículas seminales por medio de una aguja para examinarlos bajo un microscopio. Las vesículas seminales son glándulas del aparato reproductor masculino que producen una parte de semen.</DefinitionText><Dictionary>Cancer.gov</Dictionary><Audience>Patient</Audience></SpanishTermDefinition><DateFirstPublished>2003-07-26</DateFirstPublished><DateLastModified>2003-07-31</DateLastModified></GlossaryTerm>
