<?xml version="1.0" encoding="utf-8"?>
<!DOCTYPE GlossaryTerm >
<GlossaryTerm id="CDR0000322134"><TermName>Ewing sarcoma family of tumors</TermName><TermPronunciation>(YOO-ing sar-KOH-muh FA-mih-lee ... TOO-mers)</TermPronunciation><TermDefinition><DefinitionText>A group of cancers that includes Ewing tumor of bone (ETB or Ewing sarcoma of bone), extraosseous Ewing (EOE) tumors, primitive neuroectodermal tumors (PNET or peripheral neuroepithelioma), and Askin tumors (PNET of the chest wall). These tumors all come from the same type of stem cell. Also called EFTs.</DefinitionText><Dictionary>Cancer.gov</Dictionary><Audience>Patient</Audience></TermDefinition><MediaLink ref="CDR0000711204" type="audio/mpeg" alt="Pronunciation of dictionary term &quot;Ewing sarcoma family of tumors&quot;" language="en" id="_3"/><MediaLink ref="CDR0000711205" type="audio/mpeg" alt="Pronunciation of dictionary term &quot;tumores de la familia del sarcoma de Ewing&quot;" language="es" id="_4"/><SpanishTermName>tumores de la familia del sarcoma de Ewing</SpanishTermName><SpanishTermDefinition><DefinitionText>Grupo de cánceres que comprende el tumor óseo de Ewing (TOE o sarcoma óseo de Ewing), los tumores extraóseos de Ewing (TEE), los tumores neuroectodérmicos primitivos (TNEP o neuroepitelioma periférico) y los tumores de Askin (TNEP de la pared torácica). Todos estos tumores provienen del mismo tipo de células madre. También se llama GTE.</DefinitionText><Dictionary>Cancer.gov</Dictionary><Audience>Patient</Audience></SpanishTermDefinition><DateFirstPublished>2003-07-26</DateFirstPublished><DateLastModified>2007-09-21</DateLastModified><RelatedInformation><RelatedExternalRef UseWith="en" xref="http://www.cancer.gov/types/bone">Bone Cancer</RelatedExternalRef><RelatedExternalRef UseWith="es" xref="http://www.cancer.gov/espanol/tipos/hueso">Cáncer de hueso</RelatedExternalRef></RelatedInformation></GlossaryTerm>
