<?xml version="1.0" encoding="utf-8"?>
<!DOCTYPE GlossaryTerm >
<GlossaryTerm id="CDR0000306506"><TermName>lidocaine</TermName><TermPronunciation>(LY-doh-kane)</TermPronunciation><TermDefinition><DefinitionText>A substance used to relieve pain by blocking signals at the nerve endings in skin. It can also be given intravenously to stop heart arrhythmias. It is a type of local anesthetic and antiarrhythmic.</DefinitionText><Dictionary>Cancer.gov</Dictionary><Audience>Patient</Audience></TermDefinition><MediaLink ref="CDR0000711492" type="audio/mpeg" alt="Pronunciation of dictionary term &quot;lidocaine&quot;" language="en" id="_3"/><MediaLink ref="CDR0000711493" type="audio/mpeg" alt="Pronunciation of dictionary term &quot;lidocaína&quot;" language="es" id="_4"/><SpanishTermName>lidocaína</SpanishTermName><SpanishTermDefinition><DefinitionText>Sustancia que se usa para aliviar el dolor al bloquear las señales de las terminaciones nerviosas de la piel. También puede administrarse en forma intravenosa para interrumpir las arritmias del corazón. Es un tipo de anestésico local y antiarrítmico.</DefinitionText><Dictionary>Cancer.gov</Dictionary><Audience>Patient</Audience></SpanishTermDefinition><DateFirstPublished>2003-05-23</DateFirstPublished><DateLastModified>2007-06-07</DateLastModified></GlossaryTerm>
