<?xml version="1.0" encoding="utf-8"?>
<!DOCTYPE GlossaryTerm >
<GlossaryTerm id="CDR0000306510"><TermName>pack year</TermName><TermPronunciation>(pak yeer)</TermPronunciation><TermDefinition><DefinitionText>A way to measure the amount a person has smoked over a long period of time. It is calculated by multiplying the number of packs of cigarettes smoked per day by the number of years the person has smoked. For example, 1 pack year is equal to smoking 1 pack per day for 1 year, or 2 packs per day for half a year, and so on.</DefinitionText><Dictionary>Cancer.gov</Dictionary><Audience>Patient</Audience></TermDefinition><MediaLink ref="CDR0000731609" type="audio/mpeg" alt="Pronunciation of dictionary term &quot;pack year&quot;" language="en" id="_3"/><MediaLink ref="CDR0000731608" type="audio/mpeg" alt="Pronunciation of dictionary term &quot;paquete-año&quot;" language="es" id="_4"/><SpanishTermName>paquete-año</SpanishTermName><SpanishTermDefinition><DefinitionText>Forma de medir la cantidad que una persona ha fumado durante un largo período de tiempo. Se calcula multiplicando el número de paquetes de cigarrillos fumados por día por el número de años en que la persona ha fumado. Por ejemplo, un paquete por año es igual a fumar un paquete por día durante un año, o dos paquetes por día durante medio año y así por el estilo.</DefinitionText><Dictionary>Cancer.gov</Dictionary><Audience>Patient</Audience></SpanishTermDefinition><DateFirstPublished>2003-05-23</DateFirstPublished></GlossaryTerm>
