<?xml version="1.0" encoding="utf-8"?>
<!DOCTYPE GlossaryTerm >
<GlossaryTerm id="CDR0000306532"><TermName>HAART</TermName><TermDefinition><DefinitionText>Treatment for human immunodeficiency virus (HIV) infection that uses a combination of several antiretroviral drugs. The drugs inhibit the ability of the virus to multiply in the body, and they slow down the development of AIDS. Also called highly active antiretroviral therapy.</DefinitionText><Dictionary>Cancer.gov</Dictionary><Audience>Patient</Audience></TermDefinition><MediaLink ref="CDR0000734583" type="audio/mpeg" alt="Pronunciation of dictionary term &quot;HAART&quot;" language="en" id="_3"/><MediaLink ref="CDR0000734582" type="audio/mpeg" alt="Pronunciation of dictionary term &quot;TARGA&quot;" language="es" id="_4"/><SpanishTermName>TARGA</SpanishTermName><SpanishTermDefinition><DefinitionText>Tratamiento de la infección por el virus de la inmunodeficiencia humana (VIH) que usa una combinación de varios medicamentos antirretrovíricos. Los medicamentos impiden que el virus pueda multiplicarse en el cuerpo y demoran la aparición del SIDA. También se llama tratamiento antirretrovírico de gran actividad.</DefinitionText><Dictionary>Cancer.gov</Dictionary><Audience>Patient</Audience></SpanishTermDefinition><DateFirstPublished>2003-05-23</DateFirstPublished><DateLastModified>2007-01-31</DateLastModified></GlossaryTerm>
