<?xml version="1.0" encoding="utf-8"?>
<!DOCTYPE GlossaryTerm >
<GlossaryTerm id="CDR0000322896"><TermName>loop excision</TermName><TermPronunciation>(...ek-SIH-zhun)</TermPronunciation><TermDefinition><DefinitionText>A technique that uses electric current passed through a thin wire loop to remove abnormal tissue. Also called LEEP and loop electrosurgical excision procedure.</DefinitionText><Dictionary>Cancer.gov</Dictionary><Audience>Patient</Audience></TermDefinition><MediaLink ref="CDR0000711501" type="audio/mpeg" alt="Pronunciation of dictionary term &quot;loop excision&quot;" language="en" id="_3"/><MediaLink ref="CDR0000711502" type="audio/mpeg" alt="Pronunciation of dictionary term &quot;escisión con asa&quot;" language="es" id="_4"/><SpanishTermName>escisión con asa</SpanishTermName><SpanishTermDefinition><DefinitionText>Técnica para la que se usa una corriente eléctrica que pasa por un alambre delgado en forma de bucle para extirpar tejido anormal. También se llama PEEA y procedimiento de escisión electroquirúrgica con asa.</DefinitionText><Dictionary>Cancer.gov</Dictionary><Audience>Patient</Audience></SpanishTermDefinition><DateFirstPublished>2003-07-26</DateFirstPublished><DateLastModified>2007-02-01</DateLastModified></GlossaryTerm>
