<?xml version="1.0" encoding="utf-8"?>
<!DOCTYPE GlossaryTerm >
<GlossaryTerm id="CDR0000335082"><TermName>thermography</TermName><TermPronunciation>(ther-MAH-gruh-fee)</TermPronunciation><TermDefinition><DefinitionText>In medicine, a procedure in which a heat-sensing infrared camera is used to record the surface heat produced by different parts of the body. Abnormal tissue growth can cause temperature changes, which may show up on the thermogram. Thermography may be used to diagnose breast cancer and other tumors.</DefinitionText><Dictionary>Cancer.gov</Dictionary><Audience>Patient</Audience></TermDefinition><MediaLink ref="CDR0000711376" type="audio/mpeg" alt="Pronunciation of dictionary term &quot;thermography&quot;" language="en" id="_3"/><MediaLink ref="CDR0000711377" type="audio/mpeg" alt="Pronunciation of dictionary term &quot;termografía&quot;" language="es" id="_4"/><SpanishTermName>termografía</SpanishTermName><SpanishTermDefinition><DefinitionText>En el campo de la medicina, procedimiento en el que se usa una cámara infrarroja sensible al calor para registrar el calor superficial que producen diferentes partes del cuerpo. El crecimiento anormal de tejido puede causar cambios de temperatura, que pueden aparecer en el termograma. La termografía puede usarse para diagnosticar el cáncer de mama (seno) y otros tumores.</DefinitionText><Dictionary>Cancer.gov</Dictionary><Audience>Patient</Audience></SpanishTermDefinition><DateFirstPublished>2003-09-24</DateFirstPublished><DateLastModified>2007-02-27</DateLastModified></GlossaryTerm>
