<?xml version="1.0" encoding="utf-8"?>
<!DOCTYPE GlossaryTerm >
<GlossaryTerm id="CDR0000304743"><TermName>progestin</TermName><TermPronunciation>(proh-JES-tin)</TermPronunciation><TermDefinition><DefinitionText>Any natural or laboratory-made substance that has some or all of the biologic effects of progesterone, a female hormone.</DefinitionText><Dictionary>Cancer.gov</Dictionary><Audience>Patient</Audience></TermDefinition><MediaLink ref="CDR0000710183" type="audio/mpeg" alt="Pronunciation of dictionary term &quot;progestin&quot;" language="en" id="_3"/><MediaLink ref="CDR0000710184" type="audio/mpeg" alt="Pronunciation of dictionary term &quot;progestina&quot;" language="es" id="_4"/><SpanishTermName>progestina</SpanishTermName><SpanishTermDefinition><DefinitionText>Cualquier sustancia natural o producida en el laboratorio que tiene algunos o todos los efectos biológicos de la progesterona, que es una hormona femenina.</DefinitionText><Dictionary>Cancer.gov</Dictionary><Audience>Patient</Audience></SpanishTermDefinition><DateFirstPublished>2003-05-23</DateFirstPublished></GlossaryTerm>
