<?xml version="1.0" encoding="utf-8"?>
<!DOCTYPE GlossaryTerm >
<GlossaryTerm id="CDR0000335091"><TermName>clear cell adenocarcinoma</TermName><TermPronunciation>(kleer sel A-deh-noh-KAR-sih-NOH-muh)</TermPronunciation><TermDefinition><DefinitionText>A rare type of tumor, usually of the female genital tract, in which the insides of the cells look clear when viewed under a microscope. Also called clear cell carcinoma and mesonephroma.</DefinitionText><Dictionary>Cancer.gov</Dictionary><Audience>Patient</Audience></TermDefinition><MediaLink ref="CDR0000711379" type="audio/mpeg" alt="Pronunciation of dictionary term &quot;clear cell adenocarcinoma&quot;" language="en" id="_3"/><MediaLink ref="CDR0000711378" type="audio/mpeg" alt="Pronunciation of dictionary term &quot;adenocarcinoma de células claras&quot;" language="es" id="_4"/><SpanishTermName>adenocarcinoma de células claras</SpanishTermName><SpanishTermDefinition><DefinitionText>Tipo de tumor poco frecuente, generalmente del aparato genital femenino, en el que el interior de las células parece vacío cuando se observan bajo un microscopio. También se llama carcinoma de células claras y mesonefroma.</DefinitionText><Dictionary>Cancer.gov</Dictionary><Audience>Patient</Audience></SpanishTermDefinition><DateFirstPublished>2003-09-24</DateFirstPublished><DateLastModified>2008-09-18</DateLastModified></GlossaryTerm>
