<?xml version="1.0" encoding="utf-8"?>
<!DOCTYPE GlossaryTerm >
<GlossaryTerm id="CDR0000330171"><TermName>kelp</TermName><TermPronunciation>(kelp)</TermPronunciation><TermDefinition><DefinitionText>A type of seaweed. The stem-like parts of this plant have been used in some cultures to treat certain medical problems. It may have immunostimulatory and anticancer effects. The scientific name is <ScientificName>Laminaria digitata</ScientificName>.</DefinitionText><Dictionary>Cancer.gov</Dictionary><Audience>Patient</Audience></TermDefinition><MediaLink ref="CDR0000731019" type="audio/mpeg" alt="Pronunciation of dictionary term &quot;kelp&quot;" language="en" id="_3"/><MediaLink ref="CDR0000731018" type="audio/mpeg" alt="Pronunciation of dictionary term &quot;alga parda&quot;" language="es" id="_4"/><SpanishTermName>alga parda</SpanishTermName><SpanishTermDefinition><DefinitionText>Tipo de alga marina. Las partes de esta planta que semejan un tallo han sido usadas en algunas culturas para el tratamiento de ciertos problemas médicos. Puede tener efectos inmunoestimulantes y contra el cáncer. El nombre científico es <ScientificName>Laminaria digitata</ScientificName>.</DefinitionText><Dictionary>Cancer.gov</Dictionary><Audience>Patient</Audience></SpanishTermDefinition><DateFirstPublished>2003-08-24</DateFirstPublished><DateLastModified>2008-01-10</DateLastModified></GlossaryTerm>
