<?xml version="1.0" encoding="utf-8"?>
<!DOCTYPE GlossaryTerm >
<GlossaryTerm id="CDR0000305994"><TermName>neurobehavioral</TermName><TermPronunciation>(NOOR-oh-beh-HAY-vyer-ul)</TermPronunciation><TermDefinition><DefinitionText>Having to do with the way the brain affects emotion, behavior, and learning. Some cancers or their treatment may cause neurobehavioral problems.</DefinitionText><Dictionary>Cancer.gov</Dictionary><Audience>Patient</Audience></TermDefinition><MediaLink ref="CDR0000710182" type="audio/mpeg" alt="Pronunciation of dictionary term &quot;neurobehavioral&quot;" language="en" id="_3"/><MediaLink ref="CDR0000710181" type="audio/mpeg" alt="Pronunciation of dictionary term &quot;neuroconductual&quot;" language="es" id="_4"/><SpanishTermName>neuroconductual</SpanishTermName><SpanishTermDefinition><DefinitionText>Relacionado con la manera en que el cerebro afecta las emociones, los comportamientos o conductas y el aprendizaje. Algunos cánceres y su tratamiento pueden causar problemas neuroconductuales.</DefinitionText><Dictionary>Cancer.gov</Dictionary><Audience>Patient</Audience></SpanishTermDefinition><DateFirstPublished>2003-05-23</DateFirstPublished><DateLastModified>2006-04-20</DateLastModified></GlossaryTerm>
