<?xml version="1.0" encoding="utf-8"?>
<!DOCTYPE GlossaryTerm >
<GlossaryTerm id="CDR0000305998"><TermName>zileuton</TermName><TermPronunciation>(zy-LOO-tin)</TermPronunciation><TermDefinition><DefinitionText>A substance that is used to prevent asthma symptoms and that is being studied in the prevention of lung cancer. It belongs to the family of drugs called leukotriene blockers.</DefinitionText><Dictionary>Cancer.gov</Dictionary><Audience>Patient</Audience></TermDefinition><MediaLink ref="CDR0000710190" type="audio/mpeg" alt="Pronunciation of dictionary term &quot;zileuton&quot;" language="en" id="_3"/><MediaLink ref="CDR0000710189" type="audio/mpeg" alt="Pronunciation of dictionary term &quot;zileuton&quot;" language="es" id="_4"/><SpanishTermName>zileuton</SpanishTermName><SpanishTermDefinition><DefinitionText>Sustancia que se usa para prevenir los síntomas del asma y que está en estudio para la prevención del cáncer de pulmón. Es un tipo de bloqueador de los leucotrienes.</DefinitionText><Dictionary>Cancer.gov</Dictionary><Audience>Patient</Audience></SpanishTermDefinition><DateFirstPublished>2003-05-23</DateFirstPublished><DateLastModified>2004-08-04</DateLastModified></GlossaryTerm>
