<?xml version="1.0" encoding="utf-8"?>
<!DOCTYPE GlossaryTerm >
<GlossaryTerm id="CDR0000335071"><TermName>hotspot</TermName><TermPronunciation>(hot-spot)</TermPronunciation><TermDefinition><DefinitionText>In genetics, an area of DNA that is likely to mutate (change).</DefinitionText><Dictionary>Cancer.gov</Dictionary><Audience>Patient</Audience></TermDefinition><MediaLink ref="CDR0000731533" type="audio/mpeg" alt="Pronunciation of dictionary term &quot;hotspot&quot;" language="en" id="_3"/><MediaLink ref="CDR0000731532" type="audio/mpeg" alt="Pronunciation of dictionary term &quot;punto caliente&quot;" language="es" id="_4"/><SpanishTermName>punto caliente</SpanishTermName><SpanishTermDefinition><DefinitionText>En el campo de la genética, un área del ADN que es probable que mute (cambie).</DefinitionText><Dictionary>Cancer.gov</Dictionary><Audience>Patient</Audience></SpanishTermDefinition><DateFirstPublished>2003-09-24</DateFirstPublished></GlossaryTerm>
