<?xml version="1.0" encoding="utf-8"?>
<!DOCTYPE GlossaryTerm >
<GlossaryTerm id="CDR0000306492"><TermName>antiretroviral therapy</TermName><TermPronunciation>(AN-tee-REH-troh-VY-rul THAYR-uh-pee)</TermPronunciation><TermDefinition><DefinitionText>Treatment with drugs that inhibit the ability of the human immunodeficiency virus (HIV) or other types of retroviruses to multiply in the body.</DefinitionText><Dictionary>Cancer.gov</Dictionary><Audience>Patient</Audience></TermDefinition><MediaLink ref="CDR0000710163" type="audio/mpeg" alt="Pronunciation of dictionary term &quot;antiretroviral therapy&quot;" language="en" id="_3"/><MediaLink ref="CDR0000710164" type="audio/mpeg" alt="Pronunciation of dictionary term &quot;Terapia antiretrovírica&quot;" language="es" id="_4"/><SpanishTermName>Terapia antiretrovírica</SpanishTermName><SpanishTermDefinition><DefinitionText>Tratamiento con medicamentos que inhiben la capacidad del virus de la inmunodeficiencia humana (VIH) u otros tipos de retrovirus, multiplicarse en el cuerpo.</DefinitionText><Dictionary>Cancer.gov</Dictionary><Audience>Patient</Audience></SpanishTermDefinition><DateFirstPublished>2003-05-23</DateFirstPublished><DateLastModified>2006-09-28</DateLastModified></GlossaryTerm>
