<?xml version="1.0" encoding="utf-8"?>
<!DOCTYPE GlossaryTerm >
<GlossaryTerm id="CDR0000321389"><TermName>transurethral needle ablation</TermName><TermPronunciation>(TRANZ-yoo-REE-thrul NEE-dul a-BLAY-shun)</TermPronunciation><TermDefinition><DefinitionText>A procedure that is used to treat benign prostatic hypertrophy (BPH). An instrument with a small probe that gives off low-level radiofrequency energy is inserted through the urethra into the prostate. The energy from the probe heats nearby prostate tissue and destroys it. This relieves pressure and improves urine flow. Also called transurethral radiofrequency ablation and TUNA.</DefinitionText><Dictionary>Cancer.gov</Dictionary><Audience>Patient</Audience></TermDefinition><MediaLink ref="CDR0000711550" type="audio/mpeg" alt="Pronunciation of dictionary term &quot;transurethral needle ablation&quot;" language="en" id="_3"/><MediaLink ref="CDR0000711549" type="audio/mpeg" alt="Pronunciation of dictionary term &quot;ablación transuretral con aguja&quot;" language="es" id="_4"/><SpanishTermName>ablación transuretral con aguja</SpanishTermName><SpanishTermDefinition><DefinitionText>Procedimiento que se usa para tratar la hipertrofia prostática benigna (HPB). Se introduce un instrumento con una sonda pequeña que emite energía de radiofrecuencia baja a través de la uretra hacia la próstata. La energía de la sonda calienta y destruye el tejido de la próstata cercano a la sonda. Esto alivia la presión y mejora el flujo de la orina. También se llama ablación transuretral con radiofrecuencia y RTUA.</DefinitionText><Dictionary>Cancer.gov</Dictionary><Audience>Patient</Audience></SpanishTermDefinition><DateFirstPublished>2003-07-26</DateFirstPublished><DateLastModified>2011-01-10</DateLastModified><RelatedInformation><RelatedExternalRef UseWith="en" xref="http://www.cancer.gov/publications/patient-education/understanding-prostate-changes">Understanding Prostate Changes: A Health Guide for Men</RelatedExternalRef></RelatedInformation></GlossaryTerm>
