<?xml version="1.0" encoding="utf-8"?>
<!DOCTYPE GlossaryTerm >
<GlossaryTerm id="CDR0000330201"><TermName>gray elm</TermName><TermPronunciation>(gray elm)</TermPronunciation><TermDefinition><DefinitionText>The inner bark of this plant has been used in some cultures to treat certain medical problems. It may have antioxidant effects. Also called Indian elm, red elm, slippery elm, sweet elm, Ulmus fulva,  and Ulmus rubra.</DefinitionText><Dictionary>Cancer.gov</Dictionary><Audience>Patient</Audience></TermDefinition><MediaLink ref="CDR0000731058" type="audio/mpeg" alt="Pronunciation of dictionary term &quot;gray elm&quot;" language="en" id="_3"/><MediaLink ref="CDR0000731059" type="audio/mpeg" alt="Pronunciation of dictionary term &quot;olmo gris&quot;" language="es" id="_4"/><SpanishTermName>olmo gris</SpanishTermName><SpanishTermDefinition><DefinitionText>La corteza interna de esta planta se ha usado en algunas culturas para tratar ciertos problemas médicos. Podría tener efectos antioxidantes. También se llama olmo de la India, olmo dulce, olmo resbaladizo, olmo rojo, Ulmus fulva,  y Ulmus rubra.</DefinitionText><Dictionary>Cancer.gov</Dictionary><Audience>Patient</Audience></SpanishTermDefinition><DateFirstPublished>2003-08-24</DateFirstPublished><DateLastModified>2007-06-05</DateLastModified></GlossaryTerm>
