<?xml version="1.0" encoding="utf-8"?>
<!DOCTYPE GlossaryTerm >
<GlossaryTerm id="CDR0000306488"><TermName>primary myelofibrosis</TermName><TermPronunciation>(PRY-mayr-ee MY-eh-loh-fy-BROH-sis)</TermPronunciation><TermDefinition><DefinitionText>A progressive, chronic disease in which the bone marrow is replaced by fibrous tissue and blood is made in organs such as the liver and the spleen, instead of in the bone marrow. This disease is marked by an enlarged spleen and progressive anemia. Also called agnogenic myeloid metaplasia, chronic idiopathic myelofibrosis, idiopathic myelofibrosis,  and myelosclerosis with myeloid metaplasia.</DefinitionText><Dictionary>Cancer.gov</Dictionary><Audience>Patient</Audience></TermDefinition><MediaLink ref="CDR0000710155" type="audio/mpeg" alt="Pronunciation of dictionary term &quot;primary myelofibrosis&quot;" language="en" id="_3"/><MediaLink ref="CDR0000710156" type="audio/mpeg" alt="Pronunciation of dictionary term &quot;mielofibrosis primaria&quot;" language="es" id="_4"/><SpanishTermName>mielofibrosis primaria</SpanishTermName><SpanishTermDefinition><DefinitionText>Enfermedad evolutiva, crónica en la que la médula ósea es reemplazada por tejido fibroso y la sangre se produce en órganos tales como el hígado y el bazo, en vez de la médula ósea. Esta enfermedad se caracteriza por el agrandamiento del bazo y anemia evolutiva. También se llama metaplasia mieloide agnógena, mieloesclerosis con metaplasia mieloide, mielofibrosis idiopática,  y mielofibrosis idiopática crónica.</DefinitionText><Dictionary>Cancer.gov</Dictionary><Audience>Patient</Audience></SpanishTermDefinition><DateFirstPublished>2003-05-23</DateFirstPublished><DateLastModified>2007-04-26</DateLastModified></GlossaryTerm>
