<?xml version="1.0" encoding="utf-8"?>
<!DOCTYPE GlossaryTerm >
<GlossaryTerm id="CDR0000318821"><TermName>pediatric nurse specialist</TermName><TermPronunciation>(pee-dee-A-trik ... SPEH-shuh-list)</TermPronunciation><TermDefinition><DefinitionText>A registered nurse with an advanced degree in nursing who specializes in the care of children.</DefinitionText><Dictionary>Cancer.gov</Dictionary><Audience>Patient</Audience></TermDefinition><MediaLink ref="CDR0000711540" type="audio/mpeg" alt="Pronunciation of dictionary term &quot;pediatric nurse specialist&quot;" language="en" id="_3"/><MediaLink ref="CDR0000711539" type="audio/mpeg" alt="Pronunciation of dictionary term &quot;enfermero especializado en pediatría&quot;" language="es" id="_4"/><SpanishTermName>enfermero especializado en pediatría</SpanishTermName><SpanishTermDefinition><DefinitionText>Enfermero con título de grado avanzado en enfermería que se especializa en la atención de los niños.</DefinitionText><Dictionary>Cancer.gov</Dictionary><Audience>Patient</Audience></SpanishTermDefinition><DateFirstPublished>2003-07-26</DateFirstPublished><DateLastModified>2007-03-29</DateLastModified></GlossaryTerm>
