<?xml version="1.0" encoding="utf-8"?>
<!DOCTYPE GlossaryTerm >
<GlossaryTerm id="CDR0000302460"><TermName>hypoxia</TermName><TermPronunciation>(hy-POK-see-uh)</TermPronunciation><TermDefinition><DefinitionText>A condition in which there is a decrease in the oxygen supply to a tissue. In cancer treatment, the level of hypoxia in a tumor may help predict the response of the tumor to the treatment.</DefinitionText><Dictionary>Cancer.gov</Dictionary><Audience>Patient</Audience></TermDefinition><MediaLink ref="CDR0000710220" type="audio/mpeg" alt="Pronunciation of dictionary term &quot;hypoxia&quot;" language="en" id="_3"/><MediaLink ref="CDR0000710219" type="audio/mpeg" alt="Pronunciation of dictionary term &quot;hipoxia&quot;" language="es" id="_4"/><SpanishTermName>hipoxia</SpanishTermName><SpanishTermDefinition><DefinitionText>Trastorno en el que hay una disminución del suministro de oxígeno a un tejido. En un tratamiento contra el cáncer, el nivel de hipoxia en un tumor puede ayudar a predecir la respuesta del tumor al tratamiento.</DefinitionText><Dictionary>Cancer.gov</Dictionary><Audience>Patient</Audience></SpanishTermDefinition><DateFirstPublished>2003-04-23</DateFirstPublished></GlossaryTerm>
