<?xml version="1.0" encoding="utf-8"?>
<!DOCTYPE GlossaryTerm >
<GlossaryTerm id="CDR0000302475"><TermName>lymphoblast</TermName><TermPronunciation>(LIM-foh-BLAST)</TermPronunciation><TermDefinition><DefinitionText>A lymphocyte that has gotten larger after being stimulated by an antigen. Lymphoblast also refers to an immature cell that can develop into a mature lymphocyte.</DefinitionText><Dictionary>Cancer.gov</Dictionary><Audience>Patient</Audience></TermDefinition><MediaLink ref="CDR0000710173" type="audio/mpeg" alt="Pronunciation of dictionary term &quot;lymphoblast&quot;" language="en" id="_3"/><MediaLink ref="CDR0000710174" type="audio/mpeg" alt="Pronunciation of dictionary term &quot;linfoblasto&quot;" language="es" id="_4"/><MediaLink ref="CDR0000526538" type="image/jpeg" alt="Blood cell development; drawing shows the steps a blood stem cell goes through to become a red blood cell, platelet, or white blood cell. A myeloid stem cell becomes a red blood cell, a platelet, or a myeloblast, which then becomes a granulocyte (the types of granulocytes are eosinophils, basophils, and neutrophils). A lymphoid stem cell becomes a lymphoblast and then becomes a B-lymphocyte, T-lymphocyte, or natural killer cell." language="en" audience="Patients" thumb="Yes" id="_3"><Caption language="en">Blood cell development. A blood stem cell goes through several steps to become a red blood cell, platelet, or white blood cell. </Caption></MediaLink><MediaLink ref="CDR0000553603" type="image/jpeg" alt="Evolución de una célula sanguínea; el dibujo muestra el proceso por el que pasa una célula madre sanguínea para convertirse en un glóbulo rojo, una plaqueta o un glóbulo blanco. Una célula madre mieloide se convierte en un glóbulo rojo, una plaqueta, o un mieloblasto el cual luego se convierte en un granulocito (los tipos de granulocitos son eosinófilos, basófilos y neutrófilos). Una célula madre linfoide se convierte en un linfoblasto y luego en un linfocito B, un linfocito T o un linfocito citolítico natural." language="es" audience="Patients" thumb="Yes" id="_4"><Caption language="es">Evolución de una célula sanguínea. Una célula madre sanguínea pasa por varias etapas para convertirse en un glóbulo rojo, una plaqueta o un glóbulo blanco.</Caption></MediaLink><SpanishTermName>linfoblasto</SpanishTermName><SpanishTermDefinition><DefinitionText>Linfocito que se ha agrandado después de haber sido estimulado por un antígeno. La palabra linfoblasto también se refiere a una célula inmadura que puede desarrollarse y llegar a ser un linfocito.</DefinitionText><Dictionary>Cancer.gov</Dictionary><Audience>Patient</Audience></SpanishTermDefinition><DateFirstPublished>2003-04-23</DateFirstPublished><DateLastModified>2014-10-28</DateLastModified></GlossaryTerm>
