<?xml version="1.0" encoding="utf-8"?>
<!DOCTYPE GlossaryTerm >
<GlossaryTerm id="CDR0000306503"><TermName>high-energy photon therapy</TermName><TermPronunciation>(hy-EH-ner-jee FOH-ton THAYR-uh-pee)</TermPronunciation><TermDefinition><DefinitionText>A type of radiation therapy that uses high-energy photons (units of light energy). High-energy photons penetrate deeply into tissues to reach tumors while giving less radiation to superficial tissues such as the skin.</DefinitionText><Dictionary>Cancer.gov</Dictionary><Audience>Patient</Audience></TermDefinition><MediaLink ref="CDR0000711488" type="audio/mpeg" alt="Pronunciation of dictionary term &quot;high-energy photon therapy&quot;" language="en" id="_3"/><MediaLink ref="CDR0000711489" type="audio/mpeg" alt="Pronunciation of dictionary term &quot;terapia de fotones de energía alta&quot;" language="es" id="_4"/><SpanishTermName>terapia de fotones de energía alta</SpanishTermName><SpanishTermDefinition><DefinitionText>Tipo de radioterapia en la que se usan fotones de energía alta (unidades de energía de la luz). Los fotones de energía alta penetran profundamente en los tejidos para alcanzar los tumores, pero aplican menos radiación a los tejidos superficiales sanos como, por ejemplo, la piel.</DefinitionText><Dictionary>Cancer.gov</Dictionary><Audience>Patient</Audience></SpanishTermDefinition><DateFirstPublished>2003-05-23</DateFirstPublished><DateLastModified>2006-06-22</DateLastModified></GlossaryTerm>
