<?xml version="1.0" encoding="utf-8"?>
<!DOCTYPE GlossaryTerm >
<GlossaryTerm id="CDR0000330191"><TermName>happy major</TermName><TermPronunciation>(HA-pee MAY-jer)</TermPronunciation><TermDefinition><DefinitionText>A plant whose seeds and root have been used in some cultures to treat certain medical problems. It may have antioxidant effects. The scientific name is <ScientificName>Arctium lappa</ScientificName>. Also called burdock and lappa.</DefinitionText><Dictionary>Cancer.gov</Dictionary><Audience>Patient</Audience></TermDefinition><MediaLink ref="CDR0000731215" type="audio/mpeg" alt="Pronunciation of dictionary term &quot;happy major&quot;" language="en" id="_3"/><MediaLink ref="CDR0000731214" type="audio/mpeg" alt="Pronunciation of dictionary term &quot;hierba de los tiñosos&quot;" language="es" id="_4"/><SpanishTermName>hierba de los tiñosos</SpanishTermName><SpanishTermDefinition><DefinitionText>Planta cuyas semillas y raices se ha usado en algunas culturas para tratar ciertos problemas médicos. Podría tener efectos antioxidantes. El nombre científico es <ScientificName>Arctium lappa</ScientificName>. También se llama bardana y lampazo.</DefinitionText><Dictionary>Cancer.gov</Dictionary><Audience>Patient</Audience></SpanishTermDefinition><DateFirstPublished>2003-08-24</DateFirstPublished><DateLastModified>2008-06-04</DateLastModified></GlossaryTerm>
