<?xml version="1.0" encoding="utf-8"?>
<!DOCTYPE GlossaryTerm >
<GlossaryTerm id="CDR0000330190"><TermName>lappa</TermName><TermPronunciation>(LA-puh)</TermPronunciation><TermDefinition><DefinitionText>A plant whose seeds and root have been used in some cultures to treat certain medical problems. It may have antioxidant effects. The scientific name is <ScientificName>Arctium lappa</ScientificName>. Also called burdock and happy major.</DefinitionText><Dictionary>Cancer.gov</Dictionary><Audience>Patient</Audience></TermDefinition><MediaLink ref="CDR0000731041" type="audio/mpeg" alt="Pronunciation of dictionary term &quot;lappa&quot;" language="en" id="_3"/><MediaLink ref="CDR0000731040" type="audio/mpeg" alt="Pronunciation of dictionary term &quot;lampazo&quot;" language="es" id="_4"/><SpanishTermName>lampazo</SpanishTermName><SpanishTermDefinition><DefinitionText>Planta cuyas semillas y raíces se usan en algunas culturas para tratar ciertos problemas médicos. Podría tener efectos antioxidantes. El nombre científico es <ScientificName>Arctium lappa</ScientificName>. También se llama bardana y hierba de los tiñosos.</DefinitionText><Dictionary>Cancer.gov</Dictionary><Audience>Patient</Audience></SpanishTermDefinition><DateFirstPublished>2003-08-24</DateFirstPublished><DateLastModified>2008-06-04</DateLastModified></GlossaryTerm>
