<?xml version="1.0" encoding="utf-8"?>
<!DOCTYPE GlossaryTerm >
<GlossaryTerm id="CDR0000322895"><TermName>wedge resection</TermName><TermPronunciation>(wej ree-SEK-shun)</TermPronunciation><TermDefinition><DefinitionText>Surgery to remove a triangle-shaped slice of tissue. It may be used to remove a tumor and a small amount of normal tissue around it.</DefinitionText><Dictionary>Cancer.gov</Dictionary><Audience>Patient</Audience></TermDefinition><MediaLink ref="CDR0000711499" type="audio/mpeg" alt="Pronunciation of dictionary term &quot;wedge resection&quot;" language="en" id="_3"/><MediaLink ref="CDR0000711500" type="audio/mpeg" alt="Pronunciation of dictionary term &quot;resección en cuña&quot;" language="es" id="_4"/><MediaLink ref="CDR0000466555" type="image/jpeg" alt="Wedge resection of the lung; shows trachea and lungs with cancer in a lung lobe.  The removed lung tissue with the cancer and small amount of healthy tissue around it is shown next to the lung lobe it was removed from." language="en" audience="Patients" thumb="Yes" id="_2"><Caption language="en">Wedge resection of the lung. Part of the lung lobe containing the cancer and a small amount of healthy tissue around it is removed.</Caption></MediaLink><MediaLink ref="CDR0000494347" type="image/jpeg" alt="Resección en cuña del pulmón; muestra la tráquea y los pulmones con cáncer en uno de los lóbulos del pulmón. Se muestran el tejido extraído del pulmón con cáncer y una pequeña cantidad de tejido sano circundante al lado del lóbulo del pulmón del que se extrajo.  " language="es" audience="Patients" thumb="Yes" id="_4"><Caption language="es">Resección en cuña del pulmón. Se extrae una parte del pulmón con cáncer y una pequeña cantidad de tejido sano circundante.</Caption></MediaLink><SpanishTermName>resección en cuña</SpanishTermName><SpanishTermDefinition><DefinitionText>Cirugía para extirpar una porción de tejido en forma de triángulo. Se puede usar para extirpar un tumor y una pequeña cantidad del tejido normal que lo rodea.</DefinitionText><Dictionary>Cancer.gov</Dictionary><Audience>Patient</Audience></SpanishTermDefinition><DateFirstPublished>2003-07-26</DateFirstPublished><DateLastModified>2009-10-05</DateLastModified></GlossaryTerm>
