<?xml version="1.0" encoding="utf-8"?>
<!DOCTYPE GlossaryTerm >
<GlossaryTerm id="CDR0000318818"><TermName>neuropathologist</TermName><TermPronunciation>(NOOR-oh-puh-THAH-loh-jist)</TermPronunciation><TermDefinition><DefinitionText>A pathologist who specializes in diseases of the nervous system. A pathologist identifies disease by studying cells and tissues under a microscope.</DefinitionText><Dictionary>Cancer.gov</Dictionary><Audience>Patient</Audience></TermDefinition><MediaLink ref="CDR0000711196" type="audio/mpeg" alt="Pronunciation of dictionary term &quot;neuropathologist&quot;" language="en" id="_3"/><MediaLink ref="CDR0000711197" type="audio/mpeg" alt="Pronunciation of dictionary term &quot;neuropatólogo&quot;" language="es" id="_4"/><SpanishTermName>neuropatólogo</SpanishTermName><SpanishTermDefinition><DefinitionText>Patólogo que se especializa en las enfermedades del sistema nervioso. Un patólogo identifica las enfermedades mediante el estudio de las células y los tejidos observados bajo un microscopio.</DefinitionText><Dictionary>Cancer.gov</Dictionary><Audience>Patient</Audience></SpanishTermDefinition><DateFirstPublished>2003-07-26</DateFirstPublished><DateLastModified>2007-03-29</DateLastModified></GlossaryTerm>
