<?xml version="1.0" encoding="utf-8"?>
<!DOCTYPE GlossaryTerm >
<GlossaryTerm id="CDR0000305992"><TermName>hereditary leiomyomatosis and renal cell cancer syndrome</TermName><TermPronunciation>(heh-REH-dih-tayr-ee LY-oh-MY-oh-muh-TOH-sis ... REE-nul sel KAN-ser SIN-drome)</TermPronunciation><TermDefinition><DefinitionText>A rare inherited disorder that increases the risk of developing benign (not cancer) tumors of the skin and the uterus (leiomyomas) and malignant (cancer) tumors of the uterus (leiomyosarcoma) and the kidney. Also called HLRCC.</DefinitionText><Dictionary>Cancer.gov</Dictionary><Audience>Patient</Audience></TermDefinition><MediaLink ref="CDR0000710180" type="audio/mpeg" alt="Pronunciation of dictionary term &quot;hereditary leiomyomatosis and renal cell cancer syndrome&quot;" language="en" id="_3"/><MediaLink ref="CDR0000710179" type="audio/mpeg" alt="Pronunciation of dictionary term &quot;leiomiomatosis hereditaria y síndrome de cáncer de células renales&quot;" language="es" id="_4"/><SpanishTermName>leiomiomatosis hereditaria y síndrome de cáncer de células renales</SpanishTermName><SpanishTermDefinition><DefinitionText>Trastorno hereditario poco frecuente que aumenta el riesgo de padecer de tumores benignos (no cancerosos) de la piel y el útero (leiomiomas), y tumores malignos (cancerosos) del útero (leiomiosarcoma) y el riñón. También se llama HLRCC.</DefinitionText><Dictionary>Cancer.gov</Dictionary><Audience>Patient</Audience></SpanishTermDefinition><DateFirstPublished>2003-05-23</DateFirstPublished><DateLastModified>2009-03-20</DateLastModified></GlossaryTerm>
