<?xml version="1.0" encoding="utf-8"?>
<!DOCTYPE GlossaryTerm >
<GlossaryTerm id="CDR0000304725"><TermName>menopausal hormone therapy</TermName><TermPronunciation>(MEH-nuh-PAW-zul HOR-mone THAYR-uh-pee)</TermPronunciation><TermDefinition><DefinitionText>Hormones (estrogen, progesterone, or both) given to women after menopause to replace the hormones no longer produced by the ovaries. Also called hormone replacement therapy and HRT.</DefinitionText><Dictionary>Cancer.gov</Dictionary><Audience>Patient</Audience></TermDefinition><MediaLink ref="CDR0000709913" type="audio/mpeg" alt="Pronunciation of dictionary term &quot;menopausal hormone therapy&quot;" language="en" id="_3"/><MediaLink ref="CDR0000709914" type="audio/mpeg" alt="Pronunciation of dictionary term &quot;terapia hormonal para la menopausia&quot;" language="es" id="_4"/><SpanishTermName>terapia hormonal para la menopausia</SpanishTermName><SpanishTermDefinition><DefinitionText>Hormonas (estrógeno, progesterona o ambas) administradas a las mujeres después de la menopausia para reemplazar las hormonas que los ovarios ya no producen. También se llama terapia de reemplazo hormonal y TRH.</DefinitionText><Dictionary>Cancer.gov</Dictionary><Audience>Patient</Audience></SpanishTermDefinition><DateFirstPublished>2003-05-23</DateFirstPublished><DateLastModified>2007-05-31</DateLastModified><RelatedInformation><RelatedExternalRef UseWith="en" xref="http://www.cancer.gov/about-cancer/causes-prevention/risk/hormones/mht-fact-sheet">Menopausal Hormone Therapy and Cancer</RelatedExternalRef><RelatedExternalRef UseWith="es" xref="http://www.cancer.gov/espanol/cancer/causas-prevencion/riesgo/hormonas/hoja-informativa-hormonas-menopausia">La terapia hormonal para la menopausia y el cáncer</RelatedExternalRef></RelatedInformation></GlossaryTerm>
