<?xml version="1.0" encoding="utf-8"?>
<!DOCTYPE GlossaryTerm >
<GlossaryTerm id="CDR0000335077"><TermName>Mullerian tumor</TermName><TermPronunciation>(myoo-LAYR-ee-un TOO-mer)</TermPronunciation><TermDefinition><DefinitionText>A rare cancer of the uterus, ovary, or fallopian tubes.</DefinitionText><Dictionary>Cancer.gov</Dictionary><Audience>Patient</Audience></TermDefinition><MediaLink ref="CDR0000711368" type="audio/mpeg" alt="Pronunciation of dictionary term &quot;Mullerian tumor&quot;" language="en" id="_3"/><MediaLink ref="CDR0000711369" type="audio/mpeg" alt="Pronunciation of dictionary term &quot;tumor de muller&quot;" language="es" id="_4"/><SpanishTermName>tumor de Müller</SpanishTermName><SpanishTermDefinition><DefinitionText>Cáncer poco frecuente de útero, ovario o trompas de Falopio.</DefinitionText><Dictionary>Cancer.gov</Dictionary><Audience>Patient</Audience></SpanishTermDefinition><DateFirstPublished>2003-09-24</DateFirstPublished><DateLastModified>2006-08-14</DateLastModified></GlossaryTerm>
