<?xml version="1.0" encoding="utf-8"?>
<!DOCTYPE GlossaryTerm >
<GlossaryTerm id="CDR0000321365"><TermName>desmoplastic</TermName><TermPronunciation>(DES-moh-PLAS-tik)</TermPronunciation><TermDefinition><DefinitionText>Causing or forming adhesions or fibrous connective tissue within a tumor.</DefinitionText><Dictionary>Cancer.gov</Dictionary><Audience>Patient</Audience></TermDefinition><MediaLink ref="CDR0000711509" type="audio/mpeg" alt="Pronunciation of dictionary term &quot;desmoplastic&quot;" language="en" id="_3"/><MediaLink ref="CDR0000711510" type="audio/mpeg" alt="Pronunciation of dictionary term &quot;desmoplásico&quot;" language="es" id="_4"/><SpanishTermName>desmoplásico</SpanishTermName><SpanishTermDefinition><DefinitionText>Que causa o forma adherencias o tejido conjuntivo fibroso dentro de un tumor.</DefinitionText><Dictionary>Cancer.gov</Dictionary><Audience>Patient</Audience></SpanishTermDefinition><DateFirstPublished>2003-07-26</DateFirstPublished></GlossaryTerm>
