<?xml version="1.0" encoding="utf-8"?>
<!DOCTYPE GlossaryTerm >
<GlossaryTerm id="CDR0000304721"><TermName>infertile</TermName><TermPronunciation>(in-FER-til)</TermPronunciation><TermDefinition><DefinitionText>Unable to produce children.</DefinitionText><Dictionary>Cancer.gov</Dictionary><Audience>Patient</Audience></TermDefinition><MediaLink ref="CDR0000731710" type="audio/mpeg" alt="Pronunciation of dictionary term &quot;infertile&quot;" language="en" id="_3"/><MediaLink ref="CDR0000731711" type="audio/mpeg" alt="Pronunciation of dictionary term &quot;infértil&quot;" language="es" id="_4"/><SpanishTermName>infértil</SpanishTermName><SpanishTermDefinition><DefinitionText>Incapaz de tener hijos.</DefinitionText><Dictionary>Cancer.gov</Dictionary><Audience>Patient</Audience></SpanishTermDefinition><DateFirstPublished>2003-05-23</DateFirstPublished></GlossaryTerm>
