<?xml version="1.0" encoding="utf-8"?>
<!DOCTYPE GlossaryTerm >
<GlossaryTerm id="CDR0000322880"><TermName>radiologic exam</TermName><TermPronunciation>(RAY-dee-oh-LAH-jik eg-ZAM)</TermPronunciation><TermDefinition><DefinitionText>A test that uses radiation or other imaging procedures to find signs of cancer or other abnormalities.</DefinitionText><Dictionary>Cancer.gov</Dictionary><Audience>Patient</Audience></TermDefinition><MediaLink ref="CDR0000711474" type="audio/mpeg" alt="Pronunciation of dictionary term &quot;radiologic exam&quot;" language="en" id="_3"/><MediaLink ref="CDR0000711475" type="audio/mpeg" alt="Pronunciation of dictionary term &quot;examen radiológico&quot;" language="es" id="_4"/><SpanishTermName>examen radiológico</SpanishTermName><SpanishTermDefinition><DefinitionText>Prueba en la que se utiliza radiación u otro procedimiento de imaginología para encontrar signos de cáncer u otras anormalidades.</DefinitionText><Dictionary>Cancer.gov</Dictionary><Audience>Patient</Audience></SpanishTermDefinition><DateFirstPublished>2003-07-26</DateFirstPublished><DateLastModified>2007-03-29</DateLastModified></GlossaryTerm>
