<?xml version="1.0" encoding="utf-8"?>
<!DOCTYPE GlossaryTerm >
<GlossaryTerm id="CDR0000321384"><TermName>perineum</TermName><TermPronunciation>(PAYR-ih-NEE-um)</TermPronunciation><TermDefinition><DefinitionText>The area of the body between the anus and the vulva in females, and between the anus and the scrotum in males.</DefinitionText><Dictionary>Cancer.gov</Dictionary><Audience>Patient</Audience></TermDefinition><MediaLink ref="CDR0000731821" type="audio/mpeg" alt="Pronunciation of dictionary term &quot;perineum&quot;" language="en" id="_3"/><MediaLink ref="CDR0000731820" type="audio/mpeg" alt="Pronunciation of dictionary term &quot;perineo&quot;" language="es" id="_4"/><MediaLink ref="CDR0000752912" type="image/jpeg" alt="Drawing of the vulva shows the mons pubis, clitoris, urethral opening, inner and outer lips of the vagina, and the vaginal opening. Also shown are the perineum and anus." language="en" audience="Patients" thumb="Yes" id="_3"><Caption language="en">The perineum is part of the vulva and is the area between the anus and the vaginal opening in females. In males, it is the area between the scrotum and the anus.</Caption></MediaLink><MediaLink ref="CDR0000753982" type="image/jpeg" alt="El dibujo de la vulva  muestra el monte del pubis, el clítoris, la abertura de la uretra, los labios internos y externos de la vagina y la abertura de la vagina. También muestra el perineo y el ano." language="es" audience="Patients" thumb="Yes" id="_4"><Caption language="es">El perineo es parte de la vulva y la zona entre el ano y la abertura de la vagina en las mujeres. En los hombres, es la zona entre el escroto y el ano.</Caption></MediaLink><SpanishTermName>perineo</SpanishTermName><SpanishTermDefinition><DefinitionText>Área del cuerpo entre el ano y la vulva en las mujeres, y entre el ano y el escroto en los hombres.</DefinitionText><Dictionary>Cancer.gov</Dictionary><Audience>Patient</Audience></SpanishTermDefinition><DateFirstPublished>2003-07-26</DateFirstPublished><DateLastModified>2013-11-05</DateLastModified></GlossaryTerm>
