<?xml version="1.0" encoding="utf-8"?>
<!DOCTYPE GlossaryTerm >
<GlossaryTerm id="CDR0000306517"><TermName>sildenafil</TermName><TermPronunciation>(sil-DEH-nuh-FIL)</TermPronunciation><TermDefinition><DefinitionText>A drug used to treat erectile dysfunction. Sildenafil relaxes the smooth muscle of the penis to allow increased blood flow and erection. It is a type of phosphodiesterase inhibitor. Also called Viagra.</DefinitionText><Dictionary>Cancer.gov</Dictionary><Audience>Patient</Audience></TermDefinition><MediaLink ref="CDR0000731619" type="audio/mpeg" alt="Pronunciation of dictionary term &quot;sildenafil&quot;" language="en" id="_3"/><MediaLink ref="CDR0000731618" type="audio/mpeg" alt="Pronunciation of dictionary term &quot;sildenafilo&quot;" language="es" id="_4"/><SpanishTermName>sildenafilo</SpanishTermName><SpanishTermDefinition><DefinitionText>Sustancia usada para tratar la disfunción eréctil. El sildenafilo relaja el músculo liso del pene para permitir mayor flujo sanguíneo y erección. Es un tipo de inhibidor de la fosfodiesterasa. También se llama Viagra.</DefinitionText><Dictionary>Cancer.gov</Dictionary><Audience>Patient</Audience></SpanishTermDefinition><DateFirstPublished>2003-05-23</DateFirstPublished><DateLastModified>2007-01-29</DateLastModified></GlossaryTerm>
