<?xml version="1.0" encoding="utf-8"?>
<!DOCTYPE GlossaryTerm >
<GlossaryTerm id="CDR0000305997"><TermName>talaporfin sodium</TermName><TermPronunciation>(ta-luh-POR-fin SOH-dee-um)</TermPronunciation><TermDefinition><DefinitionText>A drug used in photodynamic therapy. When absorbed by cancer cells and exposed to light, the drug becomes active and kills the cancer cells.</DefinitionText><Dictionary>Cancer.gov</Dictionary><Audience>Patient</Audience></TermDefinition><MediaLink ref="CDR0000710142" type="audio/mpeg" alt="Pronunciation of dictionary term &quot;talaporfin sodium&quot;" language="en" id="_3"/><MediaLink ref="CDR0000710141" type="audio/mpeg" alt="Pronunciation of dictionary term &quot;talaporfina sódica&quot;" language="es" id="_4"/><SpanishTermName>talaporfina sódica</SpanishTermName><SpanishTermDefinition><DefinitionText>Medicamento usado en la terapia fotodinámica. Cuando las células cancerosas lo absorben y se exponen a la luz, el medicamento se activa y destruye las células cancerosas.</DefinitionText><Dictionary>Cancer.gov</Dictionary><Audience>Patient</Audience></SpanishTermDefinition><DateFirstPublished>2003-05-23</DateFirstPublished><DateLastModified>2007-06-18</DateLastModified></GlossaryTerm>
