<?xml version="1.0" encoding="utf-8"?>
<!DOCTYPE GlossaryTerm >
<GlossaryTerm id="CDR0000306519"><TermName>single-photon emission computed tomography</TermName><TermPronunciation>(SIN-gul-FOH-ton ee-MIH-shun kum-PYOO-ted toh-MAH-gruh-fee)</TermPronunciation><TermDefinition><DefinitionText>A special type of computed tomography (CT) scan in which a small amount of a radioactive drug is injected into a vein and a scanner is used to make detailed images of areas inside the body where the radioactive material is taken up by the cells. Single-photon emission computed tomography can give information about blood flow to tissues and chemical reactions (metabolism) in the body. Also called SPECT.</DefinitionText><Dictionary>Cancer.gov</Dictionary><Audience>Patient</Audience></TermDefinition><MediaLink ref="CDR0000711128" type="audio/mpeg" alt="Pronunciation of dictionary term &quot;single-photon emission computed tomography&quot;" language="en" id="_3"/><MediaLink ref="CDR0000711127" type="audio/mpeg" alt="Pronunciation of dictionary term &quot;tomografía computarizada por emisión de fotón único&quot;" language="es" id="_4"/><SpanishTermName>tomografía computarizada por emisión de fotón único</SpanishTermName><SpanishTermDefinition><DefinitionText>Tipo especial de tomografía computarizada (TC) para la que se inyecta una cantidad pequeña de un medicamento radiactivo en una vena y luego se usa un escáner para obtener imágenes detalladas de la áreas donde las células absorbieron el material radiactivo. La tomografía computarizada por emisión de fotón único puede proporcionar información sobre el flujo de la sangre a los tejidos y sobre las reacciones químicas (metabolismo) del cuerpo. También se llama TCEFU.</DefinitionText><Dictionary>Cancer.gov</Dictionary><Audience>Patient</Audience></SpanishTermDefinition><DateFirstPublished>2003-05-23</DateFirstPublished><DateLastModified>2008-01-16</DateLastModified></GlossaryTerm>
