<?xml version="1.0" encoding="utf-8"?>
<!DOCTYPE GlossaryTerm >
<GlossaryTerm id="CDR0000322884"><TermName>specificity</TermName><TermPronunciation>(SPEH-sih-FIH-sih-tee)</TermPronunciation><TermDefinition><DefinitionText>When referring to a medical test, specificity refers to the percentage of people who test negative for a specific disease among a group of people who do not have the disease. No test is 100% specific because some people who do not have the disease will test positive for it (false positive).</DefinitionText><Dictionary>Cancer.gov</Dictionary><Audience>Patient</Audience></TermDefinition><TermDefinition><DefinitionText>The frequency with which a test yields a true negative result among individuals who do not have the disease or the gene mutation in question. A test with high specificity has a low false-positive rate and thus does a good job of correctly classifying unaffected individuals.</DefinitionText><Dictionary>Genetics</Dictionary><Audience>Health professional</Audience></TermDefinition><MediaLink ref="CDR0000731603" type="audio/mpeg" alt="Pronunciation of dictionary term &quot;specificity&quot;" language="en" id="_3"/><MediaLink ref="CDR0000731602" type="audio/mpeg" alt="Pronunciation of dictionary term &quot;especificidad&quot;" language="es" id="_4"/><SpanishTermName>especificidad</SpanishTermName><SpanishTermDefinition><DefinitionText>Cuando se trata de una prueba médica, la especificidad se refiere al porcentaje de personas cuyas pruebas tiene resultados negativos para una enfermedad específica entre un grupo de personas que no padecen de la enfermedad. Ninguna prueba es 100% específica porque algunas personas que no padecen de la enfermedad tendrán resultados positivos en la prueba de la enfermedad (falso positivos).</DefinitionText><Dictionary>Cancer.gov</Dictionary><Audience>Patient</Audience></SpanishTermDefinition><DateFirstPublished>2003-07-26</DateFirstPublished><DateLastModified>2007-04-19</DateLastModified></GlossaryTerm>
