<?xml version="1.0" encoding="utf-8"?>
<!DOCTYPE GlossaryTerm >
<GlossaryTerm id="CDR0000318813"><TermName>cure</TermName><TermPronunciation>(kyoor)</TermPronunciation><TermDefinition><DefinitionText>To heal or restore health; a treatment to restore health.</DefinitionText><Dictionary>Cancer.gov</Dictionary><Audience>Patient</Audience></TermDefinition><MediaLink ref="CDR0000731622" type="audio/mpeg" alt="Pronunciation of dictionary term &quot;cure&quot;" language="en" id="_3"/><MediaLink ref="CDR0000731623" type="audio/mpeg" alt="Pronunciation of dictionary term &quot;curar&quot;" language="es" id="_4"/><SpanishTermName>curar</SpanishTermName><SpanishTermDefinition><DefinitionText>Sanar o recuperar la salud; un tratamiento para recobrar la salud.</DefinitionText><Dictionary>Cancer.gov</Dictionary><Audience>Patient</Audience></SpanishTermDefinition><DateFirstPublished>2003-07-26</DateFirstPublished></GlossaryTerm>
