<?xml version="1.0" encoding="utf-8"?>
<!DOCTYPE GlossaryTerm >
<GlossaryTerm id="CDR0000322870"><TermName>rhinoscope</TermName><TermPronunciation>(RY-noh-skope)</TermPronunciation><TermDefinition><DefinitionText>A thin, tube-like instrument used to examine the inside of the nose. A rhinoscope has a light and a lens for viewing and may have a tool to remove tissue. Also called nasoscope.</DefinitionText><Dictionary>Cancer.gov</Dictionary><Audience>Patient</Audience></TermDefinition><MediaLink ref="CDR0000711454" type="audio/mpeg" alt="Pronunciation of dictionary term &quot;rhinoscope&quot;" language="en" id="_3"/><MediaLink ref="CDR0000711455" type="audio/mpeg" alt="Pronunciation of dictionary term &quot;rinoscopio&quot;" language="es" id="_4"/><SpanishTermName>rinoscopio</SpanishTermName><SpanishTermDefinition><DefinitionText>Instrumento con forma de tubo delgado usado para examinar el interior de la nariz. Un rinoscopio tiene una luz y una lente para observar y puede tener una herramienta para extraer tejido. También se llama nasoscopio.</DefinitionText><Dictionary>Cancer.gov</Dictionary><Audience>Patient</Audience></SpanishTermDefinition><DateFirstPublished>2003-07-26</DateFirstPublished><DateLastModified>2006-06-23</DateLastModified></GlossaryTerm>
