<?xml version="1.0" encoding="utf-8"?>
<!DOCTYPE GlossaryTerm >
<GlossaryTerm id="CDR0000322891"><TermName>transrectal biopsy</TermName><TermPronunciation>(tranz-REK-tul BY-op-see)</TermPronunciation><TermDefinition><DefinitionText>A procedure in which a sample of tissue is removed from the prostate using a thin needle that is inserted through the rectum and into the prostate. Transrectal ultrasound (TRUS) is usually used to guide the needle. The sample is examined under a microscope to see if it contains cancer.</DefinitionText><Dictionary>Cancer.gov</Dictionary><Audience>Patient</Audience></TermDefinition><MediaLink ref="CDR0000711652" type="audio/mpeg" alt="Pronunciation of dictionary term &quot;transrectal biopsy&quot;" language="en" id="_3"/><MediaLink ref="CDR0000711653" type="audio/mpeg" alt="Pronunciation of dictionary term &quot;biopsia transrectal&quot;" language="es" id="_4"/><MediaLink ref="CDR0000446226" type="image/jpeg" alt="Transrectal biopsy; drawing shows a side view of the prostate, bladder, and rectum. Drawing also shows an ultrasound probe with a needle inserted into the rectum to remove a tissue sample from the prostate." language="en" audience="Patients" thumb="Yes" id="_2"><Caption language="en">Transrectal biopsy. An ultrasound probe is inserted into the rectum to show where the tumor is. Then a needle is inserted through the rectum into the prostate to remove tissue from the prostate.</Caption></MediaLink><MediaLink ref="CDR0000457836" type="image/jpeg" alt="Biopsia trasrectal; el dibujo muestra una vista lateral de la próstata, la vejiga y el recto. El dibujo también muestra una sonda de ecografía con una aguja que se inserta en el recto para extraer una muestra de tejido de la próstata." language="es" audience="Patients" thumb="Yes" id="_4"><Caption language="es">Biopsia trasrectal. Se inserta una sonda de ecografía en el recto para mostrar dónde se encuentra el tumor.  Después, se inserta una aguja por el recto hasta la próstata para extraer tejido de la próstata.</Caption></MediaLink><SpanishTermName>biopsia transrectal</SpanishTermName><SpanishTermDefinition><DefinitionText>Procedimiento por el que se extrae una muestra de tejido de la próstata por medio de una aguja fina que se introduce por el recto hasta la próstata. Por lo general, se utiliza la ecografía transrectal (ETR) para guiar la aguja. Se observa la muestra bajo un microscopio para ver si contiene cáncer.</DefinitionText><Dictionary>Cancer.gov</Dictionary><Audience>Patient</Audience></SpanishTermDefinition><DateFirstPublished>2003-07-26</DateFirstPublished><DateLastModified>2006-01-04</DateLastModified></GlossaryTerm>
