<?xml version="1.0" encoding="utf-8"?>
<!DOCTYPE GlossaryTerm >
<GlossaryTerm id="CDR0000321362"><TermName>carnitine</TermName><TermPronunciation>(KAR-nih-teen)</TermPronunciation><TermDefinition><DefinitionText>A substance made in the muscle and liver tissue and found in certain foods, such as meat, poultry, fish, and some dairy products. It is used by many cells in the body to make energy from fatty acids.</DefinitionText><Dictionary>Cancer.gov</Dictionary><Audience>Patient</Audience></TermDefinition><MediaLink ref="CDR0000711694" type="audio/mpeg" alt="Pronunciation of dictionary term &quot;carnitine&quot;" language="en" id="_3"/><MediaLink ref="CDR0000711695" type="audio/mpeg" alt="Pronunciation of dictionary term &quot;carnitina&quot;" language="es" id="_4"/><SpanishTermName>carnitina</SpanishTermName><SpanishTermDefinition><DefinitionText>Sustancia elaborada por los tejidos de los músculos y el hígado. Se encuentra en algunos alimentos como la carne vacuna, las de aves de corral y los pescados, así como en algunos productos lácteos. Muchas células del cuerpo la usan para producir energía con los ácidos grasos.</DefinitionText><Dictionary>Cancer.gov</Dictionary><Audience>Patient</Audience></SpanishTermDefinition><DateFirstPublished>2003-07-26</DateFirstPublished><DateLastModified>2009-07-21</DateLastModified></GlossaryTerm>
