<?xml version="1.0" encoding="utf-8"?>
<!DOCTYPE GlossaryTerm >
<GlossaryTerm id="CDR0000322892"><TermName>transurethral biopsy</TermName><TermPronunciation>(TRANZ-yoo-REE-thrul BY-op-see)</TermPronunciation><TermDefinition><DefinitionText>A procedure in which a sample of tissue is removed from the prostate for examination under a microscope. A thin, lighted tube is inserted through the urethra into the prostate, and a small piece of tissue is removed with a cutting loop.</DefinitionText><Dictionary>Cancer.gov</Dictionary><Audience>Patient</Audience></TermDefinition><MediaLink ref="CDR0000711496" type="audio/mpeg" alt="Pronunciation of dictionary term &quot;transurethral biopsy&quot;" language="en" id="_3"/><MediaLink ref="CDR0000711495" type="audio/mpeg" alt="Pronunciation of dictionary term &quot;biopsia transuretral&quot;" language="es" id="_4"/><SpanishTermName>biopsia transuretral</SpanishTermName><SpanishTermDefinition><DefinitionText>Procedimiento en el que se extirpa tejido de la próstata para examinarlo bajo un microscopio. Se inserta un tubo delgado con luz a través de la uretra hasta la próstata y se extirpa un pedazo pequeño de tejido con un alambre fino cortante en forma de lazo.</DefinitionText><Dictionary>Cancer.gov</Dictionary><Audience>Patient</Audience></SpanishTermDefinition><DateFirstPublished>2003-07-26</DateFirstPublished><DateLastModified>2007-12-05</DateLastModified></GlossaryTerm>
