<?xml version="1.0" encoding="utf-8"?>
<!DOCTYPE GlossaryTerm >
<GlossaryTerm id="CDR0000335092"><TermName>mesonephroma</TermName><TermPronunciation>(MEH-zoh-neh-FROH-muh)</TermPronunciation><TermDefinition><DefinitionText>A rare type of tumor, usually of the female genital tract, in which the insides of the cells look clear when viewed under a microscope. Also called clear cell adenocarcinoma and clear cell carcinoma.</DefinitionText><Dictionary>Cancer.gov</Dictionary><Audience>Patient</Audience></TermDefinition><MediaLink ref="CDR0000711380" type="audio/mpeg" alt="Pronunciation of dictionary term &quot;mesonephroma&quot;" language="en" id="_3"/><MediaLink ref="CDR0000711381" type="audio/mpeg" alt="Pronunciation of dictionary term &quot;mesonefroma&quot;" language="es" id="_4"/><SpanishTermName>mesonefroma</SpanishTermName><SpanishTermDefinition><DefinitionText>Tipo de tumor poco frecuente, generalmente del aparato genital femenino, en el que el interior de las células parece vacío cuando se observan bajo un microscopio. También se llama adenocarcinoma de células claras y carcinoma de células claras.</DefinitionText><Dictionary>Cancer.gov</Dictionary><Audience>Patient</Audience></SpanishTermDefinition><DateFirstPublished>2003-09-24</DateFirstPublished><DateLastModified>2008-09-18</DateLastModified></GlossaryTerm>
