<?xml version="1.0" encoding="utf-8"?>
<!DOCTYPE GlossaryTerm >
<GlossaryTerm id="CDR0000304687"><TermName>chest x-ray</TermName><TermPronunciation>(chest EX-ray)</TermPronunciation><TermDefinition><DefinitionText>An x-ray of the structures inside the chest. An x-ray is a type of high-energy radiation that can go through the body and onto film, making pictures of areas inside the chest, which can be used to diagnose disease.</DefinitionText><Dictionary>Cancer.gov</Dictionary><Audience>Patient</Audience></TermDefinition><MediaLink ref="CDR0000731581" type="audio/mpeg" alt="Pronunciation of dictionary term &quot;chest x-ray&quot;" language="en" id="_3"/><MediaLink ref="CDR0000731580" type="audio/mpeg" alt="Pronunciation of dictionary term &quot;radiografía del tórax&quot;" language="es" id="_4"/><MediaLink ref="CDR0000428438" type="image/jpeg" alt="Chest x-ray; drawing shows the patient standing with her back to the x-ray machine.  X-rays are used to take pictures of organs and bones of the chest.  X-rays pass through the patient onto film." language="en" audience="Patients" thumb="Yes" id="_2"><Caption language="en">X-ray of the chest.  X-rays are used to take pictures of organs and bones of the chest.  X-rays pass through the patient onto film.  </Caption></MediaLink><MediaLink ref="CDR0000747141" type="image/jpeg" alt="Radiografía del tórax; el dibujo muestra a la paciente de pie con la espalda hacia la máquina de rayos-X. Las radiografías se utilizan para tomar imágenes de los órganos y huesos del pecho.  Los rayos X  pasan a través del paciente y se plasman en una película." language="es" audience="Patients" thumb="Yes" id="_4"><Caption language="es">Radiografía del tórax.  Las radiografías se utilizan para tomar imágenes de los órganos y huesos del pecho.  Los rayos X pasan a través del cuerpo y se plasman en una película.</Caption></MediaLink><SpanishTermName>radiografía del tórax</SpanishTermName><SpanishTermDefinition><DefinitionText>Radiografía de las estructuras ubicadas en el interior del tórax. Un rayo X es un tipo de radiación de alta energía que puede atravesar el cuerpo y plasmarse en una película para tomar imágenes de las áreas internas del tórax; estas se pueden usar para diagnosticar enfermedades.</DefinitionText><Dictionary>Cancer.gov</Dictionary><Audience>Patient</Audience></SpanishTermDefinition><DateFirstPublished>2003-05-23</DateFirstPublished><DateLastModified>2005-04-27</DateLastModified></GlossaryTerm>
