<?xml version="1.0" encoding="utf-8"?>
<!DOCTYPE GlossaryTerm >
<GlossaryTerm id="CDR0000335076"><TermName>microstaging</TermName><TermPronunciation>(MY-kroh-STAY-jing)</TermPronunciation><TermDefinition><DefinitionText>A technique used to help determine the stage (extent) of melanoma and certain squamous cell cancers. A sample of skin that contains tumor tissue is examined under a microscope to find out how thick the tumor is and/or how deeply the tumor has grown into the skin or connective tissues.</DefinitionText><Dictionary>Cancer.gov</Dictionary><Audience>Patient</Audience></TermDefinition><MediaLink ref="CDR0000731540" type="audio/mpeg" alt="Pronunciation of dictionary term &quot;microstaging&quot;" language="en" id="_3"/><MediaLink ref="CDR0000731541" type="audio/mpeg" alt="Pronunciation of dictionary term &quot;microestadificación&quot;" language="es" id="_4"/><SpanishTermName>microestadificación</SpanishTermName><SpanishTermDefinition><DefinitionText>Técnica utilizada para ayudar a determinar el estadio (grado) de un melanoma y ciertos cánceres de células escamosas. Se examina una muestra de piel que contiene tejido con tumor bajo un microscopio para determinar el espesor del tumor o hasta qué profundidad creció el tumor en la piel o el tejido conjuntivo.</DefinitionText><Dictionary>Cancer.gov</Dictionary><Audience>Patient</Audience></SpanishTermDefinition><DateFirstPublished>2003-09-24</DateFirstPublished></GlossaryTerm>
