<?xml version="1.0" encoding="utf-8"?>
<!DOCTYPE GlossaryTerm >
<GlossaryTerm id="CDR0000304686"><TermName>gallium scan</TermName><TermPronunciation>(GA-lee-um skan)</TermPronunciation><TermDefinition><DefinitionText>A procedure to detect areas of the body where cells are dividing rapidly. It is used to locate cancer cells or areas of inflammation. A very small amount of radioactive gallium is injected into a vein and travels through the bloodstream. The gallium is taken up by rapidly dividing cells in the bones, tissues, and organs and is detected by a scanner.</DefinitionText><Dictionary>Cancer.gov</Dictionary><Audience>Patient</Audience></TermDefinition><MediaLink ref="CDR0000731691" type="audio/mpeg" alt="Pronunciation of dictionary term &quot;gallium scan&quot;" language="en" id="_3"/><MediaLink ref="CDR0000731690" type="audio/mpeg" alt="Pronunciation of dictionary term &quot;ecografía con galio&quot;" language="es" id="_4"/><SpanishTermName>ecografía con galio</SpanishTermName><SpanishTermDefinition><DefinitionText>Procedimiento para detectar las áreas corporales en las que las células se multiplican rápidamente. Se utiliza para localizar células cancerosas o áreas de inflamación. Se inyecta en una vena una cantidad muy pequeña de galio radiactivo que recorre la corriente sanguínea. El galio es absorbido por las células que se multiplican rápidamente en los huesos, los tejidos y los órganos, y se detecta con un gammágrafo.</DefinitionText><Dictionary>Cancer.gov</Dictionary><Audience>Patient</Audience></SpanishTermDefinition><DateFirstPublished>2003-05-23</DateFirstPublished></GlossaryTerm>
