<?xml version="1.0" encoding="utf-8"?>
<!DOCTYPE GlossaryTerm >
<GlossaryTerm id="CDR0000335063"><TermName>chloroma</TermName><TermPronunciation>(kloh-ROH-muh)</TermPronunciation><TermDefinition><DefinitionText>A malignant, green-colored tumor of myeloid cells (a type of immature white blood cell). This tumor is usually associated with myelogenous leukemia. Also called granulocytic sarcoma.</DefinitionText><Dictionary>Cancer.gov</Dictionary><Audience>Patient</Audience></TermDefinition><MediaLink ref="CDR0000731525" type="audio/mpeg" alt="Pronunciation of dictionary term &quot;chloroma&quot;" language="en" id="_3"/><MediaLink ref="CDR0000731524" type="audio/mpeg" alt="Pronunciation of dictionary term &quot;cloroma&quot;" language="es" id="_4"/><SpanishTermName>cloroma</SpanishTermName><SpanishTermDefinition><DefinitionText>Tumor maligno de color verde de las células mieloides (tipo de glóbulo blanco inmaduro). Este tumor está relacionado por lo general con la leucemia mielógena. También se llama sarcoma granulocítico.</DefinitionText><Dictionary>Cancer.gov</Dictionary><Audience>Patient</Audience></SpanishTermDefinition><DateFirstPublished>2003-09-24</DateFirstPublished><DateLastModified>2007-03-19</DateLastModified></GlossaryTerm>
