<?xml version="1.0" encoding="utf-8"?>
<!DOCTYPE GlossaryTerm >
<GlossaryTerm id="CDR0000302463"><TermName>Sho-saiko-to</TermName><TermPronunciation>(shoh-sah-ee-koh-toh)</TermPronunciation><TermDefinition><DefinitionText>A Japanese formulation of seven Chinese herbs that is being studied as a treatment for cancer.</DefinitionText><Dictionary>Cancer.gov</Dictionary><Audience>Patient</Audience></TermDefinition><MediaLink ref="CDR0000731635" type="audio/mpeg" alt="Pronunciation of dictionary term &quot;Sho-saiko-to&quot;" language="en" id="_3"/><MediaLink ref="CDR0000731634" type="audio/mpeg" alt="Pronunciation of dictionary term &quot;Sho-saiko-to&quot;" language="es" id="_4"/><SpanishTermName>Sho-saiko-to</SpanishTermName><SpanishTermDefinition><DefinitionText>Fórmula japonesa de siete hierbas chinas que está en estudio para el tratamiento del cáncer.</DefinitionText><Dictionary>Cancer.gov</Dictionary><Audience>Patient</Audience></SpanishTermDefinition><DateFirstPublished>2003-04-23</DateFirstPublished></GlossaryTerm>
