<?xml version="1.0" encoding="utf-8"?>
<!DOCTYPE GlossaryTerm >
<GlossaryTerm id="CDR0000321364"><TermName>deficiency</TermName><TermPronunciation>(dih-FIH-shun-see)</TermPronunciation><TermDefinition><DefinitionText>In medicine, a shortage of a substance (such as a vitamin or mineral) needed by the body.</DefinitionText><Dictionary>Cancer.gov</Dictionary><Audience>Patient</Audience></TermDefinition><MediaLink ref="CDR0000711507" type="audio/mpeg" alt="Pronunciation of dictionary term &quot;deficiency&quot;" language="en" id="_3"/><MediaLink ref="CDR0000711508" type="audio/mpeg" alt="Pronunciation of dictionary term &quot;deficiencia&quot;" language="es" id="_4"/><SpanishTermName>deficiencia</SpanishTermName><SpanishTermDefinition><DefinitionText>En el campo de la medicina, escasez de una sustancia (como una vitamina o mineral) que el cuerpo necesita.</DefinitionText><Dictionary>Cancer.gov</Dictionary><Audience>Patient</Audience></SpanishTermDefinition><DateFirstPublished>2003-07-26</DateFirstPublished><DateLastModified>2007-03-09</DateLastModified></GlossaryTerm>
