<?xml version="1.0" encoding="utf-8"?>
<!DOCTYPE GlossaryTerm >
<GlossaryTerm id="CDR0000302471"><TermName>YM598</TermName><TermDefinition><DefinitionText>A substance that is being studied as a treatment for advanced prostate cancer and for pain caused by prostate cancer that has spread to the bone. It belongs to the family of drugs called endothelin ETA receptor antagonists.</DefinitionText><Dictionary>Cancer.gov</Dictionary><Audience>Patient</Audience></TermDefinition><SpanishTermName>YM598</SpanishTermName><SpanishTermDefinition><DefinitionText>Sustancia en estudio para el tratamiento del cáncer avanzado de próstata y para el dolor producido por el cáncer de próstata que se ha diseminado a los huesos. Es un tipo de antagonista de los receptores ETA de la endotelina.</DefinitionText><Dictionary>Cancer.gov</Dictionary><Audience>Patient</Audience></SpanishTermDefinition><DateFirstPublished>2003-04-23</DateFirstPublished></GlossaryTerm>
