<?xml version="1.0" encoding="utf-8"?>
<!DOCTYPE GlossaryTerm >
<GlossaryTerm id="CDR0000321383"><TermName>penile implant</TermName><TermPronunciation>(PEE-nile IM-plant)</TermPronunciation><TermDefinition><DefinitionText>A firm rod or inflatable device that is placed in the penis (an external male reproductive organ) during a surgical procedure. The implant makes it possible to have and keep an erection. Penile implants are used to treat erectile dysfunction or impotence.</DefinitionText><Dictionary>Cancer.gov</Dictionary><Audience>Patient</Audience></TermDefinition><MediaLink ref="CDR0000711543" type="audio/mpeg" alt="Pronunciation of dictionary term &quot;penile implant&quot;" language="en" id="_3"/><MediaLink ref="CDR0000711544" type="audio/mpeg" alt="Pronunciation of dictionary term &quot;implante de pene&quot;" language="es" id="_4"/><SpanishTermName>implante de pene</SpanishTermName><SpanishTermDefinition><DefinitionText>Varilla firme o dispositivo inflable que se coloca en el pene durante un procedimiento quirúrgico. El implante permite tener y mantener una erección. Los implantes de pene se utilizan para tratar la disfunción eréctil o la impotencia.</DefinitionText><Dictionary>Cancer.gov</Dictionary><Audience>Patient</Audience></SpanishTermDefinition><DateFirstPublished>2003-07-26</DateFirstPublished><DateLastModified>2008-02-19</DateLastModified></GlossaryTerm>
