<?xml version="1.0" encoding="utf-8"?>
<!DOCTYPE GlossaryTerm >
<GlossaryTerm id="CDR0000322871"><TermName>neurological exam</TermName><TermPronunciation>(NOOR-oh-LAH-jih-kul eg-ZAM)</TermPronunciation><TermDefinition><DefinitionText>A series of questions and tests to check brain, spinal cord, and nerve function. The exam checks a person’s mental status, coordination, ability to walk, and how well the muscles, sensory systems, and deep tendon reflexes work.</DefinitionText><Dictionary>Cancer.gov</Dictionary><Audience>Patient</Audience></TermDefinition><MediaLink ref="CDR0000711456" type="audio/mpeg" alt="Pronunciation of dictionary term &quot;neurological exam&quot;" language="en" id="_3"/><MediaLink ref="CDR0000711457" type="audio/mpeg" alt="Pronunciation of dictionary term &quot;examen neurológico&quot;" language="es" id="_4"/><SpanishTermName>examen neurológico</SpanishTermName><SpanishTermDefinition><DefinitionText>Serie de preguntas y pruebas para evaluar el funcionamiento del cerebro, la médula espinal y los nervios. El examen analiza el estado mental de una persona, su coordinación, capacidad de caminar y cómo funcionan los músculos, los sistemas sensoriales y los reflejos de los tendones profundos.</DefinitionText><Dictionary>Cancer.gov</Dictionary><Audience>Patient</Audience></SpanishTermDefinition><DateFirstPublished>2003-07-26</DateFirstPublished><DateLastModified>2006-04-20</DateLastModified></GlossaryTerm>
