<?xml version="1.0" encoding="utf-8"?>
<!DOCTYPE GlossaryTerm >
<GlossaryTerm id="CDR0000322876"><TermName>pelvic lymphadenectomy</TermName><TermPronunciation>(PEL-vik LIM-fa-deh-NEK-toh-mee)</TermPronunciation><TermDefinition><DefinitionText>Surgery to remove lymph nodes in the pelvis for examination under a microscope to see if they contain cancer.</DefinitionText><Dictionary>Cancer.gov</Dictionary><Audience>Patient</Audience></TermDefinition><MediaLink ref="CDR0000711467" type="audio/mpeg" alt="Pronunciation of dictionary term &quot;pelvic lymphadenectomy&quot;" language="en" id="_3"/><MediaLink ref="CDR0000711466" type="audio/mpeg" alt="Pronunciation of dictionary term &quot;linfadenectomía pélvica&quot;" language="es" id="_4"/><SpanishTermName>linfadenectomía pélvica</SpanishTermName><SpanishTermDefinition><DefinitionText>Cirugía para extraer los ganglios linfáticos de la pelvis para examinarlos bajo un microscopio y observar si contienen cáncer.</DefinitionText><Dictionary>Cancer.gov</Dictionary><Audience>Patient</Audience></SpanishTermDefinition><DateFirstPublished>2003-07-26</DateFirstPublished><DateLastModified>2006-10-02</DateLastModified></GlossaryTerm>
