<?xml version="1.0" encoding="utf-8"?>
<!DOCTYPE GlossaryTerm >
<GlossaryTerm id="CDR0000335061"><TermName>ablation</TermName><TermPronunciation>(a-BLAY-shun)</TermPronunciation><TermDefinition><DefinitionText>In medicine, the removal or destruction of a body part or tissue or its function. Ablation may be performed by surgery, hormones, drugs, radiofrequency, heat, or other methods.</DefinitionText><Dictionary>Cancer.gov</Dictionary><Audience>Patient</Audience></TermDefinition><MediaLink ref="CDR0000711346" type="audio/mpeg" alt="Pronunciation of dictionary term &quot;ablation&quot;" language="en" id="_4"/><MediaLink ref="CDR0000711347" type="audio/mpeg" alt="Pronunciation of dictionary term &quot;Ablación&quot;" language="es" id="_3"/><SpanishTermName>ablación</SpanishTermName><SpanishTermDefinition><DefinitionText>En el campo de la medicina, extracción o destrucción de una parte del cuerpo o tejido o de su función. La ablación se puede realizar mediante cirugía, hormonas, medicamentos, radiofrecuencia, calor u otros métodos.</DefinitionText><Dictionary>Cancer.gov</Dictionary><Audience>Patient</Audience></SpanishTermDefinition><DateFirstPublished>2003-09-24</DateFirstPublished><DateLastModified>2003-11-18</DateLastModified></GlossaryTerm>
