<?xml version="1.0" encoding="utf-8"?>
<!DOCTYPE GlossaryTerm >
<GlossaryTerm id="CDR0000304691"><TermName>Sturge-Weber syndrome</TermName><TermPronunciation>(sterj-VAY-ber SIN-drome)</TermPronunciation><TermDefinition><DefinitionText>A rare, congenital disorder that affects the brain, skin, and eyes. Abnormal blood vessel growth occurs in the trigeminal nerve in the face and the meninges (covering) of the brain. This abnormal growth causes red or purple skin discoloration (sometimes called a port wine stain), usually on one side of the face, and can also cause seizures, learning disabilities, and glaucoma. Also called SWS.</DefinitionText><Dictionary>Cancer.gov</Dictionary><Audience>Patient</Audience></TermDefinition><MediaLink ref="CDR0000731694" type="audio/mpeg" alt="Pronunciation of dictionary term &quot;Sturge-Weber syndrome&quot;" language="en" id="_3"/><MediaLink ref="CDR0000731695" type="audio/mpeg" alt="Pronunciation of dictionary term &quot;síndrome de Sturge-Weber&quot;" language="es" id="_4"/><SpanishTermName>síndrome de Sturge-Weber</SpanishTermName><SpanishTermDefinition><DefinitionText>SWS (por sus siglas en inglés). Trastorno congénito poco frecuente que afecta el cerebro, la piel y los ojos. Se presenta un crecimiento anormal de vaso sanguíneo en el nervio trigémino de la cara y las meninges (membranas que recubren) del cerebro. Este crecimiento anormal produce una coloración roja o púrpura de la piel (a veces llamada mancha de vino de Oporto), por lo general en un lado de la cara, y también puede causar convulsiones, dificultades de aprendizaje y glaucoma. También se llama SSW.</DefinitionText><Dictionary>Cancer.gov</Dictionary><Audience>Patient</Audience></SpanishTermDefinition><DateFirstPublished>2003-05-23</DateFirstPublished><DateLastModified>2007-02-20</DateLastModified></GlossaryTerm>
