<?xml version="1.0" encoding="utf-8"?>
<!DOCTYPE GlossaryTerm >
<GlossaryTerm id="CDR0000318823"><TermName>pediatric surgeon</TermName><TermPronunciation>(pee-dee-A-trik SER-jun)</TermPronunciation><TermDefinition><DefinitionText>A surgeon who specializes in the treatment of children. A surgeon removes or repairs a part of the body by operating on the patient.</DefinitionText><Dictionary>Cancer.gov</Dictionary><Audience>Patient</Audience></TermDefinition><MediaLink ref="CDR0000731624" type="audio/mpeg" alt="Pronunciation of dictionary term &quot;pediatric surgeon&quot;" language="en" id="_3"/><MediaLink ref="CDR0000731625" type="audio/mpeg" alt="Pronunciation of dictionary term &quot;cirujano pediatra&quot;" language="es" id="_4"/><SpanishTermName>cirujano pediatra</SpanishTermName><SpanishTermDefinition><DefinitionText>Cirujano que se especializa en el tratamiento de niños. Un cirujano extrae o repara una parte del cuerpo mor medio de una operación quirúrgica realizada al paciente.</DefinitionText><Dictionary>Cancer.gov</Dictionary><Audience>Patient</Audience></SpanishTermDefinition><DateFirstPublished>2003-07-26</DateFirstPublished></GlossaryTerm>
