<?xml version="1.0" encoding="utf-8"?>
<!DOCTYPE GlossaryTerm >
<GlossaryTerm id="CDR0000335085"><TermName>fifth cranial nerve</TermName><TermPronunciation>(fith KRAY-nee-ul nerv)</TermPronunciation><TermDefinition><DefinitionText>The main sensory nerve of the head and face, and the motor nerve of the muscles used in chewing. Also called trigeminal nerve.</DefinitionText><Dictionary>Cancer.gov</Dictionary><Audience>Patient</Audience></TermDefinition><MediaLink ref="CDR0000731547" type="audio/mpeg" alt="Pronunciation of dictionary term &quot;fifth cranial nerve&quot;" language="en" id="_3"/><MediaLink ref="CDR0000731546" type="audio/mpeg" alt="Pronunciation of dictionary term &quot;quinto par craneal&quot;" language="es" id="_4"/><SpanishTermName>quinto par craneal</SpanishTermName><SpanishTermDefinition><DefinitionText>Nervio sensorial principal de la cabeza y el rostro, y nervio motor de los músculos usados para masticar. También se llama nervio trigémino.</DefinitionText><Dictionary>Cancer.gov</Dictionary><Audience>Patient</Audience></SpanishTermDefinition><DateFirstPublished>2003-09-24</DateFirstPublished></GlossaryTerm>
