<?xml version="1.0" encoding="utf-8"?>
<!DOCTYPE GlossaryTerm >
<GlossaryTerm id="CDR0000322855"><TermName>dose-dense chemotherapy</TermName><TermPronunciation>(dose-dents KEE-moh-THAYR-uh-pee)</TermPronunciation><TermDefinition><DefinitionText>A chemotherapy treatment plan in which drugs are given with less time between treatments than in a standard chemotherapy treatment plan.</DefinitionText><Dictionary>Cancer.gov</Dictionary><Audience>Patient</Audience></TermDefinition><MediaLink ref="CDR0000711432" type="audio/mpeg" alt="Pronunciation of dictionary term &quot;dose-dense chemotherapy&quot;" language="en" id="_3"/><MediaLink ref="CDR0000711433" type="audio/mpeg" alt="Pronunciation of dictionary term &quot;quimioterapia con dosis densa&quot;" language="es" id="_4"/><SpanishTermName>quimioterapia con dosis densa</SpanishTermName><SpanishTermDefinition><DefinitionText>Plan de tratamiento con quimioterapia en el cual se administran medicamentos de forma más seguida entre una y otra administración, que en un plan de tratamiento estándar de quimioterapia.</DefinitionText><Dictionary>Cancer.gov</Dictionary><Audience>Patient</Audience></SpanishTermDefinition><DateFirstPublished>2003-07-26</DateFirstPublished></GlossaryTerm>
