<?xml version="1.0" encoding="utf-8"?>
<!DOCTYPE GlossaryTerm >
<GlossaryTerm id="CDR0000304714"><TermName>breast self-exam</TermName><TermPronunciation>(brest self-eg-ZAM)</TermPronunciation><TermDefinition><DefinitionText>An exam by a woman of her breasts to check for lumps or other changes.</DefinitionText><Dictionary>Cancer.gov</Dictionary><Audience>Patient</Audience></TermDefinition><MediaLink ref="CDR0000710273" type="audio/mpeg" alt="Pronunciation of dictionary term &quot;breast self-exam&quot;" language="en" id="_3"/><MediaLink ref="CDR0000710274" type="audio/mpeg" alt="Pronunciation of dictionary term &quot;autoexamen de la mama&quot;" language="es" id="_4"/><SpanishTermName>autoexamen de la mama</SpanishTermName><SpanishTermDefinition><DefinitionText>Examen de las mamas que se realiza una mujer para comprobar la presencia de nódulos u otros cambios.</DefinitionText><Dictionary>Cancer.gov</Dictionary><Audience>Patient</Audience></SpanishTermDefinition><DateFirstPublished>2003-05-23</DateFirstPublished></GlossaryTerm>
