<?xml version="1.0" encoding="utf-8"?>
<!DOCTYPE GlossaryTerm >
<GlossaryTerm id="CDR0000304742"><TermName>overweight</TermName><TermPronunciation>(OH-ver-WAYT)</TermPronunciation><TermDefinition><DefinitionText>Being too heavy for one’s height. Excess body weight can come from fat, muscle, bone, and/or water retention. Being overweight does not always mean being obese.</DefinitionText><Dictionary>Cancer.gov</Dictionary><Audience>Patient</Audience></TermDefinition><MediaLink ref="CDR0000731728" type="audio/mpeg" alt="Pronunciation of dictionary term &quot;overweight&quot;" language="en" id="_3"/><MediaLink ref="CDR0000731729" type="audio/mpeg" alt="Pronunciation of dictionary term &quot;sobrepeso&quot;" language="es" id="_4"/><SpanishTermName>sobrepeso</SpanishTermName><SpanishTermDefinition><DefinitionText>Pesar demasiado con relación a la estatura. Exceso de peso en el cuerpo que puede resultar de la grasa, los músculos, los huesos o la retención de agua. Tener sobrepeso no siempre significa ser obeso.</DefinitionText><Dictionary>Cancer.gov</Dictionary><Audience>Patient</Audience></SpanishTermDefinition><DateFirstPublished>2003-05-23</DateFirstPublished><RelatedInformation><RelatedExternalRef UseWith="en" xref="http://www.cancer.gov/about-cancer/causes-prevention/risk/obesity">Obesity</RelatedExternalRef><RelatedExternalRef UseWith="es" xref="http://www.cancer.gov/espanol/cancer/causas-prevencion/riesgo/obesidad">Obesidad</RelatedExternalRef></RelatedInformation></GlossaryTerm>
