<?xml version="1.0" encoding="utf-8"?>
<!DOCTYPE GlossaryTerm >
<GlossaryTerm id="CDR0000318826"><TermName>resorption</TermName><TermPronunciation>(ree-SORP-shun)</TermPronunciation><TermDefinition><DefinitionText>A process in which a substance, such as tissue, is lost by being destroyed and then absorbed by the body.</DefinitionText><Dictionary>Cancer.gov</Dictionary><Audience>Patient</Audience></TermDefinition><MediaLink ref="CDR0000730772" type="audio/mpeg" alt="Pronunciation of dictionary term &quot;resorption&quot;" language="en" id="_3"/><MediaLink ref="CDR0000730773" type="audio/mpeg" alt="Pronunciation of dictionary term &quot;reabsorción&quot;" language="es" id="_4"/><SpanishTermName>reabsorción</SpanishTermName><SpanishTermDefinition><DefinitionText>Proceso en el que una sustancia, tal como un tejido, se pierde al ser destruído y luego es absorbido por el cuerpo.</DefinitionText><Dictionary>Cancer.gov</Dictionary><Audience>Patient</Audience></SpanishTermDefinition><DateFirstPublished>2003-07-26</DateFirstPublished></GlossaryTerm>
