<?xml version="1.0" encoding="utf-8"?>
<!DOCTYPE GlossaryTerm >
<GlossaryTerm id="CDR0000304692"><TermName>tuberous sclerosis</TermName><TermPronunciation>(TOO-ber-us skleh-ROH-sis)</TermPronunciation><TermDefinition><DefinitionText>A genetic disorder in which benign (not cancer) tumors form in the kidneys, brain, eyes, heart, lungs, and skin. This disease can cause seizures, mental disabilities, and different types of skin lesions.</DefinitionText><Dictionary>Cancer.gov</Dictionary><Audience>Patient</Audience></TermDefinition><MediaLink ref="CDR0000710096" type="audio/mpeg" alt="Pronunciation of dictionary term &quot;tuberous sclerosis&quot;" language="en" id="_3"/><MediaLink ref="CDR0000710095" type="audio/mpeg" alt="Pronunciation of dictionary term &quot;esclerosis tuberosa&quot;" language="es" id="_4"/><SpanishTermName>esclerosis tuberosa</SpanishTermName><SpanishTermDefinition><DefinitionText>Trastorno genético por el que se forman tumores benignos (no cancerosos) en los riñones, el cerebro, los ojos, el corazón, los pulmones y la piel. Esta enfermedad puede causar convulsiones, discapacidades mentales y diferentes tipos de lesiones en la piel.</DefinitionText><Dictionary>Cancer.gov</Dictionary><Audience>Patient</Audience></SpanishTermDefinition><DateFirstPublished>2003-05-23</DateFirstPublished><DateLastModified>2009-03-20</DateLastModified></GlossaryTerm>
