<?xml version="1.0" encoding="utf-8"?>
<!DOCTYPE GlossaryTerm >
<GlossaryTerm id="CDR0000322136"><TermName>cholelith</TermName><TermPronunciation>(KOH-leh-lith)</TermPronunciation><TermDefinition><DefinitionText>Solid material that forms in the gallbladder or common bile duct. Choleliths are made of cholesterol or other substances found in the gallbladder. They may occur as one large stone or as many small ones, and vary from the size of a golf ball to a grain of sand. Also called gallstone.</DefinitionText><Dictionary>Cancer.gov</Dictionary><Audience>Patient</Audience></TermDefinition><MediaLink ref="CDR0000731167" type="audio/mpeg" alt="Pronunciation of dictionary term &quot;cholelith&quot;" language="en" id="_3"/><MediaLink ref="CDR0000731166" type="audio/mpeg" alt="Pronunciation of dictionary term &quot;colelito&quot;" language="es" id="_4"/><SpanishTermName>colelito</SpanishTermName><SpanishTermDefinition><DefinitionText>Material sólido que se forma en la vesícula biliar o en el conducto biliar común. Los cálculos biliares están compuestos por colesterol u otras sustancias que se encuentran en la vesícula biliar. Pueden presentarse como un cálculo grande o muchos pequeños, y su tamaño varía desde el de una pelota de golf hasta el de un grano de arena. También se llama cálculo biliar.</DefinitionText><Dictionary>Cancer.gov</Dictionary><Audience>Patient</Audience></SpanishTermDefinition><DateFirstPublished>2003-07-26</DateFirstPublished><DateLastModified>2003-09-12</DateLastModified></GlossaryTerm>
