<?xml version="1.0" encoding="utf-8"?>
<!DOCTYPE GlossaryTerm >
<GlossaryTerm id="CDR0000322132"><TermName>BBR 2778</TermName><TermDefinition><DefinitionText>A substance that is being studied in the treatment of cancer. It belongs to the family of drugs called antitumor antibiotics. Also called pixantrone.</DefinitionText><Dictionary>Cancer.gov</Dictionary><Audience>Patient</Audience></TermDefinition><SpanishTermName>BBR 2778</SpanishTermName><SpanishTermDefinition><DefinitionText>Sustancia en estudio para el tratamiento de cáncer. Es un tipo de antibiótico antitumoral. También se llama pixantrone.</DefinitionText><Dictionary>Cancer.gov</Dictionary><Audience>Patient</Audience></SpanishTermDefinition><DateFirstPublished>2003-07-26</DateFirstPublished></GlossaryTerm>
