<?xml version="1.0" encoding="utf-8"?>
<!DOCTYPE GlossaryTerm >
<GlossaryTerm id="CDR0000322233"><TermName>sodium borocaptate</TermName><TermPronunciation>(SOH-dee-um BORE-oh-KAP-tayt)</TermPronunciation><TermDefinition><DefinitionText>A substance used in a type of radiation therapy called boron neutron capture therapy. Sodium borocaptate is injected into a vein and becomes concentrated in tumor cells. The patient then receives radiation treatment with atomic particles called neutrons. The neutrons react with the boron in sodium borocaptate and make radioactive particles that kill the tumor cells without harming normal cells. Also called BSH.</DefinitionText><Dictionary>Cancer.gov</Dictionary><Audience>Patient</Audience></TermDefinition><MediaLink ref="CDR0000711313" type="audio/mpeg" alt="Pronunciation of dictionary term &quot;sodium borocaptate&quot;" language="en" id="_3"/><MediaLink ref="CDR0000711312" type="audio/mpeg" alt="Pronunciation of dictionary term &quot;borocaptato de sodio&quot;" language="es" id="_4"/><SpanishTermName>borocaptato de sodio</SpanishTermName><SpanishTermDefinition><DefinitionText>Sustancia que se usa en un tipo de radioterapia llamada terapia por captura neutrónica en boro. El borocaptato de sodio se inyecta en una vena y se concentra en las células tumorales. A continuación, el paciente recibe el tratamiento de radiación con partículas atómicas llamadas neutrones. Los neutrones reaccionan con el boro en el borocaptato de sodio y producen partículas radiactivas que destruyen las células tumorales sin dañar las células normales. También se llama BSH.</DefinitionText><Dictionary>Cancer.gov</Dictionary><Audience>Patient</Audience></SpanishTermDefinition><DateFirstPublished>2003-07-26</DateFirstPublished><DateLastModified>2007-06-18</DateLastModified></GlossaryTerm>
