<?xml version="1.0" encoding="utf-8"?>
<!DOCTYPE GlossaryTerm >
<GlossaryTerm id="CDR0000315757"><TermName>cilengitide</TermName><TermPronunciation>(sy-LEN-gih-tide)</TermPronunciation><TermDefinition><DefinitionText>A substance that is being studied as an anticancer and antiangiogenesis drug. Also called EMD 121974.</DefinitionText><Dictionary>Cancer.gov</Dictionary><Audience>Patient</Audience></TermDefinition><MediaLink ref="CDR0000730959" type="audio/mpeg" alt="Pronunciation of dictionary term &quot;cilengitide&quot;" language="en" id="_3"/><MediaLink ref="CDR0000730958" type="audio/mpeg" alt="Pronunciation of dictionary term &quot;cilengitida&quot;" language="es" id="_4"/><SpanishTermName>cilengitida</SpanishTermName><SpanishTermDefinition><DefinitionText>Sustancia en estudio como medicamento contra el cáncer y antiangiogénico. También se llama EMD 121974.</DefinitionText><Dictionary>Cancer.gov</Dictionary><Audience>Patient</Audience></SpanishTermDefinition><DateFirstPublished>2003-06-23</DateFirstPublished><DateLastModified>2003-06-16</DateLastModified></GlossaryTerm>
