<?xml version="1.0" encoding="utf-8"?>
<!DOCTYPE GlossaryTerm >
<GlossaryTerm id="CDR0000304766"><TermName>breast</TermName><TermPronunciation>(brest)</TermPronunciation><TermDefinition><DefinitionText>Glandular organ located on the chest. The breast is made up of connective tissue, fat, and breast tissue that contains the glands that can make milk. Also called mammary gland.</DefinitionText><Dictionary>Cancer.gov</Dictionary><Audience>Patient</Audience></TermDefinition><MediaLink ref="CDR0000709983" type="audio/mpeg" alt="Pronunciation of dictionary term &quot;breast&quot;" language="en" id="_3"/><MediaLink ref="CDR0000709982" type="audio/mpeg" alt="Pronunciation of dictionary term &quot;mama&quot;" language="es" id="_4"/><MediaLink ref="CDR0000415520" type="image/jpeg" alt="Drawing of female breast anatomy showing  the lymph nodes, nipple, areola, chest wall, ribs, muscle, fatty tissue, lobe, ducts, and lobules." language="en" audience="Patients" thumb="Yes" id="_2"><Caption language="en">Anatomy of the female breast. The nipple and areola are shown on the outside of the breast. The lymph nodes, lobes, lobules, ducts, and other parts of the inside of the breast are also shown.</Caption></MediaLink><MediaLink ref="CDR0000694414" type="image/jpeg" alt="Anatomy of the male breast; drawing shows the nipple, areola, fatty tissue, ducts, nearby lymph nodes, ribs, and muscle." language="en" audience="Patients" thumb="Yes" id="_5"><Caption language="en">Male breast anatomy:  Anatomy of the male breast showing the nipple, areola, fatty tissue, and ducts.  Nearby lymph nodes, ribs, and muscle are also shown.</Caption></MediaLink><MediaLink ref="CDR0000710874" type="image/jpeg" alt="Dibujo de la anatomía de la mama femenina en el que se muestran los ganglios linfáticos, el pezón, la aréola, la pared torácica, las costillas, el músculo, el tejido graso, el lóbulo, los conductos y los lobulillos." language="es" audience="Patients" thumb="Yes" id="_6"><Caption language="es">Anatomía de la mama femenina. Se muestran el pezón y la aréola en la parte externa de la mama. También se muestran los ganglios linfáticos, los lóbulos, los lobulillos, los conductos y otras partes internas de la mama.</Caption></MediaLink><MediaLink ref="CDR0000710875" type="image/jpeg" alt="Anatomía de la mama masculina; el dibujo muestra el pezón, la aréola, el tejido graso, los conductos, los ganglios linfáticos cercanos, las costillas y el músculo." language="es" audience="Patients" thumb="Yes" id="_7"><Caption language="es">Anatomía de la mama masculina: anatomía de la mama masculina que muestra el pezón, la aréola, el tejido graso y los conductos. También se muestran los ganglios linfáticos cercanos, las costillas y el músculo.</Caption></MediaLink><SpanishTermName>mama</SpanishTermName><SpanishTermDefinition><DefinitionText>Órgano glandular ubicado en el pecho. La mama está formada por tejido conjuntivo, grasa y tejido mamario que contiene las glándulas que pueden producir la leche materna. También se llama glándula mamaria.</DefinitionText><Dictionary>Cancer.gov</Dictionary><Audience>Patient</Audience></SpanishTermDefinition><DateFirstPublished>2003-05-23</DateFirstPublished><DateLastModified>2011-09-30</DateLastModified><RelatedInformation><RelatedExternalRef UseWith="en" xref="http://www.cancer.gov/types/breast">Breast Cancer</RelatedExternalRef><RelatedExternalRef UseWith="es" xref="http://www.cancer.gov/espanol/tipos/seno">Cáncer de seno (mama)</RelatedExternalRef></RelatedInformation></GlossaryTerm>
