<?xml version="1.0" encoding="utf-8"?>
<!DOCTYPE GlossaryTerm >
<GlossaryTerm id="CDR0000321372"><TermName>erectile dysfunction</TermName><TermPronunciation>(eh-REK-tile dis-FUNK-shun)</TermPronunciation><TermDefinition><DefinitionText>An inability to have an erection of the penis adequate for sexual intercourse. Also called impotence.</DefinitionText><Dictionary>Cancer.gov</Dictionary><Audience>Patient</Audience></TermDefinition><MediaLink ref="CDR0000711522" type="audio/mpeg" alt="Pronunciation of dictionary term &quot;erectile dysfunction&quot;" language="en" id="_3"/><MediaLink ref="CDR0000711521" type="audio/mpeg" alt="Pronunciation of dictionary term &quot;disfunción eréctil&quot;" language="es" id="_4"/><SpanishTermName>disfunción eréctil</SpanishTermName><SpanishTermDefinition><DefinitionText>Incapacidad de lograr una erección del pene adecuada para el acto sexual. También se llama impotencia.</DefinitionText><Dictionary>Cancer.gov</Dictionary><Audience>Patient</Audience></SpanishTermDefinition><DateFirstPublished>2003-07-26</DateFirstPublished><DateLastModified>2003-09-12</DateLastModified></GlossaryTerm>
