<?xml version="1.0" encoding="utf-8"?>
<!DOCTYPE GlossaryTerm >
<GlossaryTerm id="CDR0000335064"><TermName>cholangiocarcinoma</TermName><TermPronunciation>(koh-LAN-jee-oh-KAR-sih-NOH-muh)</TermPronunciation><TermDefinition><DefinitionText>A rare cancer that forms in the bile ducts. A bile duct is a tube that carries bile (fluid made by the liver) between the liver and gallbladder and the small intestine.  Intrahepatic cholangiocarcinoma is found inside the liver. Extrahepatic cholangiocarcinoma is found outside the liver. Also called bile duct cancer.</DefinitionText><Dictionary>Cancer.gov</Dictionary><Audience>Patient</Audience></TermDefinition><MediaLink ref="CDR0000711350" type="audio/mpeg" alt="Pronunciation of dictionary term &quot;cholangiocarcinoma&quot;" language="en" id="_3"/><MediaLink ref="CDR0000711351" type="audio/mpeg" alt="Pronunciation of dictionary term &quot;colangiocarcinoma&quot;" language="es" id="_4"/><MediaLink ref="CDR0000659742" type="image/jpeg" alt="Anatomy of the extrahepatic bile ducts; drawing shows the liver, right and left hepatic ducts, gallbladder, cystic duct, common hepatic duct (hilum region), common bile duct (distal region), extrahepatic bile duct, pancreas, and small intestine. An inset shows the liver, bile ducts, and gallbladder." language="en" audience="Patients" thumb="Yes" id="_3"><Caption language="en">Anatomy of the extrahepatic bile ducts. Extrahepatic bile ducts are small tubes that carry bile outside of the liver.  They are made up of the common hepatic duct (hilum region) and the common bile duct (distal region). Bile is made in the liver and flows through the common hepatic duct and the cystic duct to the gallbladder, where it is stored. Bile is released from the gallbladder  when food is being digested.</Caption></MediaLink><MediaLink ref="CDR0000765897" type="image/jpeg" alt="Anatomy of the intrahepatic bile duct; drawing shows the liver, intrahepatic bile ducts, right and left hepatic ducts, gallbladder, pancreas, and small intestine. An inset shows a cross section of a liver lobule with a network of bile ductules leading into a bile duct." language="en" audience="Patients" thumb="Yes" id="_4"><Caption language="en">Anatomy of the intrahepatic bile ducts. Intrahepatic bile ducts are a network of small tubes that carry bile inside the liver. The smallest ducts, called ductules, come together to form the right hepatic bile duct and the left hepatic bile duct, which drain bile from the liver. Bile is stored in the gallbladder and is released when food is being digested.</Caption></MediaLink><MediaLink ref="CDR0000668855" type="image/jpeg" alt="Anatomía de la vía biliare extrahepática; el dibujo muestra el hígado, los conductos hepáticos derecho e izquierdo, la vesícula biliar, el conducto cístico, el conducto hepático común (región del hilio), el conducto colédoco (región distal), la vía biliar extrahepática, el páncreas y el intestino delgado. El recuadro muestra el hígado, ls conductos biliaresy  la vesícula biliar." language="es" audience="Patients" thumb="Yes" id="_5"><Caption language="es">Anatomía de la vía biliar extrahepática. Los conductos biliares extrahepáticos son tubos pequeños que llevan bilis por fuera del hígado. Están formados por el conducto hepático común (región del hilio) y el conducto colédoco (región distal). El hígado produce bilis y esta fluye a través del conducto hepático común y el conducto cístico hasta la vesícula biliar, donde se almacena. La vesícula biliar libera la bilis cuando se digieren alimentos.</Caption></MediaLink><MediaLink ref="CDR0000774903" type="image/jpeg" alt="Anatomía de la vía biliar intrahepáticas; el dibujo muestra el hígado, los conductos biliares intrahepáticos, los conductos hepáticos derecho e izquierdo, la vesícula biliar, el páncreas y el intestino delgado. El recuadro muestra un corte transversal de un lóbulo del hígado con una red de conductillos biliares que desembocan en un conducto  biliar." language="es" audience="Patients" thumb="Yes" id="_6"><Caption language="es">Anatomía de la vía biliar intrahepática. Los conductos biliares intrahepáticos son una red de tubos pequeños que llevan bilis dentro del hígado. Los conductos más pequeños, llamados conductillos, se unen para formar los conductos biliares hepáticos derecho e izquierdo por los que pasa la bilis hacia fuera del hígado. En la vesícula biliar se almacena la bilis que luego se libera cuando se digieren alimentos.</Caption></MediaLink><SpanishTermName>colangiocarcinoma</SpanishTermName><SpanishTermDefinition><DefinitionText>Cáncer poco común que se forma en las vías biliares  (conductos biliares). Los conductos biliares son tubos que transportan la bilis (líquido elaborado por el hígado) entre el hígado, la vesícula biliar y el intestino delgado.  El El colangiocarcinoma intrahepático se localiza en el interior del hígado. El  extrahepático se localiza fuera del hígado. También se llama cáncer de conducto biliar.</DefinitionText><Dictionary>Cancer.gov</Dictionary><Audience>Patient</Audience></SpanishTermDefinition><DateFirstPublished>2003-09-24</DateFirstPublished><DateLastModified>2015-08-31</DateLastModified><RelatedInformation><RelatedExternalRef UseWith="en" xref="http://www.cancer.gov/types/liver">Liver and Bile Duct Cancer</RelatedExternalRef><RelatedExternalRef UseWith="es" xref="http://www.cancer.gov/espanol/tipos/higado">Cáncer de hígado y de conducto biliar</RelatedExternalRef></RelatedInformation></GlossaryTerm>
