<?xml version="1.0" encoding="utf-8"?>
<!DOCTYPE GlossaryTerm >
<GlossaryTerm id="CDR0000335069"><TermName>hemangiosarcoma</TermName><TermPronunciation>(hee-MAN-jee-oh-sar-KOH-muh)</TermPronunciation><TermDefinition><DefinitionText>A type of cancer that begins in the cells that line blood vessels.</DefinitionText><Dictionary>Cancer.gov</Dictionary><Audience>Patient</Audience></TermDefinition><MediaLink ref="CDR0000711359" type="audio/mpeg" alt="Pronunciation of dictionary term &quot;hemangiosarcoma&quot;" language="en" id="_3"/><MediaLink ref="CDR0000711358" type="audio/mpeg" alt="Pronunciation of dictionary term &quot;hemangiosarcoma&quot;" language="es" id="_4"/><SpanishTermName>hemangiosarcoma</SpanishTermName><SpanishTermDefinition><DefinitionText>Tipo de cáncer que comienza en las células que revisten los vasos sanguíneos.</DefinitionText><Dictionary>Cancer.gov</Dictionary><Audience>Patient</Audience></SpanishTermDefinition><DateFirstPublished>2003-09-24</DateFirstPublished></GlossaryTerm>
