<?xml version="1.0" encoding="utf-8"?>
<!DOCTYPE GlossaryTerm >
<GlossaryTerm id="CDR0000306531"><TermName>GnRH</TermName><TermDefinition><DefinitionText>A hormone made by a part of the brain called the hypothalamus. GnRH causes the pituitary gland in the brain to make and secrete the hormones luteinizing hormone (LH) and follicle-stimulating hormone (FSH). In men, these hormones cause the testicles to make testosterone. In women, they cause the ovaries to make estrogen and progesterone. Also called gonadotropin-releasing hormone, LH-RH, LHRH,  and luteinizing hormone-releasing hormone.</DefinitionText><Dictionary>Cancer.gov</Dictionary><Audience>Patient</Audience></TermDefinition><SpanishTermName>HLGn</SpanishTermName><SpanishTermDefinition><DefinitionText>Hormona elaborada por una parte del cerebro que se llama hipotálamo. La HLGn hace que la hipófisis cerebral elabore y segregue las siguientes hormonas: hormona luteinizante  (HL) y hormona folículoestimulante (HFE). En los hombres, estas hormonas hacen que los testículos produzcan testosterona. En las mujeres, hacen que los ovarios produzcan estrógeno y progesterona. También se llama HL-HL, HLHL, hormona liberadora de gonadotropina,  y hormona liberadora de hormona luteinizante.</DefinitionText><Dictionary>Cancer.gov</Dictionary><Audience>Patient</Audience></SpanishTermDefinition><DateFirstPublished>2003-05-23</DateFirstPublished><DateLastModified>2014-03-13</DateLastModified></GlossaryTerm>
