<?xml version="1.0" encoding="utf-8"?>
<!DOCTYPE GlossaryTerm >
<GlossaryTerm id="CDR0000330182"><TermName>sesquiterpene lactone</TermName><TermPronunciation>(SES-kwih-TER-peen LAK-tone)</TermPronunciation><TermDefinition><DefinitionText>A substance found in some plants. Sesquiterpene lactones may have anti-inflammatory and anticancer effects. Plants containing sesquiterpene lactones have been used in some cultures to treat certain medical problems.</DefinitionText><Dictionary>Cancer.gov</Dictionary><Audience>Patient</Audience></TermDefinition><MediaLink ref="CDR0000731196" type="audio/mpeg" alt="Pronunciation of dictionary term &quot;sesquiterpene lactone&quot;" language="en" id="_3"/><MediaLink ref="CDR0000731197" type="audio/mpeg" alt="Pronunciation of dictionary term &quot;lactona sesquiterpena&quot;" language="es" id="_4"/><SpanishTermName>lactona sesquiterpena</SpanishTermName><SpanishTermDefinition><DefinitionText>Sustancia que se encuentra en algunas plantas. Las lactonas sesquiterpenas podrían tener efectos antiinflamatorios y anticancerosos. Las plantas que contienen lactonas sesquiterpenas se han usado en algunas culturas para tratar ciertos problemas médicos.</DefinitionText><Dictionary>Cancer.gov</Dictionary><Audience>Patient</Audience></SpanishTermDefinition><DateFirstPublished>2003-08-24</DateFirstPublished></GlossaryTerm>
