<?xml version="1.0" encoding="utf-8"?>
<!DOCTYPE GlossaryTerm >
<GlossaryTerm id="CDR0000322857"><TermName>intraluminal intubation and dilation</TermName><TermPronunciation>(IN-truh-LOO-mih-nul IN-too-BAY-shun … dy-LAY-shun)</TermPronunciation><TermDefinition><DefinitionText>A procedure in which a plastic or metal tube is inserted through the mouth into the esophagus (the tube that carries food to the stomach) to keep it open. This procedure may be used during radiation therapy for esophageal cancer.</DefinitionText><Dictionary>Cancer.gov</Dictionary><Audience>Patient</Audience></TermDefinition><MediaLink ref="CDR0000731591" type="audio/mpeg" alt="Pronunciation of dictionary term &quot;intraluminal intubation and dilation&quot;" language="en" id="_3"/><MediaLink ref="CDR0000731590" type="audio/mpeg" alt="Pronunciation of dictionary term &quot;intubación y dilatación intraluminal&quot;" language="es" id="_4"/><SpanishTermName>intubación y dilatación intraluminal</SpanishTermName><SpanishTermDefinition><DefinitionText>Procedimiento mediante el cual se coloca un tubo plástico o metálico por la boca hacia el esófago (el tubo que lleva alimentos al estómago) a fin de mantenerlo abierto. Se puede usar este procedimiento durante la radioterapia que se administra para tratar el cáncer del esófago.</DefinitionText><Dictionary>Cancer.gov</Dictionary><Audience>Patient</Audience></SpanishTermDefinition><DateFirstPublished>2003-07-26</DateFirstPublished></GlossaryTerm>
