<?xml version="1.0" encoding="utf-8"?>
<!DOCTYPE GlossaryTerm >
<GlossaryTerm id="CDR0000306504"><TermName>highly active antiretroviral therapy</TermName><TermPronunciation>(...AN-tee-REH-troh-VY-rul THAYR-uh-pee)</TermPronunciation><TermDefinition><DefinitionText>Treatment for human immunodeficiency virus (HIV) infection that uses a combination of several antiretroviral drugs. The drugs inhibit the ability of the virus to multiply in the body, and they slow down the development of AIDS. Also called HAART.</DefinitionText><Dictionary>Cancer.gov</Dictionary><Audience>Patient</Audience></TermDefinition><MediaLink ref="CDR0000711491" type="audio/mpeg" alt="Pronunciation of dictionary term &quot;highly active antiretroviral therapy&quot;" language="en" id="_3"/><MediaLink ref="CDR0000711490" type="audio/mpeg" alt="Pronunciation of dictionary term &quot;tratamiento antirretrovírico de gran actividad&quot;" language="es" id="_4"/><SpanishTermName>tratamiento antirretrovírico de gran actividad</SpanishTermName><SpanishTermDefinition><DefinitionText>Tratamiento de la infección por el virus de la inmunodeficiencia humana (VIH) que usa una combinación de varios medicamentos antirretrovíricos. Los medicamentos impiden que el virus pueda multiplicarse en el cuerpo y demoran la aparición del SIDA. También se llama TARGA.</DefinitionText><Dictionary>Cancer.gov</Dictionary><Audience>Patient</Audience></SpanishTermDefinition><DateFirstPublished>2003-05-23</DateFirstPublished><DateLastModified>2007-01-31</DateLastModified></GlossaryTerm>
