<?xml version="1.0" encoding="utf-8"?>
<!DOCTYPE GlossaryTerm >
<GlossaryTerm id="CDR0000306515"><TermName>seocalcitol</TermName><TermPronunciation>(see-oh-KAL-sih-tol)</TermPronunciation><TermDefinition><DefinitionText>A substance that is being studied as a treatment for cancer. It belongs to the family of drugs called vitamin D analogs.</DefinitionText><Dictionary>Cancer.gov</Dictionary><Audience>Patient</Audience></TermDefinition><MediaLink ref="CDR0000731615" type="audio/mpeg" alt="Pronunciation of dictionary term &quot;seocalcitol&quot;" language="en" id="_3"/><MediaLink ref="CDR0000731614" type="audio/mpeg" alt="Pronunciation of dictionary term &quot;seocalcitol&quot;" language="es" id="_4"/><SpanishTermName>seocalcitol</SpanishTermName><SpanishTermDefinition><DefinitionText>Sustancia en estudio para el tratamiento del cáncer. Es un tipo de análogo de la vitamina D.</DefinitionText><Dictionary>Cancer.gov</Dictionary><Audience>Patient</Audience></SpanishTermDefinition><DateFirstPublished>2003-05-23</DateFirstPublished></GlossaryTerm>
