<?xml version="1.0" encoding="utf-8"?>
<!DOCTYPE GlossaryTerm >
<GlossaryTerm id="CDR0000304734"><TermName>needle-localized biopsy</TermName><TermPronunciation>(NEE-dul-LOH-kuh-lized BY-op-see)</TermPronunciation><TermDefinition><DefinitionText>A procedure to mark and remove abnormal tissue when the doctor cannot feel a lump. An imaging device is used to guide a thin wire with a hook on the end through a hollow needle to place the wire in or around the abnormal area. Once the wire is in the right place, the needle is removed and the wire is left in so the doctor will know where the abnormal tissue is. The wire is removed at the time the biopsy is done.</DefinitionText><Dictionary>Cancer.gov</Dictionary><Audience>Patient</Audience></TermDefinition><MediaLink ref="CDR0000709871" type="audio/mpeg" alt="Pronunciation of dictionary term &quot;needle-localized biopsy&quot;" language="en" id="_3"/><MediaLink ref="CDR0000709872" type="audio/mpeg" alt="Pronunciation of dictionary term &quot;biopsia por colocación de aguja&quot;" language="es" id="_4"/><SpanishTermName>biopsia por colocación de aguja</SpanishTermName><SpanishTermDefinition><DefinitionText>Procedimiento para marcar y extraer tejido anormal cuando un médico no puede palpar un nódulo. Se usa un aparato de imaginología para guiar un alambre fino con un gancho a través de una aguja hueca y colocar el alambre en el área anormal o alrededor de la misma. Una vez que el alambre está en el lugar correcto, se extrae la aguja y se deja el alambre en el lugar para que el médico sepa dónde está el tejido anormal. El alambre se saca una vez que se llevó a cabo la biopsia.</DefinitionText><Dictionary>Cancer.gov</Dictionary><Audience>Patient</Audience></SpanishTermDefinition><DateFirstPublished>2003-05-23</DateFirstPublished><DateLastModified>2009-04-27</DateLastModified></GlossaryTerm>
