<?xml version="1.0" encoding="utf-8"?>
<!DOCTYPE GlossaryTerm >
<GlossaryTerm id="CDR0000306491"><TermName>antihormone therapy</TermName><TermPronunciation>(AN-tee-HOR-mone THAYR-uh-pee)</TermPronunciation><TermDefinition><DefinitionText>Treatment with drugs, surgery, or radiation in order to block the production or action of a hormone. Antihormone therapy may be used in cancer treatment because certain hormones are able to stimulate the growth of some types of tumors.</DefinitionText><Dictionary>Cancer.gov</Dictionary><Audience>Patient</Audience></TermDefinition><MediaLink ref="CDR0000710162" type="audio/mpeg" alt="Pronunciation of dictionary term &quot;antihormone therapy&quot;" language="en" id="_3"/><MediaLink ref="CDR0000710161" type="audio/mpeg" alt="Pronunciation of dictionary term &quot;terapia antihormonal&quot;" language="es" id="_4"/><SpanishTermName>terapia antihormonal</SpanishTermName><SpanishTermDefinition><DefinitionText>Tratamiento con medicamentos, cirugía o radiación con el fin de impedir la producción o la acción de una hormona. La terapia antihormonal puede usarse en el tratamiento del cáncer porque ciertas hormonas pueden estimular el crecimiento de algunos tipos de tumores.</DefinitionText><Dictionary>Cancer.gov</Dictionary><Audience>Patient</Audience></SpanishTermDefinition><DateFirstPublished>2003-05-23</DateFirstPublished></GlossaryTerm>
