<?xml version="1.0" encoding="utf-8"?>
<!DOCTYPE GlossaryTerm >
<GlossaryTerm id="CDR0000322221"><TermName>moxifloxacin</TermName><TermPronunciation>(MOK-sih-FLOK-suh-sin)</TermPronunciation><TermDefinition><DefinitionText>A drug used to treat bacterial infections. It is a type of fluoroquinolone. Also called Avelox and moxifloxacin hydrochloride.</DefinitionText><Dictionary>Cancer.gov</Dictionary><Audience>Patient</Audience></TermDefinition><MediaLink ref="CDR0000711292" type="audio/mpeg" alt="Pronunciation of dictionary term &quot;moxifloxacin&quot;" language="en" id="_3"/><MediaLink ref="CDR0000711293" type="audio/mpeg" alt="Pronunciation of dictionary term &quot;moxifloxacino&quot;" language="es" id="_4"/><SpanishTermName>moxifloxacino</SpanishTermName><SpanishTermDefinition><DefinitionText>Medicamento que se usa para tratar infecciones bacterianas. Es un tipo de fluoroquinolona. También se llama Avelox y hidrocloruro de moxifloxacino.</DefinitionText><Dictionary>Cancer.gov</Dictionary><Audience>Patient</Audience></SpanishTermDefinition><DateFirstPublished>2003-07-26</DateFirstPublished><DateLastModified>2007-06-19</DateLastModified></GlossaryTerm>
