<?xml version="1.0" encoding="utf-8"?>
<!DOCTYPE GlossaryTerm >
<GlossaryTerm id="CDR0000335078"><TermName>malignant mixed Müllerian tumor</TermName><TermPronunciation>(muh-LIG-nunt mikst myoo-LAYR-ee-un TOO-mer)</TermPronunciation><TermDefinition><DefinitionText>A rare type of tumor that is a mixture of carcinoma and sarcoma cells. MMMT usually occurs in the uterus. Also called MMMT.</DefinitionText><Dictionary>Cancer.gov</Dictionary><Audience>Patient</Audience></TermDefinition><MediaLink ref="CDR0000711370" type="audio/mpeg" alt="Pronunciation of dictionary term &quot;malignant mixed Müllerian tumor&quot;" language="en" id="_3"/><MediaLink ref="CDR0000711371" type="audio/mpeg" alt="Pronunciation of dictionary term &quot;tumor de Müller mixto maligno&quot;" language="es" id="_4"/><SpanishTermName>tumor de Müller mixto maligno</SpanishTermName><SpanishTermDefinition><DefinitionText>Tipo de tumor poco común que es una mezcla de células de carcinoma y de sarcoma. Por lo general, el MMMT se presenta en el útero. También se llama MMMT.</DefinitionText><Dictionary>Cancer.gov</Dictionary><Audience>Patient</Audience></SpanishTermDefinition><DateFirstPublished>2003-09-24</DateFirstPublished><DateLastModified>2007-03-19</DateLastModified></GlossaryTerm>
