<?xml version="1.0" encoding="utf-8"?>
<!DOCTYPE GlossaryTerm >
<GlossaryTerm id="CDR0000306502"><TermName>hexyl 5-aminolevulinate</TermName><TermPronunciation>(HEK-sul 5-uh-MEE-noh-LEH-vyoo-LIH-nayt)</TermPronunciation><TermDefinition><DefinitionText>A substance that is used to find and kill tumor cells. It enters tumor cells and becomes activated when exposed to a special type of light. A chemical reaction causes the cells to produce fluorescent light and die.</DefinitionText><Dictionary>Cancer.gov</Dictionary><Audience>Patient</Audience></TermDefinition><MediaLink ref="CDR0000731605" type="audio/mpeg" alt="Pronunciation of dictionary term &quot;hexyl 5-aminolevulinate&quot;" language="en" id="_3"/><MediaLink ref="CDR0000731604" type="audio/mpeg" alt="Pronunciation of dictionary term &quot;5-aminolevulinato de hexilo&quot;" language="es" id="_4"/><SpanishTermName>5-aminolevulinato de hexilo</SpanishTermName><SpanishTermDefinition><DefinitionText>Sustancia que se usa para encontrar y destruir células tumorales. Se introduce en las células tumorales y se vuelve activa cuando se expone a un tipo especial de luz. Una reacción química hace que las células produzcan luz fluorescente y mueran.</DefinitionText><Dictionary>Cancer.gov</Dictionary><Audience>Patient</Audience></SpanishTermDefinition><DateFirstPublished>2003-05-23</DateFirstPublished></GlossaryTerm>
