<?xml version="1.0" encoding="utf-8"?>
<!DOCTYPE GlossaryTerm >
<GlossaryTerm id="CDR0000306521"><TermName>microgram</TermName><TermPronunciation>(MY-kroh-gram)</TermPronunciation><TermDefinition><DefinitionText>One millionth of a gram.</DefinitionText><Dictionary>Cancer.gov</Dictionary><Audience>Patient</Audience></TermDefinition><MediaLink ref="CDR0000731621" type="audio/mpeg" alt="Pronunciation of dictionary term &quot;microgram&quot;" language="en" id="_3"/><MediaLink ref="CDR0000731620" type="audio/mpeg" alt="Pronunciation of dictionary term &quot;microgramo&quot;" language="es" id="_4"/><SpanishTermName>microgramo</SpanishTermName><SpanishTermDefinition><DefinitionText>Un millonésimo de un gramo.</DefinitionText><Dictionary>Cancer.gov</Dictionary><Audience>Patient</Audience></SpanishTermDefinition><DateFirstPublished>2003-05-23</DateFirstPublished></GlossaryTerm>
