<?xml version="1.0" encoding="utf-8"?>
<!DOCTYPE GlossaryTerm >
<GlossaryTerm id="CDR0000306520"><TermName>SU011248</TermName><TermDefinition><DefinitionText>A drug used to treat certain types of pancreatic cancer. It is also used to treat gastrointestinal stromal tumors (GIST) in some patients and to treat advanced kidney cancer. It is being studied in the treatment of other types of cancer. SU011248 stops cancer cells from dividing and may prevent the growth of new blood vessels that tumors need to grow. It is a type of tyrosine kinase inhibitor and a type of angiogenesis inhibitor. Also called SU11248, sunitinib, sunitinib malate,  and Sutent.</DefinitionText><Dictionary>Cancer.gov</Dictionary><Audience>Patient</Audience></TermDefinition><SpanishTermName>SU011248</SpanishTermName><SpanishTermDefinition><DefinitionText>Medicamento que se usa para
tratar ciertos tipos de tumores de páncreas. También se usa para tratar tumores del estroma gastrointestinal (TEGI) en algunos pacientes y para tratar el cáncer avanzado de riñón. Está en estudio para el tratamiento de otros tipos de cáncer. SU011248 impide que las células cancerosas se multipliquen y podría prevenir la formación de  nuevos vasos sanguíneos que los tumores necesitan para crecer. Es un tipo de
inhibidor de la tirosina cinasa y un tipo
de inhibidor de la angiogénesis.  También se llama malato de sunitinib, SU11248, sunitinib,  y Sutent.</DefinitionText><Dictionary>Cancer.gov</Dictionary><Audience>Patient</Audience></SpanishTermDefinition><DateFirstPublished>2003-05-23</DateFirstPublished><DateLastModified>2011-06-13</DateLastModified><RelatedInformation><RelatedDrugSummaryRef href="CDR0000491976">Sunitinib Malate</RelatedDrugSummaryRef></RelatedInformation></GlossaryTerm>
