<?xml version="1.0" encoding="utf-8"?>
<!DOCTYPE GlossaryTerm >
<GlossaryTerm id="CDR0000330166"><TermName>duodenitis</TermName><TermPronunciation>(DOO-ah-deh-NY-tis)</TermPronunciation><TermDefinition><DefinitionText>Inflammation of the duodenum (the first part of the small intestine that connects to the stomach).</DefinitionText><Dictionary>Cancer.gov</Dictionary><Audience>Patient</Audience></TermDefinition><MediaLink ref="CDR0000731153" type="audio/mpeg" alt="Pronunciation of dictionary term &quot;duodenitis&quot;" language="en" id="_3"/><MediaLink ref="CDR0000731152" type="audio/mpeg" alt="Pronunciation of dictionary term &quot;duodenitis&quot;" language="es" id="_4"/><SpanishTermName>duodenitis</SpanishTermName><SpanishTermDefinition><DefinitionText>Inflamación del duodeno (la primera parte del intestino delgado que se conecta con el estómago).</DefinitionText><Dictionary>Cancer.gov</Dictionary><Audience>Patient</Audience></SpanishTermDefinition><DateFirstPublished>2003-08-24</DateFirstPublished></GlossaryTerm>
