<?xml version="1.0" encoding="utf-8"?>
<!DOCTYPE GlossaryTerm >
<GlossaryTerm id="CDR0000306523"><TermName>doubling time</TermName><TermPronunciation>(DUH-bling...)</TermPronunciation><TermDefinition><DefinitionText>In biology, the amount of time it takes for one cell to divide or for a group of cells (such as a tumor) to double in size. The doubling time is different for different kinds of cancer cells or tumors.</DefinitionText><Dictionary>Cancer.gov</Dictionary><Audience>Patient</Audience></TermDefinition><MediaLink ref="CDR0000711520" type="audio/mpeg" alt="Pronunciation of dictionary term &quot;doubling time&quot;" language="en" id="_3"/><MediaLink ref="CDR0000711519" type="audio/mpeg" alt="Pronunciation of dictionary term &quot;tiempo de duplicación&quot;" language="es" id="_4"/><SpanishTermName>tiempo de duplicación</SpanishTermName><SpanishTermDefinition><DefinitionText>En biología, es la cantidad de tiempo que toma una célula para multiplicarse o para que un grupo de células (por ejemplo, un tumor) se duplique en tamaño. El tiempo de duplicación es diferente para las diversas clases de células cancerosas o tumores.</DefinitionText><Dictionary>Cancer.gov</Dictionary><Audience>Patient</Audience></SpanishTermDefinition><DateFirstPublished>2003-05-23</DateFirstPublished><DateLastModified>2005-05-19</DateLastModified></GlossaryTerm>
