<?xml version="1.0" encoding="utf-8"?>
<!DOCTYPE GlossaryTerm >
<GlossaryTerm id="CDR0000330170"><TermName>rhubarb</TermName><TermPronunciation>(ROO-barb)</TermPronunciation><TermDefinition><DefinitionText>The root of this plant has been used in some cultures to treat certain medical problems. It may have anti-inflammatory and anticancer effects. The scientific name is <ScientificName>Rheum palmatum</ScientificName> or <ScientificName>Rheum officinale</ScientificName>. Also called Chinese rhubarb, da-huang, Indian rhubarb,  and Turkish rhubarb.</DefinitionText><Dictionary>Cancer.gov</Dictionary><Audience>Patient</Audience></TermDefinition><MediaLink ref="CDR0000711645" type="audio/mpeg" alt="Pronunciation of dictionary term &quot;rhubarb&quot;" language="en" id="_3"/><MediaLink ref="CDR0000711644" type="audio/mpeg" alt="Pronunciation of dictionary term &quot;ruibarbo&quot;" language="es" id="_4"/><SpanishTermName>ruibarbo</SpanishTermName><SpanishTermDefinition><DefinitionText>La raíz de esta planta se ha usado en algunas culturas para tratar ciertos problemas médicos. Puede tener efectos antiinflamatorios y anticancerosos. El nombre científico es <ScientificName>Rheum palmatum</ScientificName> o <ScientificName>Rheum officinale</ScientificName>. También se llama da-huang, ruibarbo chino, ruibarbo de la India,  y ruibarbo turco.</DefinitionText><Dictionary>Cancer.gov</Dictionary><Audience>Patient</Audience></SpanishTermDefinition><DateFirstPublished>2003-08-24</DateFirstPublished><DateLastModified>2008-01-10</DateLastModified></GlossaryTerm>
