<?xml version="1.0" encoding="utf-8"?>
<!DOCTYPE GlossaryTerm >
<GlossaryTerm id="CDR0000335070"><TermName>lymphangiosarcoma</TermName><TermPronunciation>(lim-FAN-jee-oh-sar-KOH-muh)</TermPronunciation><TermDefinition><DefinitionText>A type of cancer that begins in the cells that line lymph vessels.</DefinitionText><Dictionary>Cancer.gov</Dictionary><Audience>Patient</Audience></TermDefinition><MediaLink ref="CDR0000711360" type="audio/mpeg" alt="Pronunciation of dictionary term &quot;lymphangiosarcoma&quot;" language="en" id="_3"/><MediaLink ref="CDR0000711361" type="audio/mpeg" alt="Pronunciation of dictionary term &quot;linfangiosarcoma&quot;" language="es" id="_4"/><SpanishTermName>linfangiosarcoma</SpanishTermName><SpanishTermDefinition><DefinitionText>Tipo de cáncer que empieza en las células que recubren los vasos linfáticos.</DefinitionText><Dictionary>Cancer.gov</Dictionary><Audience>Patient</Audience></SpanishTermDefinition><DateFirstPublished>2003-09-24</DateFirstPublished></GlossaryTerm>
