<?xml version="1.0" encoding="utf-8"?>
<!DOCTYPE GlossaryTerm >
<GlossaryTerm id="CDR0000306496"><TermName>diarrhea</TermName><TermPronunciation>(dy-uh-REE-uh)</TermPronunciation><TermDefinition><DefinitionText>Frequent and watery bowel movements.</DefinitionText><Dictionary>Cancer.gov</Dictionary><Audience>Patient</Audience></TermDefinition><MediaLink ref="CDR0000731598" type="audio/mpeg" alt="Pronunciation of dictionary term &quot;diarrhea&quot;" language="en" id="_3"/><MediaLink ref="CDR0000731599" type="audio/mpeg" alt="Pronunciation of dictionary term &quot;diarrea&quot;" language="es" id="_4"/><SpanishTermName>diarrea</SpanishTermName><SpanishTermDefinition><DefinitionText>Evacuaciones intestinales frecuentes y acuosas.</DefinitionText><Dictionary>Cancer.gov</Dictionary><Audience>Patient</Audience></SpanishTermDefinition><DateFirstPublished>2003-05-23</DateFirstPublished><RelatedInformation><RelatedExternalRef UseWith="en" xref="http://www.cancer.gov/publications/patient-education/radiation-side-effect-diarrhea.pdf">Managing Radiation Therapy Side Effects: What To Do When You Have Loose Stools (Diarrhea)</RelatedExternalRef><RelatedExternalRef UseWith="es" xref="http://www.cancer.gov/espanol/publicaciones/educacion-para-pacientes/diarrea.pdf">Información para pacientes que reciben radioterapia: Consejos para cuando tenga diarrea</RelatedExternalRef><RelatedExternalRef UseWith="en" xref="http://www.cancer.gov/publications/patient-education/diarrhea.pdf">Managing Chemotherapy Side Effects: Diarrhea</RelatedExternalRef><RelatedExternalRef UseWith="es" xref="http://www.cancer.gov/espanol/publicaciones/educacion-para-pacientes/sp-chemosheets-tiene-diarrea.pdf">Consejos para los efectos de la quimioterapia: Si tiene diarrea</RelatedExternalRef></RelatedInformation></GlossaryTerm>
