<?xml version="1.0" encoding="utf-8"?>
<!DOCTYPE GlossaryTerm >
<GlossaryTerm id="CDR0000335083"><TermName>trigeminal nerve</TermName><TermPronunciation>(try-JEH-mih-nul nerv)</TermPronunciation><TermDefinition><DefinitionText>The main sensory nerve of the head and face, and the motor nerve of the muscles used in chewing. Also called fifth cranial nerve.</DefinitionText><Dictionary>Cancer.gov</Dictionary><Audience>Patient</Audience></TermDefinition><MediaLink ref="CDR0000731544" type="audio/mpeg" alt="Pronunciation of dictionary term &quot;trigeminal nerve&quot;" language="en" id="_3"/><MediaLink ref="CDR0000731545" type="audio/mpeg" alt="Pronunciation of dictionary term &quot;nervio trigémino&quot;" language="es" id="_4"/><SpanishTermName>nervio trigémino</SpanishTermName><SpanishTermDefinition><DefinitionText>Nervio sensorial principal de la cabeza y el rostro, y nervio motor de los músculos usados para masticar. También se llama quinto par craneal.</DefinitionText><Dictionary>Cancer.gov</Dictionary><Audience>Patient</Audience></SpanishTermDefinition><DateFirstPublished>2003-09-24</DateFirstPublished></GlossaryTerm>
