<?xml version="1.0" encoding="utf-8"?>
<!DOCTYPE GlossaryTerm >
<GlossaryTerm id="CDR0000330187"><TermName>cardin</TermName><TermPronunciation>(KAR-din)</TermPronunciation><TermDefinition><DefinitionText>A plant whose leaves, stems, and flowers have been used in some cultures to treat certain medical problems. Cardin may have anti-inflammatory and anticancer effects. The scientific name is <ScientificName>Cnicus benedictus</ScientificName>. Also called blessed thistle, holy thistle, spotted thistle,  and St. Benedict's thistle.</DefinitionText><Dictionary>Cancer.gov</Dictionary><Audience>Patient</Audience></TermDefinition><MediaLink ref="CDR0000711665" type="audio/mpeg" alt="Pronunciation of dictionary term &quot;cardin&quot;" language="en" id="_3"/><MediaLink ref="CDR0000711664" type="audio/mpeg" alt="Pronunciation of dictionary term &quot;cardín&quot;" language="es" id="_4"/><SpanishTermName>cardín</SpanishTermName><SpanishTermDefinition><DefinitionText>Planta cuyas hojas, tallos y flores se han usado en algunas culturas para tratar ciertos problemas médicos. La cardín podría tener efectos antiinflamatorios y anticancerosos. El nombre científico es <ScientificName>Cnicus benedictus</ScientificName>. También se llama cardo bendito, cardo de San Benito, cardo manchado,  y cardo santo.</DefinitionText><Dictionary>Cancer.gov</Dictionary><Audience>Patient</Audience></SpanishTermDefinition><DateFirstPublished>2003-08-24</DateFirstPublished><DateLastModified>2007-11-08</DateLastModified></GlossaryTerm>
