<?xml version="1.0" encoding="utf-8"?>
<!DOCTYPE GlossaryTerm >
<GlossaryTerm id="CDR0000322138"><TermName>interleukin-7</TermName><TermPronunciation>(in-ter-LOO-kin...)</TermPronunciation><TermDefinition><DefinitionText>One of a group of related proteins made by leukocytes (white blood cells) and other cells in the body. Interleukin-7 is made by cells that cover and support organs, glands, and other structures in the body. It causes the growth of T lymphocytes and B lymphocytes. Interleukin-7 made in the laboratory is used as a biological response modifier to boost the immune system in cancer therapy. Interleukin-7 is a type of cytokine.  Also called IL-7 and lymphopoietin-1.</DefinitionText><Dictionary>Cancer.gov</Dictionary><Audience>Patient</Audience></TermDefinition><MediaLink ref="CDR0000711209" type="audio/mpeg" alt="Pronunciation of dictionary term &quot;interleukin-7&quot;" language="en" id="_3"/><MediaLink ref="CDR0000711208" type="audio/mpeg" alt="Pronunciation of dictionary term &quot;interleucina-7&quot;" language="es" id="_4"/><SpanishTermName>interleucina-7</SpanishTermName><SpanishTermDefinition><DefinitionText>Proteína que es parte de un grupo elaboradas por los leucocitos (glóbulos blancos) y otras células del cuerpo. La interlucina-7 es elaborada por las células que cubren y sostienen los órganos, las glándulas y otras estructuras en el cuerpo. Causa el crecimiento de las células T y las células B. La interlucina-7 que se produce en el laboratorio se usa en el tratamiento del cáncer como un modificador de la respuesta biológica para estimular el sistema inmunitario. Es un tipo de citocina. Es un tipo de citocina. También se llama IL-7 y linfopoyetina-1.</DefinitionText><Dictionary>Cancer.gov</Dictionary><Audience>Patient</Audience></SpanishTermDefinition><DateFirstPublished>2003-07-26</DateFirstPublished><DateLastModified>2010-07-19</DateLastModified></GlossaryTerm>
