<?xml version="1.0" encoding="utf-8"?>
<!DOCTYPE GlossaryTerm >
<GlossaryTerm id="CDR0000335131"><TermName>Level of evidence 1iiDiii</TermName><TermDefinition><DefinitionText>Randomized, controlled, nonblinded clinical trial with progression-free survival as an endpoint. See <SummaryRef href="CDR0000062796" url="/publications/pdq/levels-evidence/treatment">Levels of Evidence for Adult and Pediatric Cancer Treatment Studies (PDQ®)</SummaryRef> for more information.</DefinitionText><Audience>Health professional</Audience></TermDefinition><SpanishTermName>Grado de comprobación científica 1iiDiii</SpanishTermName><SpanishTermDefinition><DefinitionText>Ensayo clínico aleatorizado, controlado, no ciego, con supervivencia sin evolución como criterio de valoración. Para mayor información, consultar <SummaryRef href="CDR0000257273" url="/espanol/publicaciones/pdq/grados-comprobacion/tratamiento">Grados de comprobación científica de los estudios sobre el tratamiento del cáncer en adultos y niños (PDQ®)</SummaryRef>.</DefinitionText><Audience>Health professional</Audience></SpanishTermDefinition><DateFirstPublished>2003-09-24</DateFirstPublished></GlossaryTerm>
