<?xml version="1.0" encoding="utf-8"?>
<!DOCTYPE GlossaryTerm >
<GlossaryTerm id="CDR0000306494"><TermName>chemoradiotherapy</TermName><TermPronunciation>(KEE-moh-RAY-dee-oh-THAYR-uh-pee)</TermPronunciation><TermDefinition><DefinitionText>Treatment that combines chemotherapy with radiation therapy. Also called chemoradiation.</DefinitionText><Dictionary>Cancer.gov</Dictionary><Audience>Patient</Audience></TermDefinition><MediaLink ref="CDR0000710168" type="audio/mpeg" alt="Pronunciation of dictionary term &quot;chemoradiotherapy&quot;" language="en" id="_3"/><MediaLink ref="CDR0000710167" type="audio/mpeg" alt="Pronunciation of dictionary term &quot;quimiorradioterapia&quot;" language="es" id="_4"/><SpanishTermName>quimiorradioterapia</SpanishTermName><SpanishTermDefinition><DefinitionText>Tratamiento que combina la quimioterapia con la radioterapia. También se llama quimiorradiación.</DefinitionText><Dictionary>Cancer.gov</Dictionary><Audience>Patient</Audience></SpanishTermDefinition><DateFirstPublished>2003-05-23</DateFirstPublished><DateLastModified>2006-09-28</DateLastModified></GlossaryTerm>
