<?xml version="1.0" encoding="utf-8"?>
<!DOCTYPE GlossaryTerm >
<GlossaryTerm id="CDR0000305991"><TermName>Gonzalez regimen</TermName><TermPronunciation>(gun-ZAH-les REH-jih-men)</TermPronunciation><TermDefinition><DefinitionText>An alternative therapy that is being studied as a treatment for pancreatic cancer. It includes a special diet, nutritional supplements, pancreatic enzymes, and coffee enemas.</DefinitionText><Dictionary>Cancer.gov</Dictionary><Audience>Patient</Audience></TermDefinition><MediaLink ref="CDR0000731275" type="audio/mpeg" alt="Pronunciation of dictionary term &quot;Gonzalez regimen&quot;" language="en" id="_3"/><MediaLink ref="CDR0000731274" type="audio/mpeg" alt="Pronunciation of dictionary term &quot;régimen de González&quot;" language="es" id="_4"/><SpanishTermName>régimen de González</SpanishTermName><SpanishTermDefinition><DefinitionText>Terapia alternativa en estudio como tratamiento del cáncer de páncreas. Comprende un régimen alimentario especial, suplementos nutricionales, enzimas pancreáticas y enemas de café.</DefinitionText><Dictionary>Cancer.gov</Dictionary><Audience>Patient</Audience></SpanishTermDefinition><DateFirstPublished>2003-05-23</DateFirstPublished><RelatedInformation><RelatedSummaryRef UseWith="en" href="CDR0000453795">Gonzalez Regimen</RelatedSummaryRef></RelatedInformation></GlossaryTerm>
