<?xml version="1.0" encoding="utf-8"?>
<!DOCTYPE GlossaryTerm >
<GlossaryTerm id="CDR0000330112"><TermName>stage IV childhood non-Hodgkin lymphoma</TermName><TermPronunciation>(... non-HOJ-kin lim-FOH-muh)</TermPronunciation><TermDefinition><DefinitionText>Cancer is found in the bone marrow, brain, or cerebrospinal fluid. Cancer may also be found in other parts of the body.</DefinitionText><Dictionary>Cancer.gov</Dictionary><Audience>Patient</Audience></TermDefinition><MediaLink ref="CDR0000711580" type="audio/mpeg" alt="Pronunciation of dictionary term &quot;stage IV childhood non-Hodgkin lymphoma&quot;" language="en" id="_3"/><MediaLink ref="CDR0000711581" type="audio/mpeg" alt="Pronunciation of dictionary term &quot;linfoma no Hodgkin infantil en estadio IV&quot;" language="es" id="_4"/><MediaLink ref="CDR0000614642" type="image/jpeg" alt="Stage IV childhood non-Hodgkin lymphoma; drawing shows the brain, spinal cord, and cerebrospinal fluid in and around the brain and spinal cord. An inset shows cancer in the bone marrow." language="en" audience="Patients" thumb="Yes" id="_3"><Caption language="en">Stage IV childhood non-Hodgkin lymphoma. Cancer is found in the bone marrow, brain, or cerebrospinal fluid (CSF). Cancer may also be found in other parts of the body.</Caption></MediaLink><MediaLink ref="CDR0000650480" type="image/jpeg" alt="Linfoma no Hodgkin infantil en estadio IV; la imagen muestra el cerebro, la médula espinal y el líquido cefalorraquídeo en el cerebro y la médula espinal y alrededor de estos. En el recuadro se observa el cáncer en la médula ósea." language="es" audience="Patients" thumb="Yes" id="_4"><Caption language="es">Linfoma no Hodgkin infantil en estadio IV. El cáncer se encuentra en la médula ósea, el cerebro o el líquido cefalorraquídeo (LCR). El cáncer también se puede encontrar en otras partes del cuerpo.</Caption></MediaLink><SpanishTermName>linfoma no Hodgkin infantil en estadio IV</SpanishTermName><SpanishTermDefinition><DefinitionText>En el estadio IV, el cáncer se encuentra en la médula ósea, el cerebro o el líquido cefalorraquídeo. También se puede encontrar cáncer en otras partes del cuerpo.

</DefinitionText><Dictionary>Cancer.gov</Dictionary><Audience>Patient</Audience></SpanishTermDefinition><DateFirstPublished>2003-08-24</DateFirstPublished><DateLastModified>2009-08-06</DateLastModified></GlossaryTerm>
