<?xml version="1.0" encoding="utf-8"?>
<!DOCTYPE GlossaryTerm >
<GlossaryTerm id="CDR0000318815"><TermName>histone deacetylase</TermName><TermPronunciation>(HIS-tone dee-uh-SEH-tih-lays)</TermPronunciation><TermDefinition><DefinitionText>An enzyme that
          removes a small molecule called an acetyl group from
          histones (proteins found in chromosomes). This changes the
          way the histones bind to DNA and may affect its activity.
          Histone deacetylase
          inhibitors are being studied in the treatment of
          cancer. Also called HDAC.</DefinitionText><Dictionary>Cancer.gov</Dictionary><Audience>Patient</Audience></TermDefinition><MediaLink ref="CDR0000711527" type="audio/mpeg" alt="Pronunciation of dictionary term &quot;histone deacetylase&quot;" language="en" id="_3"/><MediaLink ref="CDR0000711528" type="audio/mpeg" alt="Pronunciation of dictionary term &quot;histona deacetilasa&quot;" language="es" id="_4"/><SpanishTermName>histona deacetilasa</SpanishTermName><SpanishTermDefinition><DefinitionText>Enzima que extrae de las histonas (proteínas que se encuentran en los cromosomas) una pequeña molécula que se llama grupo acetilo. Esto cambia el modo en que las histonas se unen al ADN y puede afectar su actividad. Los inhibidores de la  histona deacetilasa están en estudio para el tratamiento de cáncer. También se llama HDAC.</DefinitionText><Dictionary>Cancer.gov</Dictionary><Audience>Patient</Audience></SpanishTermDefinition><DateFirstPublished>2003-07-26</DateFirstPublished><DateLastModified>2009-12-07</DateLastModified></GlossaryTerm>
